<?xml version="1.0" encoding="utf-8"?>
<COLLADA xmlns="http://www.collada.org/2005/11/COLLADASchema" version="1.4.1" xmlns:xsi="http://www.w3.org/2001/XMLSchema-instance">
  <asset>
    <contributor>
      <author>Blender User</author>
      <authoring_tool>Blender 2.79.0 commit date:2017-09-11, commit time:10:43, hash:5bd8ac9</authoring_tool>
    </contributor>
    <created>2017-10-03T17:13:08</created>
    <modified>2017-10-03T17:13:08</modified>
    <unit name="meter" meter="1"/>
    <up_axis>Z_UP</up_axis>
  </asset>
  <library_cameras>
    <camera id="Camera-camera" name="Camera">
      <optics>
        <technique_common>
          <perspective>
            <xfov sid="xfov">49.13434</xfov>
            <aspect_ratio>1.777778</aspect_ratio>
            <znear sid="znear">0.1</znear>
            <zfar sid="zfar">100</zfar>
          </perspective>
        </technique_common>
      </optics>
      <extra>
        <technique profile="blender">
          <shiftx sid="shiftx" type="float">0</shiftx>
          <shifty sid="shifty" type="float">0</shifty>
          <YF_dofdist sid="YF_dofdist" type="float">0</YF_dofdist>
        </technique>
      </extra>
    </camera>
  </library_cameras>
  <library_images/>
  <library_effects>
    <effect id="Red-effect">
      <profile_COMMON>
        <technique sid="common">
          <phong>
            <emission>
              <color sid="emission">0 0 0 1</color>
            </emission>
            <ambient>
              <color sid="ambient">0 0 0 1</color>
            </ambient>
            <diffuse>
              <color sid="diffuse">0.64 0.64 0.64 1</color>
            </diffuse>
            <specular>
              <color sid="specular">0.5 0.5 0.5 1</color>
            </specular>
            <shininess>
              <float sid="shininess">50</float>
            </shininess>
            <index_of_refraction>
              <float sid="index_of_refraction">1</float>
            </index_of_refraction>
          </phong>
        </technique>
      </profile_COMMON>
    </effect>
    <effect id="Black-effect">
      <profile_COMMON>
        <technique sid="common">
          <phong>
            <emission>
              <color sid="emission">0 0 0 1</color>
            </emission>
            <ambient>
              <color sid="ambient">0 0 0 1</color>
            </ambient>
            <diffuse>
              <color sid="diffuse">0.64 0.64 0.64 1</color>
            </diffuse>
            <specular>
              <color sid="specular">0.5 0.5 0.5 1</color>
            </specular>
            <shininess>
              <float sid="shininess">50</float>
            </shininess>
            <index_of_refraction>
              <float sid="index_of_refraction">1</float>
            </index_of_refraction>
          </phong>
        </technique>
      </profile_COMMON>
    </effect>
    <effect id="Grey-effect">
      <profile_COMMON>
        <technique sid="common">
          <phong>
            <emission>
              <color sid="emission">0 0 0 1</color>
            </emission>
            <ambient>
              <color sid="ambient">0 0 0 1</color>
            </ambient>
            <diffuse>
              <color sid="diffuse">0.64 0.64 0.64 1</color>
            </diffuse>
            <specular>
              <color sid="specular">0.5 0.5 0.5 1</color>
            </specular>
            <shininess>
              <float sid="shininess">50</float>
            </shininess>
            <index_of_refraction>
              <float sid="index_of_refraction">1</float>
            </index_of_refraction>
          </phong>
        </technique>
      </profile_COMMON>
    </effect>
    <effect id="Light_grey-effect">
      <profile_COMMON>
        <technique sid="common">
          <phong>
            <emission>
              <color sid="emission">0 0 0 1</color>
            </emission>
            <ambient>
              <color sid="ambient">0 0 0 1</color>
            </ambient>
            <diffuse>
              <color sid="diffuse">0.64 0.64 0.64 1</color>
            </diffuse>
            <specular>
              <color sid="specular">0.5 0.5 0.5 1</color>
            </specular>
            <shininess>
              <float sid="shininess">50</float>
            </shininess>
            <index_of_refraction>
              <float sid="index_of_refraction">1</float>
            </index_of_refraction>
          </phong>
        </technique>
      </profile_COMMON>
    </effect>
    <effect id="Reifen-effect">
      <profile_COMMON>
        <technique sid="common">
          <phong>
            <emission>
              <color sid="emission">0 0 0 1</color>
            </emission>
            <ambient>
              <color sid="ambient">0 0 0 1</color>
            </ambient>
            <diffuse>
              <color sid="diffuse">0.64 0.64 0.64 1</color>
            </diffuse>
            <specular>
              <color sid="specular">0.5 0.5 0.5 1</color>
            </specular>
            <shininess>
              <float sid="shininess">50</float>
            </shininess>
            <index_of_refraction>
              <float sid="index_of_refraction">1</float>
            </index_of_refraction>
          </phong>
        </technique>
      </profile_COMMON>
    </effect>
    <effect id="Felge-effect">
      <profile_COMMON>
        <technique sid="common">
          <phong>
            <emission>
              <color sid="emission">0 0 0 1</color>
            </emission>
            <ambient>
              <color sid="ambient">0 0 0 1</color>
            </ambient>
            <diffuse>
              <color sid="diffuse">0.64 0.64 0.64 1</color>
            </diffuse>
            <specular>
              <color sid="specular">0.5 0.5 0.5 1</color>
            </specular>
            <shininess>
              <float sid="shininess">50</float>
            </shininess>
            <index_of_refraction>
              <float sid="index_of_refraction">1</float>
            </index_of_refraction>
          </phong>
        </technique>
      </profile_COMMON>
    </effect>
    <effect id="Lampe_Vorne-effect">
      <profile_COMMON>
        <technique sid="common">
          <phong>
            <emission>
              <color sid="emission">0 0 0 1</color>
            </emission>
            <ambient>
              <color sid="ambient">0 0 0 1</color>
            </ambient>
            <diffuse>
              <color sid="diffuse">0.64 0.64 0.64 1</color>
            </diffuse>
            <specular>
              <color sid="specular">0.5 0.5 0.5 1</color>
            </specular>
            <shininess>
              <float sid="shininess">50</float>
            </shininess>
            <index_of_refraction>
              <float sid="index_of_refraction">1</float>
            </index_of_refraction>
          </phong>
        </technique>
      </profile_COMMON>
    </effect>
    <effect id="window-effect">
      <profile_COMMON>
        <technique sid="common">
          <phong>
            <emission>
              <color sid="emission">0 0 0 1</color>
            </emission>
            <ambient>
              <color sid="ambient">0 0 0 1</color>
            </ambient>
            <diffuse>
              <color sid="diffuse">0.64 0.64 0.64 1</color>
            </diffuse>
            <specular>
              <color sid="specular">0.5 0.5 0.5 1</color>
            </specular>
            <shininess>
              <float sid="shininess">50</float>
            </shininess>
            <index_of_refraction>
              <float sid="index_of_refraction">1</float>
            </index_of_refraction>
          </phong>
        </technique>
      </profile_COMMON>
    </effect>
    <effect id="Lampe_Hinten-effect">
      <profile_COMMON>
        <technique sid="common">
          <phong>
            <emission>
              <color sid="emission">0 0 0 1</color>
            </emission>
            <ambient>
              <color sid="ambient">0 0 0 1</color>
            </ambient>
            <diffuse>
              <color sid="diffuse">0.64 0.64 0.64 1</color>
            </diffuse>
            <specular>
              <color sid="specular">0.5 0.5 0.5 1</color>
            </specular>
            <shininess>
              <float sid="shininess">50</float>
            </shininess>
            <index_of_refraction>
              <float sid="index_of_refraction">1</float>
            </index_of_refraction>
          </phong>
        </technique>
      </profile_COMMON>
    </effect>
    <effect id="Emission_Sky-effect">
      <profile_COMMON>
        <technique sid="common">
          <phong>
            <emission>
              <color sid="emission">0 0 0 1</color>
            </emission>
            <ambient>
              <color sid="ambient">0 0 0 1</color>
            </ambient>
            <diffuse>
              <color sid="diffuse">0.64 0.64 0.64 1</color>
            </diffuse>
            <specular>
              <color sid="specular">0.5 0.5 0.5 1</color>
            </specular>
            <shininess>
              <float sid="shininess">50</float>
            </shininess>
            <index_of_refraction>
              <float sid="index_of_refraction">1</float>
            </index_of_refraction>
          </phong>
        </technique>
      </profile_COMMON>
    </effect>
    <effect id="Hintergrund-effect">
      <profile_COMMON>
        <technique sid="common">
          <phong>
            <emission>
              <color sid="emission">0 0 0 1</color>
            </emission>
            <ambient>
              <color sid="ambient">0 0 0 1</color>
            </ambient>
            <diffuse>
              <color sid="diffuse">0.64 0.64 0.64 1</color>
            </diffuse>
            <specular>
              <color sid="specular">0.5 0.5 0.5 1</color>
            </specular>
            <shininess>
              <float sid="shininess">50</float>
            </shininess>
            <index_of_refraction>
              <float sid="index_of_refraction">1</float>
            </index_of_refraction>
          </phong>
        </technique>
      </profile_COMMON>
    </effect>
  </library_effects>
  <library_materials>
    <material id="Red-material" name="Red">
      <instance_effect url="#Red-effect"/>
    </material>
    <material id="Black-material" name="Black">
      <instance_effect url="#Black-effect"/>
    </material>
    <material id="Grey-material" name="Grey">
      <instance_effect url="#Grey-effect"/>
    </material>
    <material id="Light_grey-material" name="Light_grey">
      <instance_effect url="#Light_grey-effect"/>
    </material>
    <material id="Reifen-material" name="Reifen">
      <instance_effect url="#Reifen-effect"/>
    </material>
    <material id="Felge-material" name="Felge">
      <instance_effect url="#Felge-effect"/>
    </material>
    <material id="Lampe_Vorne-material" name="Lampe_Vorne">
      <instance_effect url="#Lampe_Vorne-effect"/>
    </material>
    <material id="window-material" name="window">
      <instance_effect url="#window-effect"/>
    </material>
    <material id="Lampe_Hinten-material" name="Lampe_Hinten">
      <instance_effect url="#Lampe_Hinten-effect"/>
    </material>
    <material id="Emission_Sky-material" name="Emission_Sky">
      <instance_effect url="#Emission_Sky-effect"/>
    </material>
    <material id="Hintergrund-material" name="Hintergrund">
      <instance_effect url="#Hintergrund-effect"/>
    </material>
  </library_materials>
  <library_geometries>
    <geometry id="Plane-mesh" name="Plane">
      <mesh>
        <source id="Plane-mesh-positions">
          <float_array id="Plane-mesh-positions-array" count="8088">-1 0.9659399 -0.005637764 0.8828265 0.9659399 -0.04273444 -0.9432654 0.3333333 0.03236877 -0.9432654 -0.3333333 0.03236877 1 -0.3333333 0.03236877 1 0.3333333 0.03236877 0.8767388 1 -0.09163206 0.9939123 -0.3333333 -0.02216655 0.9939123 0.3333333 -0.02216655 -0.9947832 1 -0.09163206 0.9414133 0.9220938 -0.03326147 -1 0.9220938 0 0.9353255 0.9220938 -0.08779686 0.8229052 0.9659399 -0.04155385 0.9363496 -0.3333333 0.03236877 0.9363496 0.3333333 0.03236877 0.8171772 1 -0.09163206 0.9032246 0.3333333 -0.05453538 0.8796275 0.9220938 -0.03220295 0.9032246 -0.3333333 -0.05453538 0.8163019 1.007415 -0.2835876 0.8748886 0.9220938 -0.2797524 0.8617785 0.3333333 -0.2523344 0.8617785 -0.3333333 -0.2523344 0.9061228 0.9005855 -0.07860249 0.8456859 0.9005855 -0.2705579 0.9036283 0.3154946 -0.06392908 0.9036283 -0.3154946 -0.06392908 0.8621822 0.3154946 -0.2617281 0.8621822 -0.3154946 -0.2617281 0.6991758 0.9316416 -0.5386127 0.8748886 0.9220938 -0.2888465 0.8617785 0.3333333 -0.2614285 0.8617785 -0.3333333 -0.2614285 0.8456859 0.9005855 -0.2796521 0.8851585 0.3154946 -0.2708222 0.8851585 -0.3154946 -0.2708222 0.8163019 1 -0.3550966 0.8596652 0.9220938 -0.3512614 0.8607717 0.3333333 -0.3238434 0.8607717 -0.3333333 -0.3238434 0.8863797 0.9005855 -0.3420671 0.705988 0.9237794 -0.5425018 0.7722877 0.8518111 -0.5386666 0.7921584 0.3079251 -0.5112486 0.7921584 -0.3079292 -0.5112486 0.7760658 0.8319422 -0.5294722 -0.9432654 0.3333333 0.05872082 -0.9432654 -0.3333333 0.05872082 0.9616227 -0.3333333 0.05872082 0.9616227 0.3333333 0.05872082 0.9363496 -0.3333333 0.05872082 0.9363496 0.3333333 0.05872082 -0.9947832 1.007415 -0.2966136 0.7306706 1.007415 -0.2966136 0.8592199 -0.3206312 -0.417546 0.8487313 0.8869524 -0.4449641 0.8639776 0.8662639 -0.4357696 0.8592199 0.3206292 -0.417546 0.7938998 0.9618897 -0.4487993 0.887007 0.9220938 -0.3512614 0.8436437 1 -0.3550966 0.9137215 0.9005855 -0.3420671 0.8881135 0.3333333 -0.3238434 0.8881135 -0.3333333 -0.3238434 0.8865618 -0.3206312 -0.417546 0.8871758 0.8718865 -0.4382684 0.8760731 0.8869524 -0.4449641 0.8865618 0.3206292 -0.417546 0.8212417 0.9618897 -0.4487993 0.4743292 0.9659399 -0.03468596 0.5660807 -0.3333333 0.05872082 0.5660807 -0.3333333 0.03236877 0.5660807 0.3333333 0.03236877 0.5202051 0.9220938 -0.02604508 0.470694 1 -0.09163206 0.5660807 0.3333333 0.05872082 0.3398262 1.007415 -0.2937635 -0.1456344 0.9659399 -0.02247107 -0.0924648 -0.3333333 0.05872082 -0.0924648 -0.3333333 0.03236877 -0.0924648 0.3333333 0.03236877 -0.1190494 0.9220938 -0.01509296 -0.0924648 0.3333333 0.05872082 -0.1455472 1 -0.09163206 -0.1249573 1.007415 -0.2937635 0.05986648 1 -0.09163206 0.2652803 1 -0.09163206 0.005470752 1.007415 -0.207538 0.209398 1.007415 -0.207538 0.2676746 0.9659399 -0.03061431 0.06102013 0.9659399 -0.02654266 0.3465655 -0.3333333 0.05872082 0.1270503 -0.3333333 0.05872082 0.3465655 -0.3333333 0.03236877 0.1270503 -0.3333333 0.03236877 0.3465655 0.3333333 0.03236877 0.1270503 0.3333333 0.03236877 0.3071202 0.9220938 -0.02239435 0.09403532 0.9220938 -0.01874369 0.3465655 0.3333333 0.05872082 0.1270503 0.3333333 0.05872082 0.6991758 1.007415 -0.4098709 0.3804909 1.007415 -0.4118383 0.3804909 0.9403488 -0.5460563 -0.9947832 1.007415 -0.4078873 -0.1769506 1.007415 -0.4097703 -0.9947832 0.9405454 -0.5315338 -0.1769506 0.9405454 -0.5386763 0.3302289 0.7848785 -0.2966136 -0.1155911 0.7848785 -0.2966136 0.009515404 0.7848785 -0.2139062 0.2051222 0.7848785 -0.2139062 0.3692345 0.7848785 -0.4098709 0.3692345 0.7178127 -0.5386127 -0.165463 0.7848785 -0.4078873 -0.165463 0.7180094 -0.5315338 -0.165463 0.9925912 -0.4078873 -0.165463 0.925722 -0.5315338 0.3692345 0.9255253 -0.5386127 0.3692345 0.9925912 -0.4098709 0.2051222 0.9925912 -0.2139062 0.009515404 0.9925912 -0.2139062 0.3302289 0.9925912 -0.2966136 -0.1155911 0.9925912 -0.2966136 -1.487891 0.7951288 0.5048112 -1.487891 0.7512827 0.5104489 -1.59363 0.7655949 0.5366439 -1.59363 0.7217488 0.5422816 -1.43645 0.1478648 0.5104489 -1.542188 0.1420521 0.5422816 -1.443732 0.1471414 0.4861916 -1.495174 0.7505593 0.4861916 -1.549471 0.1413286 0.5180243 -1.600913 0.7210254 0.5180243 -1.034599 0.9659399 -0.005637764 -1.52249 0.7951288 0.5048112 -1.028929 0.9220938 -4.36407e-4 -1.487891 0.7512827 0.4798854 -0.9858373 0.3333333 0.03236877 -0.9858373 -0.3333333 0.03236877 -0.9858373 0.3333333 0.05872082 -0.9858373 -0.3333333 0.05872082 -1.033218 1 -0.09163206 -1.033218 1.007415 -0.2966136 -1.033218 1.007415 -0.4078873 -1.033218 0.9405454 -0.5315338 -1.034599 0.9513228 -0.005637764 -1.52249 0.7805117 0.5048112 -1.033218 0.9853829 -0.09163206 -1.033218 0.9927975 -0.2966136 -1.033218 0.9927975 -0.4078873 -1.033218 0.9259284 -0.5315338 -1.048453 0.9513228 -0.005637764 -1.536344 0.7805117 0.5048112 -1.047072 0.9853829 -0.09163206 -1.047072 0.9927975 -0.2966136 -1.047072 0.9927975 -0.4078873 -1.047072 0.9259284 -0.5315338 -1.048453 0.9658493 -0.005637764 -1.536344 0.7950383 0.5048112 -1.047072 0.9999095 -0.09163206 -1.047072 1.007324 -0.2966136 -1.047072 1.007324 -0.4078873 -1.047072 0.9404549 -0.5315338 -1.099528 0.9658493 -0.005637764 -1.587419 0.7950383 0.5048112 -1.098147 0.9999095 -0.09163206 -1.098147 1.007324 -0.2966136 -1.098147 1.007324 -0.4078873 -1.098147 0.9404549 -0.5315338 -2.465811 0.9658493 -0.005637764 -2.464431 0.9999095 -0.09163206 -2.464431 1.007324 -0.2966136 -2.464431 1.007324 -0.4078873 -2.464431 0.9404549 -0.5315338 -2.465811 0.9448974 -0.005637764 -2.464431 0.9789575 -0.09163206 -2.464431 0.9863721 -0.2966136 -2.464431 0.9863721 -0.4078873 -2.464431 0.9195029 -0.5315338 -2.490779 0.9448974 -0.005637764 -2.489399 0.9789575 -0.09163206 -2.489399 0.9863721 -0.2966136 -2.489399 0.9863721 -0.4078873 -2.489399 0.9195029 -0.5315338 -2.490779 0.9718912 -0.005637764 -2.489399 1.005951 -0.09163206 -2.489399 1.013366 -0.2966136 -2.489399 1.013366 -0.4078873 -2.489399 0.9464968 -0.5315338 -3.41657 0.9718912 -0.005637764 -3.427268 1.005951 -0.1919088 -3.344604 1.013366 -0.2966136 -3.306727 1.013366 -0.4078873 -3.306727 0.9464968 -0.5315338 -3.544308 0.9718912 -0.005637764 -3.555006 1.005951 -0.1579586 -3.641695 0.9718912 -0.005637764 -3.652393 1.005951 -0.1579586 -3.756342 0.9718912 -0.005637764 -3.76704 1.005951 -0.1814515 -4.179506 0.9718912 -0.005637764 -4.190204 1.005951 -0.1814515 -3.852195 1.005951 -0.2949482 -4.190204 1.005951 -0.2949482 -3.877873 1.005951 -0.4173216 -4.190204 1.005951 -0.4173216 -3.877873 0.9385472 -0.526452 -4.190204 0.9385472 -0.526452 -3.430175 0.9918699 -0.1940438 -3.348928 0.9992846 -0.296953 -3.311702 0.9992846 -0.4063184 -3.311702 0.9324154 -0.5278444 -3.555722 0.9918699 -0.1606758 -3.651439 0.9918699 -0.1606758 -3.76412 0.9918699 -0.1837659 -3.847815 0.9918699 -0.2953162 -3.873052 0.9918699 -0.4155909 -3.873052 0.9244658 -0.5228498 -3.430175 0.787544 -0.1940438 -3.348928 0.7949587 -0.296953 -3.311702 0.7949587 -0.4063184 -3.311702 0.7280895 -0.5278444 -3.555722 0.787544 -0.1606758 -3.651439 0.787544 -0.1606758 -3.76412 0.787544 -0.1837659 -3.847815 0.787544 -0.2953162 -3.873052 0.787544 -0.4155909 -3.873052 0.7201399 -0.5228498 -4.254044 0.9030513 -0.005637764 -4.264742 0.9371114 -0.1814515 -4.264742 0.9371114 -0.2949482 -4.264742 0.9371114 -0.4173216 -4.264742 0.8697073 -0.526452 -4.30908 0.5550149 -0.005637764 -4.319778 0.589075 -0.1814515 -4.319778 0.589075 -0.2949482 -4.319778 0.589075 -0.4173216 -4.319778 0.5216709 -0.526452 -4.219058 1.015592 -0.4173216 -4.219058 1.015592 -0.2949482 -4.293597 0.9467523 -0.4173216 -4.293597 0.9467523 -0.2949482 -4.348633 0.5987159 -0.4173216 -4.348633 0.5987159 -0.2949482 -4.208801 0.5550149 -0.007369458 -4.291318 0.589075 -0.1831832 -2.514011 1.013366 -0.4078873 -2.515151 1.013366 -0.2966136 -2.514011 0.9464968 -0.5315338 -2.556957 1.005951 -0.09465163 -2.535565 0.9718912 -0.005637764 -2.385812 0.7811012 0.5072963 -2.385812 0.7601492 0.5072963 -2.41078 0.7601492 0.5072963 -2.41078 0.7871431 0.5072963 -2.406229 0.9999095 -0.09163206 -2.408942 0.9658493 -0.005637764 -2.440957 1.007324 -0.4078873 -2.440957 1.007324 -0.2966136 -2.440957 0.9404549 -0.5315338 -2.439875 0.7871431 0.5142529 -2.455854 0.7871431 0.5142529 -2.367749 0.7811012 0.5085284 -2.344275 0.7811012 0.5085284 -2.535565 0.8823577 -0.005637764 -2.336144 0.7486585 0.5366439 -2.329933 0.7709624 0.5048112 -2.367749 0.7483898 0.5371052 -2.344275 0.7483898 0.5371052 -2.385812 0.7518835 0.5399519 -2.41078 0.7579254 0.5399519 -2.439875 0.7579254 0.5469085 -2.455854 0.7579254 0.5469085 -1.028929 0.9139018 -0.5458869 -0.9975487 0.4314585 -0.5626548 -0.9858373 0.2514081 -0.5643329 -0.9975487 0.4469301 -0.4058254 -0.9975487 0.4624016 -0.2141264 -0.9975487 0.4778732 -0.08202272 -1.028929 0.9200457 -0.136799 -1.028929 0.9179978 -0.2731617 -1.028929 0.9159498 -0.4095243 -0.9858373 0.312852 -0.03522789 -0.9858373 0.2923707 -0.1706334 -0.9858373 0.2718894 -0.3441977 -2.455854 0.6976096 0.5142529 -2.458781 0.6683919 0.5416975 -2.454129 0.656763 0.5422816 -2.419407 0.1420521 0.5422816 -3.41657 0.8820819 -0.005637764 -3.544308 0.8820819 -0.005637764 -3.641695 0.8820819 -0.005637764 -3.756342 0.8820819 -0.005637764 -4.179506 0.8820819 -0.005637764 -2.419407 0.1420521 0.5113167 -2.535484 0.2192623 -0.2512695 -2.514011 0.8802697 -0.4078873 -2.515151 0.8802697 -0.2966136 -2.514011 0.8221831 -0.5315338 -2.556957 0.8738288 -0.09465163 -3.297932 0.8802697 -0.4078873 -3.334928 0.8802697 -0.2966136 -3.27932 0.8221831 -0.5208591 -3.41572 0.8738288 -0.1879793 -3.323002 0.9992846 -0.2949184 -3.412748 0.9918699 -0.1812444 -3.281882 0.9992846 -0.4157239 -3.263226 0.9324154 -0.5247461 -3.551428 0.9918699 -0.144386 -3.657157 0.9918699 -0.144386 -3.781625 0.9918699 -0.1698914 -3.874075 0.9918699 -0.2931104 -3.901952 0.9918699 -0.4259663 -3.901952 0.9244658 -0.5131334 -3.323002 0.7949587 -0.2949184 -3.412748 0.787544 -0.1812444 -3.281882 0.7949587 -0.4157239 -3.263226 0.7280895 -0.5247461 -3.551428 0.787544 -0.144386 -3.657157 0.787544 -0.144386 -3.781625 0.787544 -0.1698914 -3.874075 0.787544 -0.2931104 -3.901952 0.787544 -0.4259663 -3.901952 0.7201399 -0.5131334 -3.544308 0.8820819 -0.1496918 -3.641695 0.8820819 -0.1496918 -3.756342 0.8820819 -0.179399 -4.179506 0.8820819 -0.179399 -3.861921 0.8820819 -0.2906156 -4.179506 0.8820819 -0.2906156 -3.891194 0.8820819 -0.4275945 -4.179506 0.8820819 -0.4275945 -3.879288 0.8820819 -0.5031601 -4.179506 0.8820819 -0.5031601 -4.179506 0.5661613 -0.4275945 -4.179506 0.5661613 -0.5031601 -4.179506 0.5661613 -0.2906156 -4.179506 0.5661613 -0.179399 -4.286575 0.5646977 -0.05735057 -4.30477 0.5550149 -0.02000707 -3.430028 0.7652757 -0.191229 -3.348782 0.7726904 -0.2941381 -3.311555 0.7726904 -0.4035036 -3.311555 0.7058212 -0.5250297 -3.555576 0.7652757 -0.157861 -3.651293 0.7652757 -0.157861 -3.763973 0.7652757 -0.1809511 -3.847668 0.7652757 -0.2925014 -3.872905 0.7652757 -0.4127761 -3.872905 0.6978716 -0.520035 -3.322856 0.7726904 -0.2921035 -3.412601 0.7652757 -0.1784296 -3.281735 0.7726904 -0.4129091 -3.26308 0.7058212 -0.5219314 -3.551282 0.7652757 -0.1415712 -3.657011 0.7652757 -0.1415712 -3.781479 0.7652757 -0.1670765 -3.873929 0.7652757 -0.2902956 -3.901806 0.7652757 -0.4231516 -3.901806 0.6978716 -0.5103186 -2.514011 0.4401348 -0.4078873 -2.514011 0.4110915 -0.5315338 -2.535484 0.76093 -0.2512695 -2.556957 0.4369144 -0.09465163 -3.894452 0.4110915 -0.5315338 -3.261179 0.4110915 -0.5315338 -3.88698 0.7054602 -0.517553 -4.179506 0.7129622 -0.5031601 -2.535484 0.4385246 -0.2512695 -2.556957 0.7581359 -0.09465163 -2.514011 0.7637241 -0.4078873 -2.514011 0.713328 -0.5315338 -3.274516 0.713328 -0.5236857 -2.301053 0.4314585 -0.5626548 -2.289341 0.2514081 -0.5643329 -2.514011 0.2200674 -0.4078873 -2.514011 0.2055457 -0.5315338 -4.179506 0.2830806 -0.4275945 -4.179506 0.2830806 -0.2906156 -4.179506 0.2830806 -0.179399 -4.179506 0.2830806 -0.5031601 -2.556957 0.2184572 -0.09465163 -3.9514 0.2055457 -0.5315338 -3.261179 0.2055457 -0.5315338 -2.479021 1.013366 -0.2927262 -2.520827 1.005951 -0.09076422 -2.47788 1.013366 -0.4039999 -2.47788 0.2200674 -0.4039999 -2.479021 0.8802697 -0.2927262 -2.520827 0.8738288 -0.09076422 -2.47788 0.8802697 -0.4039999 -2.479021 0.7637241 -0.2927262 -2.520827 0.7581359 -0.09076422 -2.47788 0.7637241 -0.4039999 -2.47788 0.4401348 -0.4039999 -2.479021 0.2200674 -0.2927262 -2.479021 0.4401348 -0.2927262 -2.520827 0.2184572 -0.09076422 -2.520827 0.4369144 -0.09076422 -1 -0.9659399 -0.005637764 0.8828265 -0.9659399 -0.04273444 0.8767388 -1 -0.09163206 -0.9947832 -1 -0.09163206 0.9414133 -0.9220938 -0.03326147 -1 -0.9220938 0 0.9353255 -0.9220938 -0.08779686 0.8229052 -0.9659399 -0.04155385 0.8171772 -1 -0.09163206 0.8796275 -0.9220938 -0.03220295 0.8163019 -1.007415 -0.2835876 0.8748886 -0.9220938 -0.2797524 0.9061228 -0.9005855 -0.07860249 0.8456859 -0.9005855 -0.2705579 0.6991758 -0.9316416 -0.5386127 0.8748886 -0.9220938 -0.2888465 0.8456859 -0.9005855 -0.2796521 0.8163019 -1 -0.3550966 0.8596652 -0.9220938 -0.3512614 0.8863797 -0.9005855 -0.3420671 0.705988 -0.9237794 -0.5425018 0.7722877 -0.8518111 -0.5386666 0.7760658 -0.8319422 -0.5294722 -0.9947832 -1.007415 -0.2966136 0.7306706 -1.007415 -0.2966136 0.8487313 -0.8869524 -0.4449641 0.8639776 -0.8662639 -0.4357696 0.7938998 -0.9618897 -0.4487993 0.887007 -0.9220938 -0.3512614 0.8436437 -1 -0.3550966 0.9137215 -0.9005855 -0.3420671 0.8871758 -0.8718865 -0.4382684 0.8760731 -0.8869524 -0.4449641 0.8212417 -0.9618897 -0.4487993 0.4743292 -0.9659399 -0.03468596 0.5202051 -0.9220938 -0.02604508 0.470694 -1 -0.09163206 0.3398262 -1.007415 -0.2937635 -0.1456344 -0.9659399 -0.02247107 -0.1190494 -0.9220938 -0.01509296 -0.1455472 -1 -0.09163206 -0.1249573 -1.007415 -0.2937635 0.05986648 -1 -0.09163206 0.2652803 -1 -0.09163206 0.005470752 -1.007415 -0.207538 0.209398 -1.007415 -0.207538 0.2676746 -0.9659399 -0.03061431 0.06102013 -0.9659399 -0.02654266 0.3071202 -0.9220938 -0.02239435 0.09403532 -0.9220938 -0.01874369 0.6991758 -1.007415 -0.4098709 0.3804909 -1.007415 -0.4118383 0.3804909 -0.9403488 -0.5460563 -0.9947832 -1.007415 -0.4078873 -0.1769506 -1.007415 -0.4097703 -0.9947832 -0.9405454 -0.5315338 -0.1769506 -0.9405454 -0.5386763 0.3302289 -0.7848785 -0.2966136 -0.1155911 -0.7848785 -0.2966136 0.009515404 -0.7848785 -0.2139062 0.2051222 -0.7848785 -0.2139062 0.3692345 -0.7848785 -0.4098709 0.3692345 -0.7178127 -0.5386127 -0.165463 -0.7848785 -0.4078873 -0.165463 -0.7180094 -0.5315338 -0.165463 -0.9925912 -0.4078873 -0.165463 -0.925722 -0.5315338 0.3692345 -0.9255253 -0.5386127 0.3692345 -0.9925912 -0.4098709 0.2051222 -0.9925912 -0.2139062 0.009515404 -0.9925912 -0.2139062 0.3302289 -0.9925912 -0.2966136 -0.1155911 -0.9925912 -0.2966136 -1.487891 -0.7951288 0.5048112 -1.487891 -0.7512827 0.5104489 -1.59363 -0.7655949 0.5366439 -1.59363 -0.7217488 0.5422816 -1.422051 0 0.5104489 -1.527789 0 0.5422816 -1.43645 -0.1478648 0.5104489 -1.542188 -0.1420521 0.5422816 -1.535072 0 0.5180243 -1.429334 0 0.4861916 -1.443732 -0.1471414 0.4861916 -1.495174 -0.7505593 0.4861916 -1.549471 -0.1413286 0.5180243 -1.600913 -0.7210254 0.5180243 -1.034599 -0.9659399 -0.005637764 -1.52249 -0.7951288 0.5048112 -1.028929 -0.9220938 -4.36407e-4 -1.487891 -0.7512827 0.4798854 -1.033218 -1 -0.09163206 -1.033218 -1.007415 -0.2966136 -1.033218 -1.007415 -0.4078873 -1.033218 -0.9405454 -0.5315338 -1.034599 -0.9513228 -0.005637764 -1.52249 -0.7805117 0.5048112 -1.033218 -0.9853829 -0.09163206 -1.033218 -0.9927975 -0.2966136 -1.033218 -0.9927975 -0.4078873 -1.033218 -0.9259284 -0.5315338 -1.048453 -0.9513228 -0.005637764 -1.536344 -0.7805117 0.5048112 -1.047072 -0.9853829 -0.09163206 -1.047072 -0.9927975 -0.2966136 -1.047072 -0.9927975 -0.4078873 -1.047072 -0.9259284 -0.5315338 -1.048453 -0.9658493 -0.005637764 -1.536344 -0.7950383 0.5048112 -1.047072 -0.9999095 -0.09163206 -1.047072 -1.007324 -0.2966136 -1.047072 -1.007324 -0.4078873 -1.047072 -0.9404549 -0.5315338 -1.099528 -0.9658493 -0.005637764 -1.587419 -0.7950383 0.5048112 -1.098147 -0.9999095 -0.09163206 -1.098147 -1.007324 -0.2966136 -1.098147 -1.007324 -0.4078873 -1.098147 -0.9404549 -0.5315338 -2.465811 -0.9658493 -0.005637764 -2.464431 -0.9999095 -0.09163206 -2.464431 -1.007324 -0.2966136 -2.464431 -1.007324 -0.4078873 -2.464431 -0.9404549 -0.5315338 -2.465811 -0.9448974 -0.005637764 -2.464431 -0.9789575 -0.09163206 -2.464431 -0.9863721 -0.2966136 -2.464431 -0.9863721 -0.4078873 -2.464431 -0.9195029 -0.5315338 -2.490779 -0.9448974 -0.005637764 -2.489399 -0.9789575 -0.09163206 -2.489399 -0.9863721 -0.2966136 -2.489399 -0.9863721 -0.4078873 -2.489399 -0.9195029 -0.5315338 -2.490779 -0.9718912 -0.005637764 -2.489399 -1.005951 -0.09163206 -2.489399 -1.013366 -0.2966136 -2.489399 -1.013366 -0.4078873 -2.489399 -0.9464968 -0.5315338 -3.41657 -0.9718912 -0.005637764 -3.427268 -1.005951 -0.1919088 -3.344604 -1.013366 -0.2966136 -3.306727 -1.013366 -0.4078873 -3.306727 -0.9464968 -0.5315338 -3.544308 -0.9718912 -0.005637764 -3.555006 -1.005951 -0.1579586 -3.641695 -0.9718912 -0.005637764 -3.652393 -1.005951 -0.1579586 -3.756342 -0.9718912 -0.005637764 -3.76704 -1.005951 -0.1814515 -4.179506 -0.9718912 -0.005637764 -4.190204 -1.005951 -0.1814515 -3.852195 -1.005951 -0.2949482 -4.190204 -1.005951 -0.2949482 -3.877873 -1.005951 -0.4173216 -4.190204 -1.005951 -0.4173216 -3.877873 -0.9385472 -0.526452 -4.190204 -0.9385472 -0.526452 -3.430175 -0.9918699 -0.1940438 -3.348928 -0.9992846 -0.296953 -3.311702 -0.9992846 -0.4063184 -3.311702 -0.9324154 -0.5278444 -3.555722 -0.9918699 -0.1606758 -3.651439 -0.9918699 -0.1606758 -3.76412 -0.9918699 -0.1837659 -3.847815 -0.9918699 -0.2953162 -3.873052 -0.9918699 -0.4155909 -3.873052 -0.9244658 -0.5228498 -3.430175 -0.787544 -0.1940438 -3.348928 -0.7949587 -0.296953 -3.311702 -0.7949587 -0.4063184 -3.311702 -0.7280895 -0.5278444 -3.555722 -0.787544 -0.1606758 -3.651439 -0.787544 -0.1606758 -3.76412 -0.787544 -0.1837659 -3.847815 -0.787544 -0.2953162 -3.873052 -0.787544 -0.4155909 -3.873052 -0.7201399 -0.5228498 -4.254044 -0.9030513 -0.005637764 -4.264742 -0.9371114 -0.1814515 -4.264742 -0.9371114 -0.2949482 -4.264742 -0.9371114 -0.4173216 -4.264742 -0.8697073 -0.526452 -4.30908 -0.5550149 -0.005637764 -4.319778 -0.589075 -0.1814515 -4.319778 -0.589075 -0.2949482 -4.319778 -0.589075 -0.4173216 -4.319778 -0.5216709 -0.526452 -4.30908 0 -0.005637764 -4.319778 0 -0.1814515 -4.319778 0 -0.2949482 -4.319778 0 -0.4173216 -4.319778 0 -0.526452 -4.219058 -1.015592 -0.4173216 -4.219058 -1.015592 -0.2949482 -4.293597 -0.9467523 -0.4173216 -4.293597 -0.9467523 -0.2949482 -4.348633 -0.5987159 -0.4173216 -4.348633 -0.5987159 -0.2949482 -4.348633 0 -0.4173216 -4.348633 0 -0.2949482 -4.208801 -0.5550149 -0.007369458 -4.291318 -0.589075 -0.1831832 -4.208801 0 -0.007369458 -4.291318 0 -0.1831832 -2.514011 -1.013366 -0.4078873 -2.515151 -1.013366 -0.2966136 -2.514011 -0.9464968 -0.5315338 -2.556957 -1.005951 -0.09465163 -2.535565 -0.9718912 -0.005637764 -2.385812 -0.7811012 0.5072963 -2.385812 -0.7601492 0.5072963 -2.41078 -0.7601492 0.5072963 -2.41078 -0.7871431 0.5072963 -2.406229 -0.9999095 -0.09163206 -2.408942 -0.9658493 -0.005637764 -2.440957 -1.007324 -0.4078873 -2.440957 -1.007324 -0.2966136 -2.440957 -0.9404549 -0.5315338 -2.439875 -0.7871431 0.5142529 -2.455854 -0.7871431 0.5142529 -2.367749 -0.7811012 0.5085284 -2.344275 -0.7811012 0.5085284 -2.535565 -0.8823577 -0.005637764 -2.336144 -0.7486585 0.5366439 -2.329933 -0.7709624 0.5048112 -2.367749 -0.7483898 0.5371052 -2.344275 -0.7483898 0.5371052 -2.385812 -0.7518835 0.5399519 -2.41078 -0.7579254 0.5399519 -2.439875 -0.7579254 0.5469085 -2.455854 -0.7579254 0.5469085 1 0 0.03236877 0.9939123 0 -0.02216655 0.9032246 0 -0.05453538 0.9616227 0 0.05872082 0.9036283 0 -0.06392908 0.8621822 0 -0.2617281 0.8851585 0 -0.2708222 0.7921584 0 -0.5112486 0.8607717 0 -0.3238434 0.9363496 0 0.05872082 -0.9432654 0 0.05872082 0.8592199 0 -0.417546 0.8881135 0 -0.3238434 0.8865618 0 -0.417546 0.5660807 0 0.05872082 -0.0924648 0 0.05872082 0.1270503 0 0.05872082 0.3465655 0 0.05872082 -0.9858373 0 0.05872082 -1.028929 -0.9139018 -0.5458869 -0.9975487 -0.4314585 -0.5626548 -0.9858373 -0.2514081 -0.5643329 -0.9858373 0 -0.5643329 -0.9975487 -0.4469301 -0.4058254 -0.9975487 -0.4624016 -0.2141264 -0.9975487 -0.4778732 -0.08202272 -1.028929 -0.9200457 -0.136799 -1.028929 -0.9179978 -0.2731617 -1.028929 -0.9159498 -0.4095243 -0.9858373 0 -0.345882 -0.9858373 0 -0.1740213 -0.9858373 0 -0.03534436 -0.9858373 -0.312852 -0.03522789 -0.9858373 -0.2923707 -0.1706334 -0.9858373 -0.2718894 -0.3441977 -2.455854 -0.6976096 0.5142529 -2.458781 -0.6683919 0.5416975 -2.454129 -0.656763 0.5422816 -2.416514 0 0.5422816 -2.419407 -0.1420521 0.5422816 -3.41657 -0.8820819 -0.005637764 -3.544308 -0.8820819 -0.005637764 -3.641695 -0.8820819 -0.005637764 -3.756342 -0.8820819 -0.005637764 -4.179506 -0.8820819 -0.005637764 -2.416514 0 0.5113167 -2.419407 -0.1420521 0.5113167 -2.514011 0 -0.4078873 -2.535484 -0.2192623 -0.2512695 -2.514011 0 -0.5315338 -2.556957 0 -0.09465163 -2.514011 -0.8802697 -0.4078873 -2.515151 -0.8802697 -0.2966136 -2.514011 -0.8221831 -0.5315338 -2.556957 -0.8738288 -0.09465163 -3.297932 -0.8802697 -0.4078873 -3.334928 -0.8802697 -0.2966136 -3.27932 -0.8221831 -0.5208591 -3.41572 -0.8738288 -0.1879793 -3.323002 -0.9992846 -0.2949184 -3.412748 -0.9918699 -0.1812444 -3.281882 -0.9992846 -0.4157239 -3.263226 -0.9324154 -0.5247461 -3.551428 -0.9918699 -0.144386 -3.657157 -0.9918699 -0.144386 -3.781625 -0.9918699 -0.1698914 -3.874075 -0.9918699 -0.2931104 -3.901952 -0.9918699 -0.4259663 -3.901952 -0.9244658 -0.5131334 -3.323002 -0.7949587 -0.2949184 -3.412748 -0.787544 -0.1812444 -3.281882 -0.7949587 -0.4157239 -3.263226 -0.7280895 -0.5247461 -3.551428 -0.787544 -0.144386 -3.657157 -0.787544 -0.144386 -3.781625 -0.787544 -0.1698914 -3.874075 -0.787544 -0.2931104 -3.901952 -0.787544 -0.4259663 -3.901952 -0.7201399 -0.5131334 -3.544308 -0.8820819 -0.1496918 -3.641695 -0.8820819 -0.1496918 -3.756342 -0.8820819 -0.179399 -4.179506 -0.8820819 -0.179399 -3.861921 -0.8820819 -0.2906156 -4.179506 -0.8820819 -0.2906156 -3.891194 -0.8820819 -0.4275945 -4.179506 -0.8820819 -0.4275945 -3.879288 -0.8820819 -0.5031601 -4.179506 -0.8820819 -0.5031601 -4.179506 0 -0.179399 -4.179506 0 -0.2906156 -4.179506 0 -0.4275945 -4.179506 0 -0.5031601 -4.179506 -0.5661613 -0.4275945 -4.179506 -0.5661613 -0.5031601 -4.179506 -0.5661613 -0.2906156 -4.179506 -0.5661613 -0.179399 -4.286784 0 -0.05779516 -4.286575 -0.5646977 -0.05735057 -4.30477 -0.5550149 -0.02000707 -4.30477 0 -0.02000707 -3.430028 -0.7652757 -0.191229 -3.348782 -0.7726904 -0.2941381 -3.311555 -0.7726904 -0.4035036 -3.311555 -0.7058212 -0.5250297 -3.555576 -0.7652757 -0.157861 -3.651293 -0.7652757 -0.157861 -3.763973 -0.7652757 -0.1809511 -3.847668 -0.7652757 -0.2925014 -3.872905 -0.7652757 -0.4127761 -3.872905 -0.6978716 -0.520035 -3.322856 -0.7726904 -0.2921035 -3.412601 -0.7652757 -0.1784296 -3.281735 -0.7726904 -0.4129091 -3.26308 -0.7058212 -0.5219314 -3.551282 -0.7652757 -0.1415712 -3.657011 -0.7652757 -0.1415712 -3.781479 -0.7652757 -0.1670765 -3.873929 -0.7652757 -0.2902956 -3.901806 -0.7652757 -0.4231516 -3.901806 -0.6978716 -0.5103186 -2.514011 -0.4401348 -0.4078873 -2.514011 -0.4110915 -0.5315338 -2.535484 -0.76093 -0.2512695 -2.556957 -0.4369144 -0.09465163 -4.008347 0 -0.5315338 -3.894452 -0.4110915 -0.5315338 -3.261179 -0.4110915 -0.5315338 -3.261179 0 -0.5315338 -3.88698 -0.7054602 -0.517553 -4.179506 -0.7129622 -0.5031601 -2.535484 -0.4385246 -0.2512695 -2.556957 -0.7581359 -0.09465163 -2.514011 -0.7637241 -0.4078873 -2.514011 -0.713328 -0.5315338 -3.274516 -0.713328 -0.5236857 -2.301053 -0.4314585 -0.5626548 -2.289341 -0.2514081 -0.5643329 -2.289341 0 -0.5643329 -2.514011 -0.2200674 -0.4078873 -2.514011 -0.2055457 -0.5315338 -4.179506 -0.2830806 -0.4275945 -4.179506 -0.2830806 -0.2906156 -4.179506 -0.2830806 -0.179399 -4.179506 -0.2830806 -0.5031601 -2.535484 0 -0.2512695 -2.556957 -0.2184572 -0.09465163 -3.9514 -0.2055457 -0.5315338 -3.261179 -0.2055457 -0.5315338 -2.479021 -1.013366 -0.2927262 -2.520827 -1.005951 -0.09076422 -2.47788 -1.013366 -0.4039999 -2.479021 0 -0.2927262 -2.520827 0 -0.09076422 -2.47788 0 -0.4039999 -2.47788 -0.2200674 -0.4039999 -2.479021 -0.8802697 -0.2927262 -2.520827 -0.8738288 -0.09076422 -2.47788 -0.8802697 -0.4039999 -2.479021 -0.7637241 -0.2927262 -2.520827 -0.7581359 -0.09076422 -2.47788 -0.7637241 -0.4039999 -2.47788 -0.4401348 -0.4039999 -2.479021 -0.2200674 -0.2927262 -2.479021 -0.4401348 -0.2927262 -2.520827 -0.2184572 -0.09076422 -2.520827 -0.4369144 -0.09076422 -3.601333 -1.001505 -0.2459625 -3.542706 -1.001505 -0.3176544 -3.682933 -1.001505 -0.2621937 -3.493004 -1.001505 -0.3508641 -3.75211 -1.001505 -0.3084164 -3.459794 -1.001505 -0.400566 -3.798333 -1.001505 -0.3775936 -3.448132 -1.001505 -0.4591935 -3.814564 -1.001505 -0.4591936 -3.459794 -1.001505 -0.5178209 -3.798333 -1.001505 -0.5407936 -3.493004 -1.001505 -0.5675229 -3.75211 -1.001505 -0.6099708 -3.542706 -1.001505 -0.6007327 -3.682933 -1.001505 -0.6561935 -3.601333 -1.001505 -0.6123945 -3.601333 -1.001505 -0.6724247 -3.659961 -1.001505 -0.6007328 -3.519733 -1.001505 -0.6561934 -3.709663 -1.001505 -0.567523 -3.450556 -1.001505 -0.6099707 -3.742872 -1.001505 -0.517821 -3.404333 -1.001505 -0.5407935 -3.754534 -1.001505 -0.4591936 -3.388102 -1.001505 -0.4591934 -3.742872 -1.001505 -0.4005662 -3.404334 -1.001505 -0.3775934 -3.709663 -1.001505 -0.3508642 -3.450556 -1.001505 -0.3084163 -3.659961 -1.001505 -0.3176545 -3.519734 -1.001505 -0.2621936 -3.601333 -1.001505 -0.3059927 -3.542706 -0.9215938 -0.3176544 -3.493004 -0.9215938 -0.3508641 -3.459794 -0.9215938 -0.400566 -3.448132 -0.9215938 -0.4591934 -3.459794 -0.9215938 -0.5178209 -3.493004 -0.9215938 -0.5675229 -3.542706 -0.9215938 -0.6007327 -3.601333 -0.9215938 -0.6123945 -3.659961 -0.9215938 -0.6007328 -3.709663 -0.9215938 -0.567523 -3.742872 -0.9215938 -0.517821 -3.754534 -0.9215938 -0.4591936 -3.742872 -0.9215938 -0.4005662 -3.709663 -0.9215938 -0.3508642 -3.659961 -0.9215938 -0.3176545 -3.601333 -0.9215938 -0.3059927 -3.601333 -0.9860365 -0.2238402 -3.691399 -0.9860365 -0.2417554 -3.767753 -0.9860365 -0.2927737 -3.818772 -0.9860365 -0.3691278 -3.836687 -0.9860365 -0.4591936 -3.818772 -0.9860365 -0.5492594 -3.767753 -0.9860365 -0.6256136 -3.691399 -0.9860365 -0.6766318 -3.601333 -0.9860365 -0.694547 -3.511267 -0.9860365 -0.6766318 -3.434913 -0.9860365 -0.6256135 -3.383895 -0.9860365 -0.5492593 -3.36598 -0.9860365 -0.4591934 -3.383895 -0.9860365 -0.3691275 -3.434914 -0.9860365 -0.2927734 -3.511268 -0.9860365 -0.2417553 -3.545922 -0.9215938 -0.3254181 -3.498946 -0.9215938 -0.3568062 -3.467558 -0.9215938 -0.4037818 -3.456536 -0.9215938 -0.4591935 -3.467558 -0.9215938 -0.5146051 -3.498946 -0.9215938 -0.5615808 -3.545922 -0.9215938 -0.5929691 -3.601333 -0.9215938 -0.6039912 -3.656745 -0.9215938 -0.5929691 -3.703721 -0.9215938 -0.5615809 -3.735109 -0.9215938 -0.5146052 -3.746131 -0.9215938 -0.4591936 -3.735109 -0.9215938 -0.403782 -3.703721 -0.9215938 -0.3568063 -3.656745 -0.9215938 -0.3254181 -3.601333 -0.9215938 -0.314396 -3.545922 -0.9587051 -0.3254181 -3.498946 -0.9587051 -0.3568062 -3.467558 -0.9587051 -0.4037818 -3.456536 -0.9587051 -0.4591935 -3.467558 -0.9587051 -0.5146051 -3.498946 -0.9587051 -0.5615808 -3.545922 -0.9587051 -0.5929691 -3.601333 -0.9587051 -0.6039912 -3.656745 -0.9587051 -0.5929691 -3.703721 -0.9587051 -0.5615809 -3.735109 -0.9587051 -0.5146052 -3.746131 -0.9587051 -0.4591936 -3.735109 -0.9587051 -0.403782 -3.703721 -0.9587051 -0.3568063 -3.656745 -0.9587051 -0.3254181 -3.601333 -0.9587051 -0.314396 -3.566548 -0.9587051 -0.375213 -3.537058 -0.9587051 -0.3949176 -3.517353 -0.9587051 -0.4244076 -3.510433 -0.9587051 -0.4591935 -3.517353 -0.9587051 -0.4939794 -3.537057 -0.9587051 -0.5234695 -3.566547 -0.9587051 -0.5431741 -3.601333 -0.9587051 -0.5500935 -3.636119 -0.9587051 -0.5431742 -3.665609 -0.9587051 -0.5234695 -3.685314 -0.9587051 -0.4939795 -3.692233 -0.9587051 -0.4591936 -3.685314 -0.9587051 -0.4244077 -3.665609 -0.9587051 -0.3949177 -3.636119 -0.9587051 -0.375213 -3.601333 -0.9587051 -0.3682937 -3.578481 -0.9287128 -0.4040226 -3.559107 -0.9287128 -0.4169675 -3.546162 -0.9287128 -0.4363409 -3.541617 -0.9287128 -0.4591935 -3.546162 -0.9287128 -0.4820461 -3.559107 -0.9287128 -0.5014196 -3.578481 -0.9287128 -0.5143646 -3.601333 -0.9287128 -0.5189102 -3.624186 -0.9287128 -0.5143646 -3.643559 -0.9287128 -0.5014196 -3.656504 -0.9287128 -0.4820461 -3.66105 -0.9287128 -0.4591935 -3.656504 -0.9287128 -0.436341 -3.643559 -0.9287128 -0.4169675 -3.624186 -0.9287128 -0.4040226 -3.601333 -0.9287128 -0.399477 -3.58811 -0.9287128 -0.4272701 -3.5769 -0.9287128 -0.4347604 -3.56941 -0.9287128 -0.4459704 -3.56678 -0.9287128 -0.4591935 -3.56941 -0.9287128 -0.4724166 -3.5769 -0.9287128 -0.4836267 -3.58811 -0.9287128 -0.491117 -3.601333 -0.9287128 -0.4937472 -3.614557 -0.9287128 -0.491117 -3.625766 -0.9287128 -0.4836267 -3.633257 -0.9287128 -0.4724166 -3.635887 -0.9287128 -0.4591935 -3.633257 -0.9287128 -0.4459704 -3.625766 -0.9287128 -0.4347605 -3.614557 -0.9287128 -0.4272702 -3.601333 -0.9287128 -0.4246399 -3.58811 -0.9581853 -0.4272701 -3.5769 -0.9581853 -0.4347604 -3.56941 -0.9581853 -0.4459704 -3.56678 -0.9581853 -0.4591935 -3.56941 -0.9581853 -0.4724166 -3.5769 -0.9581853 -0.4836267 -3.58811 -0.9581853 -0.491117 -3.601333 -0.9581853 -0.4937472 -3.614557 -0.9581853 -0.491117 -3.625766 -0.9581853 -0.4836267 -3.633257 -0.9581853 -0.4724166 -3.635887 -0.9581853 -0.4591935 -3.633257 -0.9581853 -0.4459705 -3.625766 -0.9581853 -0.4347605 -3.614557 -0.9581853 -0.4272702 -3.601333 -0.9581853 -0.4246399 -3.601333 -0.8507011 -0.2459625 -3.542706 -0.8507011 -0.3176544 -3.682933 -0.8507011 -0.2621937 -3.493004 -0.8507011 -0.3508641 -3.75211 -0.8507011 -0.3084164 -3.459794 -0.8507011 -0.400566 -3.798333 -0.8507011 -0.3775936 -3.448132 -0.8507011 -0.4591934 -3.814564 -0.8507011 -0.4591936 -3.459794 -0.8507011 -0.5178209 -3.798333 -0.8507011 -0.5407936 -3.493004 -0.8507011 -0.5675229 -3.75211 -0.8507011 -0.6099708 -3.542706 -0.8507011 -0.6007327 -3.682933 -0.8507011 -0.6561935 -3.601333 -0.8507011 -0.6123945 -3.601333 -0.8507011 -0.6724247 -3.659961 -0.8507011 -0.6007328 -3.519733 -0.8507011 -0.6561934 -3.709663 -0.8507011 -0.567523 -3.450556 -0.8507011 -0.6099707 -3.742872 -0.8507011 -0.517821 -3.404333 -0.8507011 -0.5407935 -3.754534 -0.8507011 -0.4591936 -3.388102 -0.8507011 -0.4591934 -3.742872 -0.8507011 -0.4005662 -3.404334 -0.8507011 -0.3775934 -3.709663 -0.8507011 -0.3508642 -3.450556 -0.8507011 -0.3084163 -3.659961 -0.8507011 -0.3176545 -3.519734 -0.8507011 -0.2621936 -3.601333 -0.8507011 -0.3059927 -3.542706 -0.9306127 -0.3176544 -3.493004 -0.9306127 -0.3508641 -3.459794 -0.9306127 -0.400566 -3.448132 -0.9306127 -0.4591934 -3.459794 -0.9306127 -0.5178209 -3.493004 -0.9306127 -0.5675229 -3.542706 -0.9306127 -0.6007327 -3.601333 -0.9306127 -0.6123945 -3.659961 -0.9306127 -0.6007328 -3.709663 -0.9306127 -0.567523 -3.742872 -0.9306127 -0.517821 -3.754534 -0.9306127 -0.4591936 -3.742872 -0.9306127 -0.4005662 -3.709663 -0.9306127 -0.3508642 -3.659961 -0.9306127 -0.3176545 -3.601333 -0.9306127 -0.3059927 -3.601333 -0.86617 -0.2238402 -3.691399 -0.86617 -0.2417554 -3.767753 -0.86617 -0.2927737 -3.818772 -0.86617 -0.3691278 -3.836687 -0.86617 -0.4591936 -3.818772 -0.86617 -0.5492594 -3.767753 -0.86617 -0.6256136 -3.691399 -0.86617 -0.6766318 -3.601333 -0.86617 -0.694547 -3.511267 -0.86617 -0.6766318 -3.434913 -0.86617 -0.6256135 -3.383895 -0.86617 -0.5492593 -3.36598 -0.86617 -0.4591934 -3.383895 -0.86617 -0.3691275 -3.434914 -0.86617 -0.2927734 -3.511268 -0.86617 -0.2417553 -3.601333 -0.9261032 -0.2238402 -3.691399 -0.9261032 -0.2417554 -3.767753 -0.9261032 -0.2927737 -3.818772 -0.9261032 -0.3691278 -3.836687 -0.9261032 -0.4591936 -3.818772 -0.9261032 -0.5492594 -3.767753 -0.9261032 -0.6256136 -3.691399 -0.9261032 -0.6766318 -3.601333 -0.9261032 -0.694547 -3.511267 -0.9261032 -0.6766318 -3.434913 -0.9261032 -0.6256135 -3.383895 -0.9261032 -0.5492593 -3.36598 -0.9261032 -0.4591934 -3.383895 -0.9261032 -0.3691275 -3.434914 -0.9261032 -0.2927734 -3.511268 -0.9261032 -0.2417553 -3.545922 -0.9306127 -0.3254181 -3.498946 -0.9306127 -0.3568062 -3.467558 -0.9306127 -0.4037818 -3.456536 -0.9306127 -0.4591935 -3.467558 -0.9306127 -0.5146051 -3.498946 -0.9306127 -0.5615808 -3.545922 -0.9306127 -0.5929691 -3.601333 -0.9306127 -0.6039912 -3.656745 -0.9306127 -0.5929691 -3.703721 -0.9306127 -0.5615809 -3.735109 -0.9306127 -0.5146052 -3.746131 -0.9306127 -0.4591936 -3.735109 -0.9306127 -0.403782 -3.703721 -0.9306127 -0.3568063 -3.656745 -0.9306127 -0.3254181 -3.601333 -0.9306127 -0.314396 -3.545922 -0.9261032 -0.3254181 -3.498946 -0.9261032 -0.3568062 -3.467558 -0.9261032 -0.4037818 -3.456536 -0.9261032 -0.4591935 -3.467558 -0.9261032 -0.5146051 -3.498946 -0.9261032 -0.5615808 -3.545922 -0.9261032 -0.5929691 -3.601333 -0.9261032 -0.6039912 -3.656745 -0.9261032 -0.5929691 -3.703721 -0.9261032 -0.5615809 -3.735109 -0.9261032 -0.5146052 -3.746131 -0.9261032 -0.4591936 -3.735109 -0.9261032 -0.403782 -3.703721 -0.9261032 -0.3568063 -3.656745 -0.9261032 -0.3254181 -3.601333 -0.9261032 -0.314396 -3.545922 -0.8935014 -0.3254181 -3.498946 -0.8935014 -0.3568062 -3.467558 -0.8935014 -0.4037818 -3.456536 -0.8935014 -0.4591935 -3.467558 -0.8935014 -0.5146051 -3.498946 -0.8935014 -0.5615808 -3.545922 -0.8935014 -0.5929691 -3.601333 -0.8935014 -0.6039912 -3.656745 -0.8935014 -0.5929691 -3.703721 -0.8935014 -0.5615809 -3.735109 -0.8935014 -0.5146052 -3.746131 -0.8935014 -0.4591936 -3.735109 -0.8935014 -0.403782 -3.703721 -0.8935014 -0.3568063 -3.656745 -0.8935014 -0.3254181 -3.601333 -0.8935014 -0.314396 -3.566548 -0.8935014 -0.375213 -3.537058 -0.8935014 -0.3949176 -3.517353 -0.8935014 -0.4244076 -3.510433 -0.8935014 -0.4591935 -3.517353 -0.8935014 -0.4939794 -3.537057 -0.8935014 -0.5234695 -3.566547 -0.8935014 -0.5431741 -3.601333 -0.8935014 -0.5500935 -3.636119 -0.8935014 -0.5431742 -3.665609 -0.8935014 -0.5234695 -3.685314 -0.8935014 -0.4939795 -3.692233 -0.8935014 -0.4591935 -3.685314 -0.8935014 -0.4244077 -3.665609 -0.8935014 -0.3949177 -3.636119 -0.8935014 -0.375213 -3.601333 -0.8935014 -0.3682937 -3.578481 -0.9234937 -0.4040226 -3.559107 -0.9234937 -0.4169675 -3.546162 -0.9234937 -0.4363409 -3.541617 -0.9234937 -0.4591935 -3.546162 -0.9234937 -0.4820461 -3.559107 -0.9234937 -0.5014196 -3.578481 -0.9234937 -0.5143646 -3.601333 -0.9234937 -0.5189102 -3.624186 -0.9234937 -0.5143646 -3.643559 -0.9234937 -0.5014196 -3.656504 -0.9234937 -0.4820461 -3.66105 -0.9234937 -0.4591935 -3.656504 -0.9234937 -0.436341 -3.643559 -0.9234937 -0.4169675 -3.624186 -0.9234937 -0.4040226 -3.601333 -0.9234937 -0.399477 -3.58811 -0.9234937 -0.4272701 -3.5769 -0.9234937 -0.4347604 -3.56941 -0.9234937 -0.4459704 -3.56678 -0.9234937 -0.4591935 -3.56941 -0.9234937 -0.4724166 -3.5769 -0.9234937 -0.4836267 -3.58811 -0.9234937 -0.491117 -3.601333 -0.9234937 -0.4937472 -3.614557 -0.9234937 -0.491117 -3.625766 -0.9234937 -0.4836267 -3.633257 -0.9234937 -0.4724166 -3.635887 -0.9234937 -0.4591935 -3.633257 -0.9234937 -0.4459704 -3.625766 -0.9234937 -0.4347605 -3.614557 -0.9234937 -0.4272702 -3.601333 -0.9234937 -0.4246399 -3.58811 -0.8940212 -0.4272701 -3.5769 -0.8940212 -0.4347604 -3.56941 -0.8940212 -0.4459704 -3.56678 -0.8940212 -0.4591935 -3.56941 -0.8940212 -0.4724166 -3.5769 -0.8940212 -0.4836267 -3.58811 -0.8940212 -0.491117 -3.601333 -0.8940212 -0.4937472 -3.614557 -0.8940212 -0.491117 -3.625766 -0.8940212 -0.4836267 -3.633257 -0.8940212 -0.4724166 -3.635887 -0.8940212 -0.4591935 -3.633257 -0.8940212 -0.4459704 -3.625766 -0.8940212 -0.4347605 -3.614557 -0.8940212 -0.4272702 -3.601333 -0.8940212 -0.4246399 -3.601333 0.8245363 -0.2459625 -3.542706 0.8245363 -0.3176544 -3.682933 0.8245363 -0.2621937 -3.493004 0.8245363 -0.3508641 -3.75211 0.8245363 -0.3084164 -3.459794 0.8245363 -0.400566 -3.798333 0.8245363 -0.3775936 -3.448132 0.8245363 -0.4591935 -3.814564 0.8245363 -0.4591936 -3.459794 0.8245363 -0.5178209 -3.798333 0.8245363 -0.5407936 -3.493004 0.8245363 -0.5675229 -3.75211 0.8245363 -0.6099708 -3.542706 0.8245363 -0.6007327 -3.682933 0.8245363 -0.6561935 -3.601333 0.8245363 -0.6123945 -3.601333 0.8245363 -0.6724247 -3.659961 0.8245363 -0.6007328 -3.519733 0.8245363 -0.6561934 -3.709663 0.8245363 -0.567523 -3.450556 0.8245363 -0.6099707 -3.742872 0.8245363 -0.517821 -3.404333 0.8245363 -0.5407935 -3.754534 0.8245363 -0.4591936 -3.388102 0.8245363 -0.4591934 -3.742872 0.8245363 -0.4005662 -3.404334 0.8245363 -0.3775934 -3.709663 0.8245363 -0.3508642 -3.450556 0.8245363 -0.3084163 -3.659961 0.8245363 -0.3176545 -3.519734 0.8245363 -0.2621936 -3.601333 0.8245363 -0.3059927 -3.542706 0.9044479 -0.3176544 -3.493004 0.9044479 -0.3508641 -3.459794 0.9044479 -0.400566 -3.448132 0.9044479 -0.4591934 -3.459794 0.9044479 -0.5178209 -3.493004 0.9044479 -0.5675229 -3.542706 0.9044479 -0.6007327 -3.601333 0.9044479 -0.6123945 -3.659961 0.9044479 -0.6007328 -3.709663 0.9044479 -0.567523 -3.742872 0.9044479 -0.517821 -3.754534 0.9044479 -0.4591936 -3.742872 0.9044479 -0.4005662 -3.709663 0.9044479 -0.3508642 -3.659961 0.9044479 -0.3176545 -3.601333 0.9044479 -0.3059927 -3.601333 0.8400052 -0.2238402 -3.691399 0.8400052 -0.2417554 -3.767753 0.8400052 -0.2927737 -3.818772 0.8400052 -0.3691278 -3.836687 0.8400052 -0.4591936 -3.818772 0.8400052 -0.5492594 -3.767753 0.8400052 -0.6256136 -3.691399 0.8400052 -0.6766318 -3.601333 0.8400052 -0.694547 -3.511267 0.8400052 -0.6766318 -3.434913 0.8400052 -0.6256135 -3.383895 0.8400052 -0.5492593 -3.36598 0.8400052 -0.4591934 -3.383895 0.8400052 -0.3691275 -3.434914 0.8400052 -0.2927734 -3.511268 0.8400052 -0.2417553 -3.545922 0.9044479 -0.3254181 -3.498946 0.9044479 -0.3568062 -3.467558 0.9044479 -0.4037818 -3.456536 0.9044479 -0.4591935 -3.467558 0.9044479 -0.5146051 -3.498946 0.9044479 -0.5615808 -3.545922 0.9044479 -0.5929691 -3.601333 0.9044479 -0.6039912 -3.656745 0.9044479 -0.5929691 -3.703721 0.9044479 -0.5615809 -3.735109 0.9044479 -0.5146052 -3.746131 0.9044479 -0.4591936 -3.735109 0.9044479 -0.403782 -3.703721 0.9044479 -0.3568063 -3.656745 0.9044479 -0.3254181 -3.601333 0.9044479 -0.314396 -3.545922 0.8673366 -0.3254181 -3.498946 0.8673366 -0.3568062 -3.467558 0.8673366 -0.4037818 -3.456536 0.8673366 -0.4591935 -3.467558 0.8673366 -0.5146051 -3.498946 0.8673366 -0.5615808 -3.545922 0.8673366 -0.5929691 -3.601333 0.8673366 -0.6039912 -3.656745 0.8673366 -0.5929691 -3.703721 0.8673366 -0.5615809 -3.735109 0.8673366 -0.5146052 -3.746131 0.8673366 -0.4591936 -3.735109 0.8673366 -0.403782 -3.703721 0.8673366 -0.3568063 -3.656745 0.8673366 -0.3254181 -3.601333 0.8673366 -0.314396 -3.566548 0.8673366 -0.375213 -3.537058 0.8673366 -0.3949176 -3.517353 0.8673366 -0.4244076 -3.510433 0.8673366 -0.4591935 -3.517353 0.8673366 -0.4939794 -3.537057 0.8673366 -0.5234695 -3.566547 0.8673366 -0.5431741 -3.601333 0.8673366 -0.5500935 -3.636119 0.8673366 -0.5431742 -3.665609 0.8673366 -0.5234695 -3.685314 0.8673366 -0.4939795 -3.692233 0.8673366 -0.4591936 -3.685314 0.8673366 -0.4244077 -3.665609 0.8673366 -0.3949177 -3.636119 0.8673366 -0.375213 -3.601333 0.8673366 -0.3682937 -3.578481 0.8973289 -0.4040226 -3.559107 0.8973289 -0.4169675 -3.546162 0.8973289 -0.4363409 -3.541617 0.8973289 -0.4591935 -3.546162 0.8973289 -0.4820461 -3.559107 0.8973289 -0.5014196 -3.578481 0.8973289 -0.5143646 -3.601333 0.8973289 -0.5189102 -3.624186 0.8973289 -0.5143646 -3.643559 0.8973289 -0.5014196 -3.656504 0.8973289 -0.4820461 -3.66105 0.8973289 -0.4591935 -3.656504 0.8973289 -0.436341 -3.643559 0.8973289 -0.4169675 -3.624186 0.8973289 -0.4040226 -3.601333 0.8973289 -0.399477 -3.58811 0.8973289 -0.4272701 -3.5769 0.8973289 -0.4347604 -3.56941 0.8973289 -0.4459704 -3.56678 0.8973289 -0.4591935 -3.56941 0.8973289 -0.4724166 -3.5769 0.8973289 -0.4836267 -3.58811 0.8973289 -0.491117 -3.601333 0.8973289 -0.4937472 -3.614557 0.8973289 -0.491117 -3.625766 0.8973289 -0.4836267 -3.633257 0.8973289 -0.4724166 -3.635887 0.8973289 -0.4591935 -3.633257 0.8973289 -0.4459704 -3.625766 0.8973289 -0.4347605 -3.614557 0.8973289 -0.4272702 -3.601333 0.8973289 -0.4246399 -3.58811 0.8678565 -0.4272701 -3.5769 0.8678565 -0.4347604 -3.56941 0.8678565 -0.4459704 -3.56678 0.8678565 -0.4591935 -3.56941 0.8678565 -0.4724166 -3.5769 0.8678565 -0.4836267 -3.58811 0.8678565 -0.491117 -3.601333 0.8678565 -0.4937472 -3.614557 0.8678565 -0.491117 -3.625766 0.8678565 -0.4836267 -3.633257 0.8678565 -0.4724166 -3.635887 0.8678565 -0.4591935 -3.633257 0.8678565 -0.4459705 -3.625766 0.8678565 -0.4347605 -3.614557 0.8678565 -0.4272702 -3.601333 0.8678565 -0.4246399 -3.601333 0.9753406 -0.2459625 -3.542706 0.9753406 -0.3176544 -3.682933 0.9753406 -0.2621937 -3.493004 0.9753406 -0.3508641 -3.75211 0.9753406 -0.3084164 -3.459794 0.9753406 -0.400566 -3.798333 0.9753406 -0.3775936 -3.448132 0.9753406 -0.4591934 -3.814564 0.9753406 -0.4591936 -3.459794 0.9753406 -0.5178209 -3.798333 0.9753406 -0.5407936 -3.493004 0.9753406 -0.5675229 -3.75211 0.9753406 -0.6099708 -3.542706 0.9753406 -0.6007327 -3.682933 0.9753406 -0.6561935 -3.601333 0.9753406 -0.6123945 -3.601333 0.9753406 -0.6724247 -3.659961 0.9753406 -0.6007328 -3.519733 0.9753406 -0.6561934 -3.709663 0.9753406 -0.567523 -3.450556 0.9753406 -0.6099707 -3.742872 0.9753406 -0.517821 -3.404333 0.9753406 -0.5407935 -3.754534 0.9753406 -0.4591936 -3.388102 0.9753406 -0.4591934 -3.742872 0.9753406 -0.4005662 -3.404334 0.9753406 -0.3775934 -3.709663 0.9753406 -0.3508642 -3.450556 0.9753406 -0.3084163 -3.659961 0.9753406 -0.3176545 -3.519734 0.9753406 -0.2621936 -3.601333 0.9753406 -0.3059927 -3.542706 0.895429 -0.3176544 -3.493004 0.895429 -0.3508641 -3.459794 0.895429 -0.400566 -3.448132 0.895429 -0.4591934 -3.459794 0.895429 -0.5178209 -3.493004 0.895429 -0.5675229 -3.542706 0.895429 -0.6007327 -3.601333 0.895429 -0.6123945 -3.659961 0.895429 -0.6007328 -3.709663 0.895429 -0.567523 -3.742872 0.895429 -0.517821 -3.754534 0.895429 -0.4591936 -3.742872 0.895429 -0.4005662 -3.709663 0.895429 -0.3508642 -3.659961 0.895429 -0.3176545 -3.601333 0.895429 -0.3059927 -3.601333 0.9598717 -0.2238402 -3.691399 0.9598717 -0.2417554 -3.767753 0.9598717 -0.2927737 -3.818772 0.9598717 -0.3691278 -3.836687 0.9598717 -0.4591936 -3.818772 0.9598717 -0.5492594 -3.767753 0.9598717 -0.6256136 -3.691399 0.9598717 -0.6766318 -3.601333 0.9598717 -0.694547 -3.511267 0.9598717 -0.6766318 -3.434913 0.9598717 -0.6256135 -3.383895 0.9598717 -0.5492593 -3.36598 0.9598717 -0.4591934 -3.383895 0.9598717 -0.3691275 -3.434914 0.9598717 -0.2927734 -3.511268 0.9598717 -0.2417553 -3.601333 0.8999385 -0.2238402 -3.691399 0.8999385 -0.2417554 -3.767753 0.8999385 -0.2927737 -3.818772 0.8999385 -0.3691278 -3.836687 0.8999385 -0.4591936 -3.818772 0.8999385 -0.5492594 -3.767753 0.8999385 -0.6256136 -3.691399 0.8999385 -0.6766318 -3.601333 0.8999385 -0.694547 -3.511267 0.8999385 -0.6766318 -3.434913 0.8999385 -0.6256135 -3.383895 0.8999385 -0.5492593 -3.36598 0.8999385 -0.4591934 -3.383895 0.8999385 -0.3691275 -3.434914 0.8999385 -0.2927734 -3.511268 0.8999385 -0.2417553 -3.545922 0.895429 -0.3254181 -3.498946 0.895429 -0.3568062 -3.467558 0.895429 -0.4037818 -3.456536 0.895429 -0.4591935 -3.467558 0.895429 -0.5146051 -3.498946 0.895429 -0.5615808 -3.545922 0.895429 -0.5929691 -3.601333 0.895429 -0.6039912 -3.656745 0.895429 -0.5929691 -3.703721 0.895429 -0.5615809 -3.735109 0.895429 -0.5146052 -3.746131 0.895429 -0.4591936 -3.735109 0.895429 -0.403782 -3.703721 0.895429 -0.3568063 -3.656745 0.895429 -0.3254181 -3.601333 0.895429 -0.314396 -3.545922 0.8999385 -0.3254181 -3.498946 0.8999385 -0.3568062 -3.467558 0.8999385 -0.4037818 -3.456536 0.8999385 -0.4591935 -3.467558 0.8999385 -0.5146051 -3.498946 0.8999385 -0.5615808 -3.545922 0.8999385 -0.5929691 -3.601333 0.8999385 -0.6039912 -3.656745 0.8999385 -0.5929691 -3.703721 0.8999385 -0.5615809 -3.735109 0.8999385 -0.5146052 -3.746131 0.8999385 -0.4591936 -3.735109 0.8999385 -0.403782 -3.703721 0.8999385 -0.3568063 -3.656745 0.8999385 -0.3254181 -3.601333 0.8999385 -0.314396 -3.545922 0.9325403 -0.3254181 -3.498946 0.9325403 -0.3568062 -3.467558 0.9325403 -0.4037818 -3.456536 0.9325403 -0.4591935 -3.467558 0.9325403 -0.5146051 -3.498946 0.9325403 -0.5615808 -3.545922 0.9325403 -0.5929691 -3.601333 0.9325403 -0.6039912 -3.656745 0.9325403 -0.5929691 -3.703721 0.9325403 -0.5615809 -3.735109 0.9325403 -0.5146052 -3.746131 0.9325403 -0.4591936 -3.735109 0.9325403 -0.403782 -3.703721 0.9325403 -0.3568063 -3.656745 0.9325403 -0.3254181 -3.601333 0.9325403 -0.314396 -3.566548 0.9325403 -0.375213 -3.537058 0.9325403 -0.3949176 -3.517353 0.9325403 -0.4244076 -3.510433 0.9325403 -0.4591935 -3.517353 0.9325403 -0.4939794 -3.537057 0.9325403 -0.5234695 -3.566547 0.9325403 -0.5431741 -3.601333 0.9325403 -0.5500935 -3.636119 0.9325403 -0.5431742 -3.665609 0.9325403 -0.5234695 -3.685314 0.9325403 -0.4939795 -3.692233 0.9325403 -0.4591935 -3.685314 0.9325403 -0.4244077 -3.665609 0.9325403 -0.3949177 -3.636119 0.9325403 -0.375213 -3.601333 0.9325403 -0.3682937 -3.578481 0.902548 -0.4040226 -3.559107 0.902548 -0.4169675 -3.546162 0.902548 -0.4363409 -3.541617 0.902548 -0.4591935 -3.546162 0.902548 -0.4820461 -3.559107 0.902548 -0.5014196 -3.578481 0.902548 -0.5143646 -3.601333 0.902548 -0.5189102 -3.624186 0.902548 -0.5143646 -3.643559 0.902548 -0.5014196 -3.656504 0.902548 -0.4820461 -3.66105 0.902548 -0.4591935 -3.656504 0.902548 -0.436341 -3.643559 0.902548 -0.4169675 -3.624186 0.902548 -0.4040226 -3.601333 0.902548 -0.399477 -3.58811 0.902548 -0.4272701 -3.5769 0.902548 -0.4347604 -3.56941 0.902548 -0.4459704 -3.56678 0.902548 -0.4591935 -3.56941 0.902548 -0.4724166 -3.5769 0.902548 -0.4836267 -3.58811 0.902548 -0.491117 -3.601333 0.902548 -0.4937472 -3.614557 0.902548 -0.491117 -3.625766 0.902548 -0.4836267 -3.633257 0.902548 -0.4724166 -3.635887 0.902548 -0.4591935 -3.633257 0.902548 -0.4459704 -3.625766 0.902548 -0.4347605 -3.614557 0.902548 -0.4272702 -3.601333 0.902548 -0.4246399 -3.58811 0.9320205 -0.4272701 -3.5769 0.9320205 -0.4347604 -3.56941 0.9320205 -0.4459704 -3.56678 0.9320205 -0.4591935 -3.56941 0.9320205 -0.4724166 -3.5769 0.9320205 -0.4836267 -3.58811 0.9320205 -0.491117 -3.601333 0.9320205 -0.4937472 -3.614557 0.9320205 -0.491117 -3.625766 0.9320205 -0.4836267 -3.633257 0.9320205 -0.4724166 -3.635887 0.9320205 -0.4591935 -3.633257 0.9320205 -0.4459704 -3.625766 0.9320205 -0.4347605 -3.614557 0.9320205 -0.4272702 -3.601333 0.9320205 -0.4246399 0.1031914 0.8245363 -0.2459625 0.1618186 0.8245363 -0.3176544 0.02159136 0.8245363 -0.2621937 0.2115206 0.8245363 -0.3508641 -0.04758572 0.8245363 -0.3084164 0.2447305 0.8245363 -0.400566 -0.09380841 0.8245363 -0.3775936 0.2563923 0.8245363 -0.4591935 -0.1100397 0.8245363 -0.4591936 0.2447306 0.8245363 -0.5178209 -0.09380841 0.8245363 -0.5407936 0.2115208 0.8245363 -0.5675229 -0.04758572 0.8245363 -0.6099708 0.1618189 0.8245363 -0.6007327 0.02159142 0.8245363 -0.6561935 0.1031914 0.8245363 -0.6123945 0.1031915 0.8245363 -0.6724247 0.044564 0.8245363 -0.6007328 0.1847915 0.8245363 -0.6561934 -0.00513792 0.8245363 -0.567523 0.2539687 0.8245363 -0.6099707 -0.03834766 0.8245363 -0.517821 0.3001914 0.8245363 -0.5407935 -0.05000936 0.8245363 -0.4591936 0.3164225 0.8245363 -0.4591934 -0.03834766 0.8245363 -0.4005662 0.3001912 0.8245363 -0.3775934 -0.00513792 0.8245363 -0.3508642 0.2539684 0.8245363 -0.3084163 0.04456394 0.8245363 -0.3176545 0.1847911 0.8245363 -0.2621936 0.1031914 0.8245363 -0.3059927 0.1618186 0.9044479 -0.3176544 0.2115206 0.9044479 -0.3508641 0.2447305 0.9044479 -0.400566 0.2563923 0.9044479 -0.4591934 0.2447306 0.9044479 -0.5178209 0.2115208 0.9044479 -0.5675229 0.1618189 0.9044479 -0.6007327 0.1031914 0.9044479 -0.6123945 0.044564 0.9044479 -0.6007328 -0.00513792 0.9044479 -0.567523 -0.03834766 0.9044479 -0.517821 -0.05000936 0.9044479 -0.4591936 -0.03834766 0.9044479 -0.4005662 -0.00513792 0.9044479 -0.3508642 0.04456394 0.9044479 -0.3176545 0.1031914 0.9044479 -0.3059927 0.1031914 0.8400052 -0.2238402 0.01312559 0.8400052 -0.2417554 -0.06322848 0.8400052 -0.2927737 -0.1142467 0.8400052 -0.3691278 -0.1321619 0.8400052 -0.4591936 -0.1142467 0.8400052 -0.5492594 -0.06322848 0.8400052 -0.6256136 0.01312559 0.8400052 -0.6766318 0.1031915 0.8400052 -0.694547 0.1932573 0.8400052 -0.6766318 0.2696115 0.8400052 -0.6256135 0.3206297 0.8400052 -0.5492593 0.3385448 0.8400052 -0.4591934 0.3206295 0.8400052 -0.3691275 0.2696112 0.8400052 -0.2927734 0.1932569 0.8400052 -0.2417553 0.1586028 0.9044479 -0.3254181 0.2055786 0.9044479 -0.3568062 0.2369668 0.9044479 -0.4037818 0.2479889 0.9044479 -0.4591935 0.2369669 0.9044479 -0.5146051 0.2055788 0.9044479 -0.5615808 0.1586031 0.9044479 -0.5929691 0.1031914 0.9044479 -0.6039912 0.04777979 0.9044479 -0.5929691 8.04111e-4 0.9044479 -0.5615809 -0.03058403 0.9044479 -0.5146052 -0.04160606 0.9044479 -0.4591936 -0.03058403 0.9044479 -0.403782 8.04111e-4 0.9044479 -0.3568063 0.04777979 0.9044479 -0.3254181 0.1031914 0.9044479 -0.314396 0.1586028 0.8673366 -0.3254181 0.2055786 0.8673366 -0.3568062 0.2369668 0.8673366 -0.4037818 0.2479889 0.8673366 -0.4591935 0.2369669 0.8673366 -0.5146051 0.2055788 0.8673366 -0.5615808 0.1586031 0.8673366 -0.5929691 0.1031914 0.8673366 -0.6039912 0.04777979 0.8673366 -0.5929691 8.04111e-4 0.8673366 -0.5615809 -0.03058403 0.8673366 -0.5146052 -0.04160606 0.8673366 -0.4591936 -0.03058403 0.8673366 -0.403782 8.04111e-4 0.8673366 -0.3568063 0.04777979 0.8673366 -0.3254181 0.1031914 0.8673366 -0.314396 0.1379771 0.8673366 -0.375213 0.1674672 0.8673366 -0.3949176 0.1871719 0.8673366 -0.4244076 0.1940913 0.8673366 -0.4591935 0.1871719 0.8673366 -0.4939794 0.1674674 0.8673366 -0.5234695 0.1379773 0.8673366 -0.5431741 0.1031914 0.8673366 -0.5500935 0.06840556 0.8673366 -0.5431742 0.03891551 0.8673366 -0.5234695 0.01921087 0.8673366 -0.4939795 0.01229155 0.8673366 -0.4591936 0.01921087 0.8673366 -0.4244077 0.03891551 0.8673366 -0.3949177 0.0684055 0.8673366 -0.375213 0.1031914 0.8673366 -0.3682937 0.1260439 0.8973289 -0.4040226 0.1454173 0.8973289 -0.4169675 0.1583623 0.8973289 -0.4363409 0.162908 0.8973289 -0.4591935 0.1583624 0.8973289 -0.4820461 0.1454175 0.8973289 -0.5014196 0.126044 0.8973289 -0.5143646 0.1031914 0.8973289 -0.5189102 0.08033883 0.8973289 -0.5143646 0.06096535 0.8973289 -0.5014196 0.04802042 0.8973289 -0.4820461 0.04347479 0.8973289 -0.4591935 0.04802042 0.8973289 -0.436341 0.06096535 0.8973289 -0.4169675 0.08033883 0.8973289 -0.4040226 0.1031914 0.8973289 -0.399477 0.1164144 0.8973289 -0.4272701 0.1276245 0.8973289 -0.4347604 0.1351148 0.8973289 -0.4459704 0.137745 0.8973289 -0.4591935 0.1351148 0.8973289 -0.4724166 0.1276245 0.8973289 -0.4836267 0.1164145 0.8973289 -0.491117 0.1031914 0.8973289 -0.4937472 0.08996832 0.8973289 -0.491117 0.07875829 0.8973289 -0.4836267 0.07126802 0.8973289 -0.4724166 0.06863772 0.8973289 -0.4591935 0.07126802 0.8973289 -0.4459704 0.07875829 0.8973289 -0.4347605 0.08996832 0.8973289 -0.4272702 0.1031914 0.8973289 -0.4246399 0.1164144 0.8678565 -0.4272701 0.1276245 0.8678565 -0.4347604 0.1351148 0.8678565 -0.4459704 0.137745 0.8678565 -0.4591935 0.1351148 0.8678565 -0.4724166 0.1276245 0.8678565 -0.4836267 0.1164145 0.8678565 -0.491117 0.1031914 0.8678565 -0.4937472 0.08996832 0.8678565 -0.491117 0.07875829 0.8678565 -0.4836267 0.07126802 0.8678565 -0.4724166 0.06863772 0.8678565 -0.4591935 0.07126802 0.8678565 -0.4459705 0.07875829 0.8678565 -0.4347605 0.08996832 0.8678565 -0.4272702 0.1031914 0.8678565 -0.4246399 0.1031914 0.9753406 -0.2459625 0.1618186 0.9753406 -0.3176544 0.02159136 0.9753406 -0.2621937 0.2115206 0.9753406 -0.3508641 -0.04758572 0.9753406 -0.3084164 0.2447305 0.9753406 -0.400566 -0.09380841 0.9753406 -0.3775936 0.2563923 0.9753406 -0.4591934 -0.1100397 0.9753406 -0.4591936 0.2447306 0.9753406 -0.5178209 -0.09380841 0.9753406 -0.5407936 0.2115208 0.9753406 -0.5675229 -0.04758572 0.9753406 -0.6099708 0.1618189 0.9753406 -0.6007327 0.02159142 0.9753406 -0.6561935 0.1031914 0.9753406 -0.6123945 0.1031915 0.9753406 -0.6724247 0.044564 0.9753406 -0.6007328 0.1847915 0.9753406 -0.6561934 -0.00513792 0.9753406 -0.567523 0.2539687 0.9753406 -0.6099707 -0.03834766 0.9753406 -0.517821 0.3001914 0.9753406 -0.5407935 -0.05000936 0.9753406 -0.4591936 0.3164225 0.9753406 -0.4591934 -0.03834766 0.9753406 -0.4005662 0.3001912 0.9753406 -0.3775934 -0.00513792 0.9753406 -0.3508642 0.2539684 0.9753406 -0.3084163 0.04456394 0.9753406 -0.3176545 0.1847911 0.9753406 -0.2621936 0.1031914 0.9753406 -0.3059927 0.1618186 0.895429 -0.3176544 0.2115206 0.895429 -0.3508641 0.2447305 0.895429 -0.400566 0.2563923 0.895429 -0.4591934 0.2447306 0.895429 -0.5178209 0.2115208 0.895429 -0.5675229 0.1618189 0.895429 -0.6007327 0.1031914 0.895429 -0.6123945 0.044564 0.895429 -0.6007328 -0.00513792 0.895429 -0.567523 -0.03834766 0.895429 -0.517821 -0.05000936 0.895429 -0.4591936 -0.03834766 0.895429 -0.4005662 -0.00513792 0.895429 -0.3508642 0.04456394 0.895429 -0.3176545 0.1031914 0.895429 -0.3059927 0.1031914 0.9598717 -0.2238402 0.01312559 0.9598717 -0.2417554 -0.06322848 0.9598717 -0.2927737 -0.1142467 0.9598717 -0.3691278 -0.1321619 0.9598717 -0.4591936 -0.1142467 0.9598717 -0.5492594 -0.06322848 0.9598717 -0.6256136 0.01312559 0.9598717 -0.6766318 0.1031915 0.9598717 -0.694547 0.1932573 0.9598717 -0.6766318 0.2696115 0.9598717 -0.6256135 0.3206297 0.9598717 -0.5492593 0.3385448 0.9598717 -0.4591934 0.3206295 0.9598717 -0.3691275 0.2696112 0.9598717 -0.2927734 0.1932569 0.9598717 -0.2417553 0.1031914 0.8999385 -0.2238402 0.01312559 0.8999385 -0.2417554 -0.06322848 0.8999385 -0.2927737 -0.1142467 0.8999385 -0.3691278 -0.1321619 0.8999385 -0.4591936 -0.1142467 0.8999385 -0.5492594 -0.06322848 0.8999385 -0.6256136 0.01312559 0.8999385 -0.6766318 0.1031915 0.8999385 -0.694547 0.1932573 0.8999385 -0.6766318 0.2696115 0.8999385 -0.6256135 0.3206297 0.8999385 -0.5492593 0.3385448 0.8999385 -0.4591934 0.3206295 0.8999385 -0.3691275 0.2696112 0.8999385 -0.2927734 0.1932569 0.8999385 -0.2417553 0.1586028 0.895429 -0.3254181 0.2055786 0.895429 -0.3568062 0.2369668 0.895429 -0.4037818 0.2479889 0.895429 -0.4591935 0.2369669 0.895429 -0.5146051 0.2055788 0.895429 -0.5615808 0.1586031 0.895429 -0.5929691 0.1031914 0.895429 -0.6039912 0.04777979 0.895429 -0.5929691 8.04111e-4 0.895429 -0.5615809 -0.03058403 0.895429 -0.5146052 -0.04160606 0.895429 -0.4591936 -0.03058403 0.895429 -0.403782 8.04111e-4 0.895429 -0.3568063 0.04777979 0.895429 -0.3254181 0.1031914 0.895429 -0.314396 0.1586028 0.8999385 -0.3254181 0.2055786 0.8999385 -0.3568062 0.2369668 0.8999385 -0.4037818 0.2479889 0.8999385 -0.4591935 0.2369669 0.8999385 -0.5146051 0.2055788 0.8999385 -0.5615808 0.1586031 0.8999385 -0.5929691 0.1031914 0.8999385 -0.6039912 0.04777979 0.8999385 -0.5929691 8.04111e-4 0.8999385 -0.5615809 -0.03058403 0.8999385 -0.5146052 -0.04160606 0.8999385 -0.4591936 -0.03058403 0.8999385 -0.403782 8.04111e-4 0.8999385 -0.3568063 0.04777979 0.8999385 -0.3254181 0.1031914 0.8999385 -0.314396 0.1586028 0.9325403 -0.3254181 0.2055786 0.9325403 -0.3568062 0.2369668 0.9325403 -0.4037818 0.2479889 0.9325403 -0.4591935 0.2369669 0.9325403 -0.5146051 0.2055788 0.9325403 -0.5615808 0.1586031 0.9325403 -0.5929691 0.1031914 0.9325403 -0.6039912 0.04777979 0.9325403 -0.5929691 8.04111e-4 0.9325403 -0.5615809 -0.03058403 0.9325403 -0.5146052 -0.04160606 0.9325403 -0.4591936 -0.03058403 0.9325403 -0.403782 8.04111e-4 0.9325403 -0.3568063 0.04777979 0.9325403 -0.3254181 0.1031914 0.9325403 -0.314396 0.1379771 0.9325403 -0.375213 0.1674672 0.9325403 -0.3949176 0.1871719 0.9325403 -0.4244076 0.1940913 0.9325403 -0.4591935 0.1871719 0.9325403 -0.4939794 0.1674674 0.9325403 -0.5234695 0.1379773 0.9325403 -0.5431741 0.1031914 0.9325403 -0.5500935 0.06840556 0.9325403 -0.5431742 0.03891551 0.9325403 -0.5234695 0.01921087 0.9325403 -0.4939795 0.01229155 0.9325403 -0.4591935 0.01921087 0.9325403 -0.4244077 0.03891551 0.9325403 -0.3949177 0.0684055 0.9325403 -0.375213 0.1031914 0.9325403 -0.3682937 0.1260439 0.902548 -0.4040226 0.1454173 0.902548 -0.4169675 0.1583623 0.902548 -0.4363409 0.162908 0.902548 -0.4591935 0.1583624 0.902548 -0.4820461 0.1454175 0.902548 -0.5014196 0.126044 0.902548 -0.5143646 0.1031914 0.902548 -0.5189102 0.08033883 0.902548 -0.5143646 0.06096535 0.902548 -0.5014196 0.04802042 0.902548 -0.4820461 0.04347479 0.902548 -0.4591935 0.04802042 0.902548 -0.436341 0.06096535 0.902548 -0.4169675 0.08033883 0.902548 -0.4040226 0.1031914 0.902548 -0.399477 0.1164144 0.902548 -0.4272701 0.1276245 0.902548 -0.4347604 0.1351148 0.902548 -0.4459704 0.137745 0.902548 -0.4591935 0.1351148 0.902548 -0.4724166 0.1276245 0.902548 -0.4836267 0.1164145 0.902548 -0.491117 0.1031914 0.902548 -0.4937472 0.08996832 0.902548 -0.491117 0.07875829 0.902548 -0.4836267 0.07126802 0.902548 -0.4724166 0.06863772 0.902548 -0.4591935 0.07126802 0.902548 -0.4459704 0.07875829 0.902548 -0.4347605 0.08996832 0.902548 -0.4272702 0.1031914 0.902548 -0.4246399 0.1164144 0.9320205 -0.4272701 0.1276245 0.9320205 -0.4347604 0.1351148 0.9320205 -0.4459704 0.137745 0.9320205 -0.4591935 0.1351148 0.9320205 -0.4724166 0.1276245 0.9320205 -0.4836267 0.1164145 0.9320205 -0.491117 0.1031914 0.9320205 -0.4937472 0.08996832 0.9320205 -0.491117 0.07875829 0.9320205 -0.4836267 0.07126802 0.9320205 -0.4724166 0.06863772 0.9320205 -0.4591935 0.07126802 0.9320205 -0.4459704 0.07875829 0.9320205 -0.4347605 0.08996832 0.9320205 -0.4272702 0.1031914 0.9320205 -0.4246399 0.8881571 0.0683642 -0.1728316 0.8902177 0.06736481 -0.162896 0.892199 0.06440508 -0.1533423 0.894025 0.05959868 -0.1445376 0.8956255 0.05313032 -0.1368201 0.8969391 0.04524868 -0.1304866 0.8979151 0.03625655 -0.1257803 0.8985161 0.0264995 -0.1228823 0.8987191 0.01635259 -0.1219037 0.8985161 0.006205618 -0.1228823 0.8979151 -0.003551363 -0.1257803 0.8969391 -0.01254349 -0.1304866 0.8956255 -0.0204252 -0.1368201 0.894025 -0.02689349 -0.1445376 0.892199 -0.03169989 -0.1533424 0.8902177 -0.03465968 -0.1628961 0.8881571 -0.03565901 -0.1728317 0.8860966 -0.03465962 -0.1827672 0.8841152 -0.03169989 -0.192321 0.8822892 -0.02689349 -0.2011257 0.8806887 -0.02042514 -0.2088432 0.8793752 -0.01254349 -0.2151767 0.8783991 -0.003551363 -0.2198829 0.8777981 0.006205618 -0.222781 0.8775952 0.01635259 -0.2237596 0.8777981 0.02649956 -0.222781 0.8783991 0.03625661 -0.2198829 0.8793752 0.04524874 -0.2151767 0.8806887 0.05313038 -0.2088431 0.8822892 0.05959874 -0.2011256 0.8841153 0.06440508 -0.1923208 0.8860966 0.06736487 -0.1827671 0.8881571 0.06088829 -0.1728316 0.8899215 0.06003254 -0.1643242 0.8916181 0.05749821 -0.1561437 0.8931816 0.05338263 -0.1486045 0.8945521 0.04784405 -0.1419963 0.8956768 0.04109525 -0.1365731 0.8965125 0.03339564 -0.1325433 0.8970272 0.02504104 -0.1300618 0.897201 0.01635259 -0.1292238 0.8970272 0.007664084 -0.1300618 0.8965125 -6.90479e-4 -0.1325433 0.8956768 -0.008390069 -0.1365731 0.8945521 -0.01513886 -0.1419963 0.8931816 -0.02067744 -0.1486045 0.8916181 -0.02479302 -0.1561437 0.8899215 -0.02732735 -0.1643242 0.8881571 -0.0281831 -0.1728317 0.8863928 -0.02732735 -0.1813391 0.8846962 -0.02479302 -0.1895196 0.8831326 -0.02067744 -0.1970588 0.8817622 -0.01513886 -0.203667 0.8806375 -0.008390069 -0.2090902 0.8798018 -6.90451e-4 -0.21312 0.8792871 0.007664144 -0.2156015 0.8791133 0.01635259 -0.2164394 0.8792871 0.0250411 -0.2156015 0.8798018 0.0333957 -0.2131199 0.8806375 0.04109531 -0.2090901 0.8817622 0.04784411 -0.2036669 0.8831326 0.05338269 -0.1970587 0.8846963 0.05749821 -0.1895195 0.8863928 0.06003254 -0.181339 0.8943721 0.02504104 -0.1610571 0.8945458 0.01635259 -0.1602192 0.8943721 0.007664084 -0.1610571 0.8917745 0.03338128 -0.1735818 0.8935389 0.03305411 -0.1650744 0.8935389 -3.48946e-4 -0.1650744 0.8917745 -6.76148e-4 -0.1735818 0.8900102 -3.48946e-4 -0.1820893 0.8900102 0.03305411 -0.1820892 0.8885406 0.007638573 -0.1891753 0.888026 0.01191025 -0.1916568 0.888026 0.02079498 -0.1916567 0.8885406 0.02506661 -0.1891752 0.8821596 0.0683642 -0.1715878 0.8842201 0.06736481 -0.1616522 0.8862015 0.06440508 -0.1520985 0.8880275 0.05959868 -0.1432937 0.889628 0.05313032 -0.1355763 0.8909416 0.04524868 -0.1292427 0.8919176 0.03625655 -0.1245365 0.8925186 0.0264995 -0.1216384 0.8927215 0.01635259 -0.1206598 0.8925186 0.006205618 -0.1216384 0.8919176 -0.003551363 -0.1245365 0.8909416 -0.01254349 -0.1292427 0.889628 -0.0204252 -0.1355763 0.8880275 -0.02689349 -0.1432937 0.8862015 -0.03169989 -0.1520985 0.8842201 -0.03465968 -0.1616523 0.8821596 -0.03565901 -0.1715878 0.8800991 -0.03465962 -0.1815234 0.8781177 -0.03169989 -0.1910771 0.8762917 -0.02689349 -0.1998819 0.8746911 -0.02042514 -0.2075994 0.8733776 -0.01254349 -0.2139329 0.8724016 -0.003551363 -0.2186391 0.8718006 0.006205618 -0.2215372 0.8715977 0.01635259 -0.2225158 0.8718006 0.02649956 -0.2215372 0.8724016 0.03625661 -0.2186391 0.8733777 0.04524874 -0.2139328 0.8746912 0.05313038 -0.2075992 0.8762917 0.05959874 -0.1998818 0.8781177 0.06440508 -0.191077 0.8800991 0.06736487 -0.1815233 0.8821596 0.06088829 -0.1715878 0.883924 0.06003254 -0.1630803 0.8856205 0.05749821 -0.1548998 0.8871841 0.05338263 -0.1473606 0.8885545 0.04784405 -0.1407524 0.8896793 0.04109525 -0.1353293 0.890515 0.03339564 -0.1312994 0.8910297 0.02504104 -0.1288179 0.8912034 0.01635259 -0.12798 0.8910297 0.007664084 -0.1288179 0.890515 -6.90479e-4 -0.1312994 0.8896793 -0.008390069 -0.1353293 0.8885545 -0.01513886 -0.1407524 0.8871841 -0.02067744 -0.1473606 0.8856205 -0.02479302 -0.1548998 0.883924 -0.02732735 -0.1630803 0.8821596 -0.0281831 -0.1715878 0.8803952 -0.02732735 -0.1800953 0.8786987 -0.02479302 -0.1882758 0.8771351 -0.02067744 -0.195815 0.8757647 -0.01513886 -0.2024232 0.8746399 -0.008390069 -0.2078464 0.8738042 -6.90451e-4 -0.2118762 0.8732895 0.007664144 -0.2143577 0.8731158 0.01635259 -0.2151955 0.8732895 0.0250411 -0.2143576 0.8738042 0.0333957 -0.2118761 0.8746399 0.04109531 -0.2078463 0.8757647 0.04784411 -0.2024231 0.8771351 0.05338269 -0.1958149 0.8786987 0.05749821 -0.1882757 0.8803952 0.06003254 -0.1800952 0.8883745 0.02504104 -0.1598132 0.8885483 0.01635259 -0.1589754 0.8883745 0.007664084 -0.1598132 0.885777 0.03338128 -0.172338 0.8875414 0.03305411 -0.1638305 0.8875414 -3.48946e-4 -0.1638306 0.885777 -6.76148e-4 -0.172338 0.8840126 -3.48946e-4 -0.1808455 0.8840126 0.03305411 -0.1808454 0.8825431 0.007638573 -0.1879314 0.8820285 0.01191025 -0.1904129 0.8820285 0.02079498 -0.1904129 0.8825431 0.02506661 -0.1879314 0.8263322 -0.8524898 -0.174787 0.8850088 -0.8524898 -0.1677291 0.8217167 -0.850824 -0.1910583 0.8803934 -0.850824 -0.1840004 0.8172786 -0.8458906 -0.2067043 0.8759553 -0.8458906 -0.1996464 0.8131885 -0.8378791 -0.2211238 0.8718652 -0.8378791 -0.2140659 0.8096034 -0.8270975 -0.2337626 0.8682801 -0.8270975 -0.2267047 0.8066613 -0.8139602 -0.2441349 0.8653379 -0.8139602 -0.237077 0.804475 -0.7989718 -0.2518423 0.8631517 -0.7989718 -0.2447844 0.8031287 -0.7827085 -0.2565885 0.8618054 -0.7827085 -0.2495306 0.8026742 -0.7657953 -0.2581911 0.8613508 -0.7657953 -0.2511332 0.8031287 -0.7488821 -0.2565885 0.8618054 -0.7488821 -0.2495306 0.804475 -0.7326188 -0.2518423 0.8631517 -0.7326188 -0.2447844 0.8066613 -0.7176304 -0.2441349 0.8653379 -0.7176304 -0.237077 0.8096034 -0.7044931 -0.2337626 0.8682801 -0.7044931 -0.2267047 0.8131885 -0.6937115 -0.2211238 0.8718652 -0.6937115 -0.2140659 0.8172786 -0.6857 -0.2067043 0.8759553 -0.6857 -0.1996464 0.8217167 -0.6807666 -0.1910583 0.8803934 -0.6807666 -0.1840004 0.8263322 -0.6791008 -0.1747869 0.8850088 -0.6791008 -0.167729 0.8309476 -0.6807666 -0.1585156 0.8896242 -0.6807666 -0.1514577 0.8353857 -0.6857001 -0.1428696 0.8940623 -0.6857001 -0.1358117 0.8394759 -0.6937115 -0.1284501 0.8981525 -0.6937115 -0.1213923 0.8430609 -0.7044931 -0.1158114 0.9017376 -0.7044931 -0.1087535 0.8460031 -0.7176305 -0.105439 0.9046797 -0.7176305 -0.0983811 0.8481893 -0.7326188 -0.09773164 0.906866 -0.7326188 -0.09067374 0.8495356 -0.7488821 -0.09298551 0.9082123 -0.7488821 -0.0859276 0.8499902 -0.7657954 -0.09138292 0.9086669 -0.7657954 -0.08432501 0.8495356 -0.7827087 -0.09298551 0.9082123 -0.7827087 -0.08592766 0.8481893 -0.798972 -0.0977317 0.906866 -0.798972 -0.0906738 0.8460031 -0.8139603 -0.1054391 0.9046797 -0.8139603 -0.09838122 0.8430609 -0.8270977 -0.1158115 0.9017375 -0.8270977 -0.1087536 0.8394758 -0.8378792 -0.1284503 0.8981525 -0.8378792 -0.1213924 0.8353857 -0.8458907 -0.1428697 0.8940623 -0.8458907 -0.1358119 0.8309476 -0.850824 -0.1585158 0.8896242 -0.850824 -0.1514579 0.8475905 -0.5793934 -0.157525 0.9062671 -0.5793934 -0.150467 0.842975 -0.5777276 -0.1737962 0.9016517 -0.5777276 -0.1667383 0.8385369 -0.5727942 -0.1894423 0.8972136 -0.5727942 -0.1823844 0.8344468 -0.5647827 -0.2038618 0.8931234 -0.5647827 -0.1968039 0.8308617 -0.5540012 -0.2165005 0.8895384 -0.5540012 -0.2094426 0.8279196 -0.5408638 -0.2268729 0.8865962 -0.5408638 -0.219815 0.8257333 -0.5258755 -0.2345802 0.88441 -0.5258755 -0.2275223 0.824387 -0.5096122 -0.2393264 0.8830637 -0.5096122 -0.2322685 0.8239324 -0.4926989 -0.240929 0.8826091 -0.4926989 -0.2338711 0.824387 -0.4757857 -0.2393264 0.8830637 -0.4757857 -0.2322685 0.8257333 -0.4595224 -0.2345802 0.88441 -0.4595224 -0.2275224 0.8279196 -0.444534 -0.2268729 0.8865962 -0.444534 -0.219815 0.8308617 -0.4313966 -0.2165005 0.8895384 -0.4313966 -0.2094426 0.8344468 -0.420615 -0.2038617 0.8931234 -0.420615 -0.1968039 0.8385369 -0.4126036 -0.1894423 0.8972136 -0.4126036 -0.1823844 0.842975 -0.4076702 -0.1737962 0.9016517 -0.4076702 -0.1667383 0.8475905 -0.4060044 -0.1575249 0.9062671 -0.4060044 -0.150467 0.8522059 -0.4076702 -0.1412536 0.9108826 -0.4076702 -0.1341957 0.856644 -0.4126036 -0.1256076 0.9153206 -0.4126036 -0.1185497 0.8607342 -0.4206151 -0.1111881 0.9194108 -0.4206151 -0.1041302 0.8643192 -0.4313967 -0.0985493 0.9229959 -0.4313967 -0.09149146 0.8672614 -0.4445341 -0.08817696 0.925938 -0.4445341 -0.08111906 0.8694476 -0.4595224 -0.0804696 0.9281243 -0.4595224 -0.0734117 0.8707939 -0.4757857 -0.07572346 0.9294705 -0.4757857 -0.06866556 0.8712485 -0.492699 -0.07412087 0.9299252 -0.492699 -0.06706297 0.8707939 -0.5096123 -0.07572346 0.9294705 -0.5096123 -0.06866562 0.8694476 -0.5258756 -0.08046966 0.9281243 -0.5258756 -0.07341176 0.8672614 -0.5408639 -0.08817708 0.925938 -0.5408639 -0.08111917 0.8643192 -0.5540013 -0.09854942 0.9229958 -0.5540013 -0.09149158 0.8607341 -0.5647828 -0.1111882 0.9194108 -0.5647828 -0.1041303 0.856644 -0.5727943 -0.1256077 0.9153206 -0.5727943 -0.1185498 0.8522059 -0.5777276 -0.1412537 0.9108825 -0.5777276 -0.1341959 0.8475905 0.5721766 -0.157525 0.9062671 0.5721766 -0.150467 0.842975 0.5705108 -0.1737962 0.9016517 0.5705108 -0.1667383 0.8385369 0.5655773 -0.1894423 0.8972136 0.5655773 -0.1823844 0.8344468 0.5575659 -0.2038618 0.8931234 0.5575659 -0.1968039 0.8308617 0.5467844 -0.2165005 0.8895384 0.5467844 -0.2094426 0.8279196 0.533647 -0.2268729 0.8865962 0.533647 -0.219815 0.8257333 0.5186586 -0.2345802 0.88441 0.5186586 -0.2275223 0.824387 0.5023953 -0.2393264 0.8830637 0.5023953 -0.2322685 0.8239324 0.485482 -0.240929 0.8826091 0.485482 -0.2338711 0.824387 0.4685688 -0.2393264 0.8830637 0.4685688 -0.2322685 0.8257333 0.4523055 -0.2345802 0.88441 0.4523055 -0.2275224 0.8279196 0.4373172 -0.2268729 0.8865962 0.4373172 -0.219815 0.8308617 0.4241798 -0.2165005 0.8895384 0.4241798 -0.2094426 0.8344468 0.4133982 -0.2038617 0.8931234 0.4133982 -0.1968039 0.8385369 0.4053868 -0.1894423 0.8972136 0.4053868 -0.1823844 0.842975 0.4004533 -0.1737962 0.9016517 0.4004533 -0.1667383 0.8475905 0.3987876 -0.1575249 0.9062671 0.3987876 -0.150467 0.8522059 0.4004534 -0.1412536 0.9108826 0.4004534 -0.1341957 0.856644 0.4053868 -0.1256076 0.9153206 0.4053868 -0.1185497 0.8607342 0.4133982 -0.1111881 0.9194108 0.4133982 -0.1041302 0.8643192 0.4241798 -0.0985493 0.9229959 0.4241798 -0.09149146 0.8672614 0.4373172 -0.08817696 0.925938 0.4373172 -0.08111906 0.8694476 0.4523056 -0.0804696 0.9281243 0.4523056 -0.0734117 0.8707939 0.4685689 -0.07572346 0.9294705 0.4685689 -0.06866556 0.8712485 0.4854822 -0.07412087 0.9299252 0.4854822 -0.06706297 0.8707939 0.5023954 -0.07572346 0.9294705 0.5023954 -0.06866562 0.8694476 0.5186587 -0.08046966 0.9281243 0.5186587 -0.07341176 0.8672614 0.5336471 -0.08817708 0.925938 0.5336471 -0.08111917 0.8643192 0.5467844 -0.09854942 0.9229958 0.5467844 -0.09149158 0.8607341 0.557566 -0.1111882 0.9194108 0.557566 -0.1041303 0.856644 0.5655774 -0.1256077 0.9153206 0.5655774 -0.1185498 0.8522059 0.5705108 -0.1412537 0.9108825 0.5705108 -0.1341959 0.8263322 0.8452729 -0.174787 0.8850088 0.8452729 -0.1677291 0.8217167 0.8436071 -0.1910583 0.8803934 0.8436071 -0.1840004 0.8172786 0.8386737 -0.2067043 0.8759553 0.8386737 -0.1996464 0.8131885 0.8306623 -0.2211238 0.8718652 0.8306623 -0.2140659 0.8096034 0.8198807 -0.2337626 0.8682801 0.8198807 -0.2267047 0.8066613 0.8067433 -0.2441349 0.8653379 0.8067433 -0.237077 0.804475 0.791755 -0.2518423 0.8631517 0.791755 -0.2447844 0.8031287 0.7754917 -0.2565885 0.8618054 0.7754917 -0.2495306 0.8026742 0.7585784 -0.2581911 0.8613508 0.7585784 -0.2511332 0.8031287 0.7416652 -0.2565885 0.8618054 0.7416652 -0.2495306 0.804475 0.7254019 -0.2518423 0.8631517 0.7254019 -0.2447844 0.8066613 0.7104135 -0.2441349 0.8653379 0.7104135 -0.237077 0.8096034 0.6972761 -0.2337626 0.8682801 0.6972761 -0.2267047 0.8131885 0.6864946 -0.2211238 0.8718652 0.6864946 -0.2140659 0.8172786 0.6784831 -0.2067043 0.8759553 0.6784831 -0.1996464 0.8217167 0.6735497 -0.1910583 0.8803934 0.6735497 -0.1840004 0.8263322 0.671884 -0.1747869 0.8850088 0.671884 -0.167729 0.8309476 0.6735497 -0.1585156 0.8896242 0.6735497 -0.1514577 0.8353857 0.6784831 -0.1428696 0.8940623 0.6784831 -0.1358117 0.8394759 0.6864946 -0.1284501 0.8981525 0.6864946 -0.1213923 0.8430609 0.6972762 -0.1158114 0.9017376 0.6972762 -0.1087535 0.8460031 0.7104136 -0.105439 0.9046797 0.7104136 -0.0983811 0.8481893 0.7254019 -0.09773164 0.906866 0.7254019 -0.09067374 0.8495356 0.7416653 -0.09298551 0.9082123 0.7416653 -0.0859276 0.8499902 0.7585785 -0.09138292 0.9086669 0.7585785 -0.08432501 0.8495356 0.7754918 -0.09298551 0.9082123 0.7754918 -0.08592766 0.8481893 0.7917551 -0.0977317 0.906866 0.7917551 -0.0906738 0.8460031 0.8067434 -0.1054391 0.9046797 0.8067434 -0.09838122 0.8430609 0.8198808 -0.1158115 0.9017375 0.8198808 -0.1087536 0.8394758 0.8306623 -0.1284503 0.8981525 0.8306623 -0.1213924 0.8353857 0.8386738 -0.1428697 0.8940623 0.8386738 -0.1358119 0.8309476 0.8436071 -0.1585158 0.8896242 0.8436071 -0.1514579 -1.489323 -0.286271 0.5084885 -0.9581853 -0.286271 -0.002416729 -1.489323 0.286271 0.5084885 -0.9581853 0.286271 -0.002416729 -1.548972 0.7590334 0.5084885 -1.017835 0.9364887 -0.01457822 -2.427314 0.755595 0.5228986 -2.509692 0.9330503 -0.132198 -1.548972 -0.7590334 0.5084885 -1.017835 -0.9364887 -0.01457822 -2.427314 -0.755595 0.5228986 -2.509692 -0.9330503 -0.132198 -2.413847 0 0.5154624 -2.509692 0 -0.132198 0.1031914 -1.001505 -0.2459625 0.1618186 -1.001505 -0.3176544 0.02159136 -1.001505 -0.2621937 0.2115206 -1.001505 -0.3508641 -0.04758572 -1.001505 -0.3084164 0.2447305 -1.001505 -0.400566 -0.09380841 -1.001505 -0.3775936 0.2563923 -1.001505 -0.4591935 -0.1100397 -1.001505 -0.4591936 0.2447306 -1.001505 -0.5178209 -0.09380841 -1.001505 -0.5407936 0.2115208 -1.001505 -0.5675229 -0.04758572 -1.001505 -0.6099708 0.1618189 -1.001505 -0.6007327 0.02159142 -1.001505 -0.6561935 0.1031914 -1.001505 -0.6123945 0.1031915 -1.001505 -0.6724247 0.044564 -1.001505 -0.6007328 0.1847915 -1.001505 -0.6561934 -0.00513792 -1.001505 -0.567523 0.2539687 -1.001505 -0.6099707 -0.03834766 -1.001505 -0.517821 0.3001914 -1.001505 -0.5407935 -0.05000936 -1.001505 -0.4591936 0.3164225 -1.001505 -0.4591934 -0.03834766 -1.001505 -0.4005662 0.3001912 -1.001505 -0.3775934 -0.00513792 -1.001505 -0.3508642 0.2539684 -1.001505 -0.3084163 0.04456394 -1.001505 -0.3176545 0.1847911 -1.001505 -0.2621936 0.1031914 -1.001505 -0.3059927 0.1618186 -0.9215938 -0.3176544 0.2115206 -0.9215938 -0.3508641 0.2447305 -0.9215938 -0.400566 0.2563923 -0.9215938 -0.4591934 0.2447306 -0.9215938 -0.5178209 0.2115208 -0.9215938 -0.5675229 0.1618189 -0.9215938 -0.6007327 0.1031914 -0.9215938 -0.6123945 0.044564 -0.9215938 -0.6007328 -0.00513792 -0.9215938 -0.567523 -0.03834766 -0.9215938 -0.517821 -0.05000936 -0.9215938 -0.4591936 -0.03834766 -0.9215938 -0.4005662 -0.00513792 -0.9215938 -0.3508642 0.04456394 -0.9215938 -0.3176545 0.1031914 -0.9215938 -0.3059927 0.1031914 -0.9860365 -0.2238402 0.01312559 -0.9860365 -0.2417554 -0.06322848 -0.9860365 -0.2927737 -0.1142467 -0.9860365 -0.3691278 -0.1321619 -0.9860365 -0.4591936 -0.1142467 -0.9860365 -0.5492594 -0.06322848 -0.9860365 -0.6256136 0.01312559 -0.9860365 -0.6766318 0.1031915 -0.9860365 -0.694547 0.1932573 -0.9860365 -0.6766318 0.2696115 -0.9860365 -0.6256135 0.3206297 -0.9860365 -0.5492593 0.3385448 -0.9860365 -0.4591934 0.3206295 -0.9860365 -0.3691275 0.2696112 -0.9860365 -0.2927734 0.1932569 -0.9860365 -0.2417553 0.1586028 -0.9215938 -0.3254181 0.2055786 -0.9215938 -0.3568062 0.2369668 -0.9215938 -0.4037818 0.2479889 -0.9215938 -0.4591935 0.2369669 -0.9215938 -0.5146051 0.2055788 -0.9215938 -0.5615808 0.1586031 -0.9215938 -0.5929691 0.1031914 -0.9215938 -0.6039912 0.04777979 -0.9215938 -0.5929691 8.04111e-4 -0.9215938 -0.5615809 -0.03058403 -0.9215938 -0.5146052 -0.04160606 -0.9215938 -0.4591936 -0.03058403 -0.9215938 -0.403782 8.04111e-4 -0.9215938 -0.3568063 0.04777979 -0.9215938 -0.3254181 0.1031914 -0.9215938 -0.314396 0.1586028 -0.9587051 -0.3254181 0.2055786 -0.9587051 -0.3568062 0.2369668 -0.9587051 -0.4037818 0.2479889 -0.9587051 -0.4591935 0.2369669 -0.9587051 -0.5146051 0.2055788 -0.9587051 -0.5615808 0.1586031 -0.9587051 -0.5929691 0.1031914 -0.9587051 -0.6039912 0.04777979 -0.9587051 -0.5929691 8.04111e-4 -0.9587051 -0.5615809 -0.03058403 -0.9587051 -0.5146052 -0.04160606 -0.9587051 -0.4591936 -0.03058403 -0.9587051 -0.403782 8.04111e-4 -0.9587051 -0.3568063 0.04777979 -0.9587051 -0.3254181 0.1031914 -0.9587051 -0.314396 0.1379771 -0.9587051 -0.375213 0.1674672 -0.9587051 -0.3949176 0.1871719 -0.9587051 -0.4244076 0.1940913 -0.9587051 -0.4591935 0.1871719 -0.9587051 -0.4939794 0.1674674 -0.9587051 -0.5234695 0.1379773 -0.9587051 -0.5431741 0.1031914 -0.9587051 -0.5500935 0.06840556 -0.9587051 -0.5431742 0.03891551 -0.9587051 -0.5234695 0.01921087 -0.9587051 -0.4939795 0.01229155 -0.9587051 -0.4591936 0.01921087 -0.9587051 -0.4244077 0.03891551 -0.9587051 -0.3949177 0.0684055 -0.9587051 -0.375213 0.1031914 -0.9587051 -0.3682937 0.1260439 -0.9287128 -0.4040226 0.1454173 -0.9287128 -0.4169675 0.1583623 -0.9287128 -0.4363409 0.162908 -0.9287128 -0.4591935 0.1583624 -0.9287128 -0.4820461 0.1454175 -0.9287128 -0.5014196 0.126044 -0.9287128 -0.5143646 0.1031914 -0.9287128 -0.5189102 0.08033883 -0.9287128 -0.5143646 0.06096535 -0.9287128 -0.5014196 0.04802042 -0.9287128 -0.4820461 0.04347479 -0.9287128 -0.4591935 0.04802042 -0.9287128 -0.436341 0.06096535 -0.9287128 -0.4169675 0.08033883 -0.9287128 -0.4040226 0.1031914 -0.9287128 -0.399477 0.1164144 -0.9287128 -0.4272701 0.1276245 -0.9287128 -0.4347604 0.1351148 -0.9287128 -0.4459704 0.137745 -0.9287128 -0.4591935 0.1351148 -0.9287128 -0.4724166 0.1276245 -0.9287128 -0.4836267 0.1164145 -0.9287128 -0.491117 0.1031914 -0.9287128 -0.4937472 0.08996832 -0.9287128 -0.491117 0.07875829 -0.9287128 -0.4836267 0.07126802 -0.9287128 -0.4724166 0.06863772 -0.9287128 -0.4591935 0.07126802 -0.9287128 -0.4459704 0.07875829 -0.9287128 -0.4347605 0.08996832 -0.9287128 -0.4272702 0.1031914 -0.9287128 -0.4246399 0.1164144 -0.9581853 -0.4272701 0.1276245 -0.9581853 -0.4347604 0.1351148 -0.9581853 -0.4459704 0.137745 -0.9581853 -0.4591935 0.1351148 -0.9581853 -0.4724166 0.1276245 -0.9581853 -0.4836267 0.1164145 -0.9581853 -0.491117 0.1031914 -0.9581853 -0.4937472 0.08996832 -0.9581853 -0.491117 0.07875829 -0.9581853 -0.4836267 0.07126802 -0.9581853 -0.4724166 0.06863772 -0.9581853 -0.4591935 0.07126802 -0.9581853 -0.4459705 0.07875829 -0.9581853 -0.4347605 0.08996832 -0.9581853 -0.4272702 0.1031914 -0.9581853 -0.4246399 0.1031914 -0.8507011 -0.2459625 0.1618186 -0.8507011 -0.3176544 0.02159136 -0.8507011 -0.2621937 0.2115206 -0.8507011 -0.3508641 -0.04758572 -0.8507011 -0.3084164 0.2447305 -0.8507011 -0.400566 -0.09380841 -0.8507011 -0.3775936 0.2563923 -0.8507011 -0.4591934 -0.1100397 -0.8507011 -0.4591936 0.2447306 -0.8507011 -0.5178209 -0.09380841 -0.8507011 -0.5407936 0.2115208 -0.8507011 -0.5675229 -0.04758572 -0.8507011 -0.6099708 0.1618189 -0.8507011 -0.6007327 0.02159142 -0.8507011 -0.6561935 0.1031914 -0.8507011 -0.6123945 0.1031915 -0.8507011 -0.6724247 0.044564 -0.8507011 -0.6007328 0.1847915 -0.8507011 -0.6561934 -0.00513792 -0.8507011 -0.567523 0.2539687 -0.8507011 -0.6099707 -0.03834766 -0.8507011 -0.517821 0.3001914 -0.8507011 -0.5407935 -0.05000936 -0.8507011 -0.4591936 0.3164225 -0.8507011 -0.4591934 -0.03834766 -0.8507011 -0.4005662 0.3001912 -0.8507011 -0.3775934 -0.00513792 -0.8507011 -0.3508642 0.2539684 -0.8507011 -0.3084163 0.04456394 -0.8507011 -0.3176545 0.1847911 -0.8507011 -0.2621936 0.1031914 -0.8507011 -0.3059927 0.1618186 -0.9306127 -0.3176544 0.2115206 -0.9306127 -0.3508641 0.2447305 -0.9306127 -0.400566 0.2563923 -0.9306127 -0.4591934 0.2447306 -0.9306127 -0.5178209 0.2115208 -0.9306127 -0.5675229 0.1618189 -0.9306127 -0.6007327 0.1031914 -0.9306127 -0.6123945 0.044564 -0.9306127 -0.6007328 -0.00513792 -0.9306127 -0.567523 -0.03834766 -0.9306127 -0.517821 -0.05000936 -0.9306127 -0.4591936 -0.03834766 -0.9306127 -0.4005662 -0.00513792 -0.9306127 -0.3508642 0.04456394 -0.9306127 -0.3176545 0.1031914 -0.9306127 -0.3059927 0.1031914 -0.86617 -0.2238402 0.01312559 -0.86617 -0.2417554 -0.06322848 -0.86617 -0.2927737 -0.1142467 -0.86617 -0.3691278 -0.1321619 -0.86617 -0.4591936 -0.1142467 -0.86617 -0.5492594 -0.06322848 -0.86617 -0.6256136 0.01312559 -0.86617 -0.6766318 0.1031915 -0.86617 -0.694547 0.1932573 -0.86617 -0.6766318 0.2696115 -0.86617 -0.6256135 0.3206297 -0.86617 -0.5492593 0.3385448 -0.86617 -0.4591934 0.3206295 -0.86617 -0.3691275 0.2696112 -0.86617 -0.2927734 0.1932569 -0.86617 -0.2417553 0.1031914 -0.9261032 -0.2238402 0.01312559 -0.9261032 -0.2417554 -0.06322848 -0.9261032 -0.2927737 -0.1142467 -0.9261032 -0.3691278 -0.1321619 -0.9261032 -0.4591936 -0.1142467 -0.9261032 -0.5492594 -0.06322848 -0.9261032 -0.6256136 0.01312559 -0.9261032 -0.6766318 0.1031915 -0.9261032 -0.694547 0.1932573 -0.9261032 -0.6766318 0.2696115 -0.9261032 -0.6256135 0.3206297 -0.9261032 -0.5492593 0.3385448 -0.9261032 -0.4591934 0.3206295 -0.9261032 -0.3691275 0.2696112 -0.9261032 -0.2927734 0.1932569 -0.9261032 -0.2417553 0.1586028 -0.9306127 -0.3254181 0.2055786 -0.9306127 -0.3568062 0.2369668 -0.9306127 -0.4037818 0.2479889 -0.9306127 -0.4591935 0.2369669 -0.9306127 -0.5146051 0.2055788 -0.9306127 -0.5615808 0.1586031 -0.9306127 -0.5929691 0.1031914 -0.9306127 -0.6039912 0.04777979 -0.9306127 -0.5929691 8.04111e-4 -0.9306127 -0.5615809 -0.03058403 -0.9306127 -0.5146052 -0.04160606 -0.9306127 -0.4591936 -0.03058403 -0.9306127 -0.403782 8.04111e-4 -0.9306127 -0.3568063 0.04777979 -0.9306127 -0.3254181 0.1031914 -0.9306127 -0.314396 0.1586028 -0.9261032 -0.3254181 0.2055786 -0.9261032 -0.3568062 0.2369668 -0.9261032 -0.4037818 0.2479889 -0.9261032 -0.4591935 0.2369669 -0.9261032 -0.5146051 0.2055788 -0.9261032 -0.5615808 0.1586031 -0.9261032 -0.5929691 0.1031914 -0.9261032 -0.6039912 0.04777979 -0.9261032 -0.5929691 8.04111e-4 -0.9261032 -0.5615809 -0.03058403 -0.9261032 -0.5146052 -0.04160606 -0.9261032 -0.4591936 -0.03058403 -0.9261032 -0.403782 8.04111e-4 -0.9261032 -0.3568063 0.04777979 -0.9261032 -0.3254181 0.1031914 -0.9261032 -0.314396 0.1586028 -0.8935014 -0.3254181 0.2055786 -0.8935014 -0.3568062 0.2369668 -0.8935014 -0.4037818 0.2479889 -0.8935014 -0.4591935 0.2369669 -0.8935014 -0.5146051 0.2055788 -0.8935014 -0.5615808 0.1586031 -0.8935014 -0.5929691 0.1031914 -0.8935014 -0.6039912 0.04777979 -0.8935014 -0.5929691 8.04111e-4 -0.8935014 -0.5615809 -0.03058403 -0.8935014 -0.5146052 -0.04160606 -0.8935014 -0.4591936 -0.03058403 -0.8935014 -0.403782 8.04111e-4 -0.8935014 -0.3568063 0.04777979 -0.8935014 -0.3254181 0.1031914 -0.8935014 -0.314396 0.1379771 -0.8935014 -0.375213 0.1674672 -0.8935014 -0.3949176 0.1871719 -0.8935014 -0.4244076 0.1940913 -0.8935014 -0.4591935 0.1871719 -0.8935014 -0.4939794 0.1674674 -0.8935014 -0.5234695 0.1379773 -0.8935014 -0.5431741 0.1031914 -0.8935014 -0.5500935 0.06840556 -0.8935014 -0.5431742 0.03891551 -0.8935014 -0.5234695 0.01921087 -0.8935014 -0.4939795 0.01229155 -0.8935014 -0.4591935 0.01921087 -0.8935014 -0.4244077 0.03891551 -0.8935014 -0.3949177 0.0684055 -0.8935014 -0.375213 0.1031914 -0.8935014 -0.3682937 0.1260439 -0.9234937 -0.4040226 0.1454173 -0.9234937 -0.4169675 0.1583623 -0.9234937 -0.4363409 0.162908 -0.9234937 -0.4591935 0.1583624 -0.9234937 -0.4820461 0.1454175 -0.9234937 -0.5014196 0.126044 -0.9234937 -0.5143646 0.1031914 -0.9234937 -0.5189102 0.08033883 -0.9234937 -0.5143646 0.06096535 -0.9234937 -0.5014196 0.04802042 -0.9234937 -0.4820461 0.04347479 -0.9234937 -0.4591935 0.04802042 -0.9234937 -0.436341 0.06096535 -0.9234937 -0.4169675 0.08033883 -0.9234937 -0.4040226 0.1031914 -0.9234937 -0.399477 0.1164144 -0.9234937 -0.4272701 0.1276245 -0.9234937 -0.4347604 0.1351148 -0.9234937 -0.4459704 0.137745 -0.9234937 -0.4591935 0.1351148 -0.9234937 -0.4724166 0.1276245 -0.9234937 -0.4836267 0.1164145 -0.9234937 -0.491117 0.1031914 -0.9234937 -0.4937472 0.08996832 -0.9234937 -0.491117 0.07875829 -0.9234937 -0.4836267 0.07126802 -0.9234937 -0.4724166 0.06863772 -0.9234937 -0.4591935 0.07126802 -0.9234937 -0.4459704 0.07875829 -0.9234937 -0.4347605 0.08996832 -0.9234937 -0.4272702 0.1031914 -0.9234937 -0.4246399 0.1164144 -0.8940212 -0.4272701 0.1276245 -0.8940212 -0.4347604 0.1351148 -0.8940212 -0.4459704 0.137745 -0.8940212 -0.4591935 0.1351148 -0.8940212 -0.4724166 0.1276245 -0.8940212 -0.4836267 0.1164145 -0.8940212 -0.491117 0.1031914 -0.8940212 -0.4937472 0.08996832 -0.8940212 -0.491117 0.07875829 -0.8940212 -0.4836267 0.07126802 -0.8940212 -0.4724166 0.06863772 -0.8940212 -0.4591935 0.07126802 -0.8940212 -0.4459704 0.07875829 -0.8940212 -0.4347605 0.08996832 -0.8940212 -0.4272702 0.1031914 -0.8940212 -0.4246399 -4.197518 -0.8514654 -0.1610259 -4.197518 -0.8514654 -0.04644411 -4.281286 -0.8797135 -0.1610259 -4.281286 -0.8797135 -0.04644411 -4.252588 -0.5923464 -0.1610259 -4.252588 -0.5923464 -0.04644411 -4.336356 -0.6205945 -0.1610259 -4.336356 -0.6205945 -0.04644411 -4.330938 -0.6460884 -0.170335 -4.286705 -0.8542196 -0.170335 -4.286705 -0.8542196 -0.037135 -4.330938 -0.6460884 -0.037135 -4.202937 -0.8259715 -0.170335 -4.24717 -0.6178403 -0.170335 -4.24717 -0.6178403 -0.037135 -4.202937 -0.8259715 -0.037135 -4.193044 -0.8725174 -0.125935 -4.193044 -0.8725174 -0.08153504 -4.276813 -0.9007655 -0.08153504 -4.276813 -0.9007655 -0.125935 -4.34083 -0.5995425 -0.08153498 -4.34083 -0.5995425 -0.125935 -4.257062 -0.5712944 -0.08153498 -4.257062 -0.5712944 -0.125935 -4.24717 -0.6178403 -0.08153498 -4.24717 -0.6178403 -0.125935 -4.202937 -0.8259715 -0.08153504 -4.202937 -0.8259715 -0.125935 -4.286705 -0.8542196 -0.08153504 -4.286705 -0.8542196 -0.125935 -4.330938 -0.6460884 -0.08153498 -4.330938 -0.6460884 -0.125935 -4.238506 0.594956 -0.1610258 -4.238506 0.594956 -0.04644405 -4.323969 0.6135818 -0.1610258 -4.323969 0.6135818 -0.04644405 -4.200358 0.8571012 -0.1610258 -4.200358 0.8571012 -0.04644405 -4.285821 0.8757269 -0.1610258 -4.285821 0.8757269 -0.04644405 -4.289574 0.8499353 -0.1703349 -4.320216 0.6393735 -0.1703349 -4.320216 0.6393735 -0.03713494 -4.289574 0.8499353 -0.03713494 -4.234753 0.6207477 -0.1703349 -4.204111 0.8313096 -0.1703349 -4.204111 0.8313096 -0.03713494 -4.234753 0.6207477 -0.03713494 -4.241605 0.5736582 -0.125935 -4.241605 0.5736582 -0.08153498 -4.327068 0.592284 -0.08153498 -4.327068 0.592284 -0.125935 -4.282721 0.8970248 -0.08153492 -4.282721 0.8970248 -0.125935 -4.197258 0.8783991 -0.08153492 -4.197258 0.8783991 -0.125935 -4.204111 0.8313096 -0.08153492 -4.204111 0.8313096 -0.125935 -4.234753 0.6207477 -0.08153498 -4.234753 0.6207477 -0.125935 -4.320216 0.6393735 -0.08153498 -4.320216 0.6393735 -0.125935 -4.289574 0.8499353 -0.08153492 -4.289574 0.8499353 -0.125935</float_array>
          <technique_common>
            <accessor source="#Plane-mesh-positions-array" count="2696" stride="3">
              <param name="X" type="float"/>
              <param name="Y" type="float"/>
              <param name="Z" type="float"/>
            </accessor>
          </technique_common>
        </source>
        <source id="Plane-mesh-normals">
          <float_array id="Plane-mesh-normals-array" count="9342">0.01916038 0.2321856 0.9724828 0 -1 0 0.9938272 0 -0.1109397 0.9901275 0.08620595 -0.1105276 0.7521688 0.5809524 0.3110249 0.01702493 0.1106251 0.9937165 0.007262647 0.9295542 0.3686139 0.01124197 0.8211604 0.5705868 0.01704418 0.100031 0.9948384 0.3361553 0 -0.9418066 0.01924818 0.2126672 0.9769352 -0.5483087 0.8182635 0.1726339 0.9705591 -0.1290618 -0.2033672 -0.8065385 -0.5433509 0.2329499 -0.210159 -0.1289438 -0.9691269 0.9786529 -0.01370042 -0.2050634 0.9787448 0 -0.2050827 0.9990779 0 0.0429362 0.97056 0.1290542 -0.2033677 0.9995979 0.02835828 0 -0.5930267 0.8051828 0 0.9997441 0.02262467 0 -0.8243634 -0.5660611 0 0.3680253 0 0.9298158 0.3680192 0.007288873 0.9297897 -0.6214421 0.6705542 -0.4051752 0.8375098 -0.02026605 0.5460463 -0.8027351 -0.563278 0.1957918 0 -0.3930738 -0.919507 0.604081 -0.7968635 -0.009744048 -0.005875289 0.9992365 0.03862488 -0.6811633 -0.1874507 0.707728 0.9085097 0 -0.4178637 0.7342624 -0.02905505 -0.6782437 -0.6198758 -0.4196262 0.6630746 0.604081 0.7968635 -0.009744048 0 1 0 0.5660561 0 0.8243668 0 1 1.11049e-6 0 0 1 2.66058e-4 0.9993342 0.03648495 0 -0.03338015 -0.9994428 0 -0.04916882 -0.9987905 0.813195 0 -0.5819913 0.999863 0 -0.01655805 -0.7774922 -0.5536203 0.2983466 0.9665328 -0.05170571 -0.2512788 -0.6561546 -0.6541618 0.3762093 0 0.4061198 0.9138199 0 -0.9263163 0.3767468 0 0.03210961 0.9994844 0 0 -1 0 0.05111187 0.998693 0.03201502 0.9983136 0.0484265 0.01929688 0.2009721 0.9794069 0.01705467 0.0937339 0.9954512 0.0110628 0.8274108 0.5614883 0.01710271 0.05652999 0.9982545 0.0195381 0.1275069 0.9916452 0 0.9993464 0.03614842 0.008704543 0.8970722 0.4417983 0.01010352 0.8584472 0.5128026 0.009597063 0.8732942 0.4870989 0.01707363 0.08110666 0.9965592 0.01706451 0.08742558 0.996025 0.01938664 0.1773273 0.983961 0.01934313 0.1891915 0.9817498 -0.02270096 0.9991524 0.03433793 0 0.9979602 0.0638408 -0.07256066 -0.9971599 0.02017802 -0.1889 -0.8349876 0.5168295 0.03485983 0.8939988 -0.4467114 -0.5762451 -0.7043375 0.4145485 -0.001095235 0.8796074 -0.4756994 1 0 0 -1 0 0 -0.5514785 0 -0.8341892 -0.9454981 0 -0.3256278 0.9125382 0 -0.4089918 0.5514786 0 -0.8341891 -0.005790174 0.8868631 -0.461996 0 1 -1.84214e-6 0.4915077 0.4535078 -0.7434722 0.7632845 0.5480564 -0.3420979 -0.7837612 0.5593382 -0.2699248 -0.4897932 0.4595623 -0.7408813 0 0.39472 -0.9188015 -0.7823576 0.5571472 -0.278395 0.8196522 0.5038937 -0.2725097 0.704635 0.09049147 0.7037761 0.2543249 0.1233372 0.959222 -0.288158 -0.02806013 -0.9571717 0.2820236 0.02404266 0.9591062 0.2881555 0.028198 0.9571684 -0.9536263 -0.09286034 0.2863108 0.9539223 0.08132219 -0.2888234 -0.9536318 -0.08462357 0.2888344 0.9524441 0.09703654 -0.2888495 -0.2820245 -0.02404254 -0.959106 0 0.9483137 0.3173346 0.004990518 -0.9436799 -0.3308223 0.09884309 -0.9951031 0 0 0.7330785 0.680144 0 0.05489456 0.9984922 0 0.8796066 -0.4757019 0 0.9993466 0.03614795 0 0.9297302 0.3682416 -0.7229009 0 -0.6909518 -0.9998712 0 -0.01604932 0 0.9297294 0.3682435 0 0.948315 0.3173305 0 0.8796083 -0.4756986 0 0.9993465 0.0361489 0.9998713 0 0.01604926 0.7229005 0 0.6909523 0 0.9297296 0.3682432 0 0.9483143 0.3173326 0 0.8796085 -0.4756986 0 0.9993465 0.0361489 0 0.9297291 0.3682444 0 0.8796056 -0.4757037 0 0.9993465 0.03614938 -0.9998713 0 -0.01604783 0 0.879607 -0.4757012 0 0.9993464 0.03614896 0 0.9297294 0.3682437 0.9998713 0 0.01604789 0 1 -6.45797e-7 0 0.8796072 -0.4757009 -0.007256448 0.9978632 0.06493353 0 0.933963 0.3573701 0 0.9758995 0.2182202 0 0.9758999 0.2182191 0 0.9759 0.2182186 0 0.981747 0.1901918 0 0.8507986 -0.525492 0.9443461 0.278522 -0.1750314 -0.9071198 0.2859976 -0.3087702 0.9348465 0.2959448 -0.1961602 0.7732926 0.2557283 -0.5801911 -0.9351622 0.3115779 -0.1684964 0.1967453 0.1986017 -0.9601295 0 0.189468 -0.9818869 -0.2518978 0.1956954 -0.9477609 -0.7689571 0.248043 -0.5892195 -0.06328868 0.1247441 0.9901684 0 -1 -3.83011e-6 -0.2549147 -0.1229098 -0.9591203 0.1503251 -0.8661729 0.4765993 0.7979026 -0.0704329 -0.5986575 0.3186749 0 0.9478642 -0.9878599 -0.02585148 -0.1531814 0.201443 -0.7748621 0.599174 0.3163334 0.1210221 0.9408968 -0.6784699 0.7346283 0 -0.6673188 0.7225477 0.1805838 -0.6178424 0.6689836 -0.4131969 -0.983719 0.1555585 0.08999282 -0.9831622 0.1554707 -0.09602594 -0.9877266 0.1561931 0 -2.81868e-6 0 -1 -0.6784665 0.7346314 0 -0.9877271 0.15619 0 0.3169044 0.9484575 0 -4.4042e-7 0 1 3.44298e-7 0 -1 -0.5429971 0 0.8397346 -0.01726621 0 -0.999851 0.06073558 0 0.998154 0 0.9297303 0.3682415 -0.001624822 0.9993378 0.03635209 0 0.8796091 -0.4756975 0 1 -4.06258e-7 0.9880551 0 -0.1541011 0 0.9408346 0.3388664 -0.9880551 0 0.154101 0 0.9993464 0.03614825 0 0.8796073 -0.4757005 0 0.9297298 0.3682426 0 0.9422729 0.3348463 0.07818728 0.9417792 0.3270151 0 0.9410941 0.338145 -0.02332872 0.9394112 0.3419978 -2.048e-6 0 -1 -0.00102359 0.7342224 0.6789082 -0.01871621 0.8205485 0.5712705 0 -0.6579058 -0.7531002 0.005544066 0.8184544 0.5745448 0.1774764 0.7334161 0.6562035 -0.1574367 -0.7359513 -0.6584751 0 -0.7452546 -0.6667801 -0.2388332 -0.638862 -0.7313098 0.8131951 0 -0.5819914 0.9085097 0 -0.417864 0.9990779 0 0.04293614 -0.9978562 -0.06512928 0.006425142 -0.9978901 -0.06464838 0.006014823 -0.99764 -0.06788939 0.01026892 -0.9977414 -0.06670939 0.007871925 -1 2.12628e-7 0 -1 0 0 -1 -1.19587e-7 0 -0.997319 -0.07240283 0.01062029 -0.9975289 -0.06978148 0.008172571 -0.9976698 -0.06800639 0.005488574 -0.787634 -0.5684152 -0.2377752 -0.9651642 -0.2614743 -0.009458005 -0.9732434 -0.2297767 0 -0.9650559 -0.2304957 0.1246547 -0.9976764 -0.06520283 0.01975572 -0.9884492 0 0.1515529 -0.005118787 0.06777995 0.9976872 -0.1406993 0.07687699 -0.9870632 0 0 1 0.01726615 -0.002730369 0.9998473 0.9970611 0.06726092 0.03667545 -0.9997926 -0.02036583 0 0.9978551 0.06546318 0 -0.1069765 0 0.9942616 -0.1069768 0 0.9942616 0.1069765 0 -0.9942616 -0.106976 0 0.9942617 0 1 4.90064e-7 0 0.8893303 -0.4572655 -0.005952477 0.9984812 0.05477285 -0.9723172 0 0.233665 3.11616e-4 -0.9954481 0.09530413 -0.9466614 0 -0.3222302 0.2007439 0 -0.9796438 -0.985673 0 -0.1686674 0.7998896 0 -0.6001471 -0.2568626 0 -0.966448 -0.7848728 0 -0.619657 0.9786867 0 -0.2053591 0.1992551 -0.1216028 -0.9723736 -0.06378287 0 0.9979639 0.9999715 0.00595808 -0.004630625 -0.9456191 -0.04691118 -0.3218756 0.007050395 0.1254475 0.9920752 0 -0.1254063 -0.9921056 0.03344279 -0.9984027 -0.04553776 0.9466614 0 0.3222302 0.7848733 0 0.6196564 0.2568624 0 0.9664481 -0.2007439 0 0.9796438 -0.7998901 0 0.6001467 -0.9786869 0 0.2053585 0 -1 -9.49867e-7 0 -1 -1.71269e-7 0 -0.3813304 -0.9244389 0 -0.08555424 -0.9963336 0.9828429 -0.08889031 0.161612 0.9858081 0 0.1678763 -0.9993466 3.41547e-4 0.03614181 0.9578384 0 0.2873076 -0.9029352 0 -0.4297769 -0.4683773 -0.8722873 -0.140491 -0.01154625 -0.981763 -0.1897584 0 1 -1.19634e-6 0 1 4.73332e-6 0 1 -3.28515e-6 -0.01348286 0.9997683 0.01678419 -0.004811167 0.9981076 0.06130415 0.1876282 0.8316569 -0.5226305 0.03313618 0.8544771 -0.5184313 -0.7794675 -0.0835942 -0.6208401 0.9785006 -0.01948845 -0.2053211 0.00360924 -0.8761189 0.4820817 -0.1069762 0 0.9942616 0.1069766 0 -0.9942616 0.09904861 0 0.9950827 0 -0.0812208 0.9966962 0.01031911 0 0.9999468 0.07241863 -0.04914987 0.9961627 0.1069763 0 -0.9942617 0 -1 6.36338e-7 0 -0.02595794 0.9996631 0 -0.009319484 0.9999566 0.1234372 0 0.9923525 0.1069763 0 -0.9942617 -0.1069762 0 0.9942616 -0.1444573 0 -0.989511 -0.1444572 0 -0.9895111 0.02219873 -0.09313064 0.9954064 0 0 -1 -0.9999475 0 -0.01024979 -0.9792408 0 -0.202701 -0.9792407 0 -0.2027007 -0.9999476 0 -0.01024979 -0.9792408 0 -0.202701 -0.9999476 0 -0.01024979 -0.9999475 0 -0.01024979 -0.9999475 0 -0.01024979 0.003861546 -0.9993484 -0.03588974 0.1069766 0 -0.9942616 0.9907316 0 0.1358348 0.9907315 5.43242e-7 0.1358348 0.9907315 0 0.1358348 0.9907316 7.98789e-7 0.1358348 0.9907316 0 0.1358348 0.9841824 -0.1172058 0.1328458 0.9907315 0 0.1358348 0.01666122 -0.2323681 0.9724852 0.9901276 -0.08620554 -0.1105269 0.6047846 -0.7935225 -0.06751078 0 -0.1107857 0.9938443 0 -0.8971111 0.4418051 0.01124197 -0.8211606 0.5705867 0 -0.1090203 0.9940395 0.01667433 -0.2291334 0.9732523 -0.5483091 -0.8182633 0.172634 -0.7804923 0.5748437 0.245737 0.3358638 0.04163986 -0.9409898 0.9536955 -0.01740932 -0.3002696 0.9995979 -0.02835774 0 -0.5930267 -0.8051828 0 -0.8243634 0.5660611 0 -0.6214418 -0.6705555 -0.4051733 0.9994825 -0.02783644 -0.01612299 -0.8027353 0.5632777 0.1957921 0 0.3930738 -0.919507 0 -0.9992548 0.03859794 -0.681163 0.1874505 0.7077283 0.7342624 0.02905517 -0.6782438 -0.6198762 0.4196265 0.663074 0 -0.9993464 0.03614819 0 0.03338027 -0.9994428 0 0.04916876 -0.9987905 -0.8182609 0.4370687 0.37339 0.9665327 0.05170571 -0.2512789 -0.6561552 0.654161 0.3762099 0 -0.4061198 0.9138199 0 0.9263158 0.376748 0 -0.03210937 0.9994844 0 -0.05111181 0.998693 0 -0.999328 0.03665709 0.01674753 -0.2101666 0.9775221 0 -0.09873032 0.9951143 0.0110628 -0.8274109 0.561488 0 -0.08035242 0.9967666 0.01686316 -0.1758499 0.9842726 0 -0.9993464 0.03614842 0 -0.8860234 0.4636407 0.01010352 -0.8584467 0.5128033 0.009597063 -0.8732947 0.4870981 0 -0.08648842 0.9962529 0 -0.09261465 0.995702 0.01682674 -0.187367 0.9821459 0.01678812 -0.1988069 0.9798949 0 -0.9979602 0.06384009 0 -0.9979602 0.06383979 -0.07256066 0.9971599 0.02017867 -0.1889004 0.8349872 0.5168298 0.003131389 -0.8618059 -0.5072287 -0.5762451 0.7043375 0.4145485 0 -1 -1.33102e-6 -0.001095235 -0.8796074 -0.4756994 -0.005790174 -0.8868631 -0.461996 0 -1 -7.501e-7 0 -1 -9.21068e-7 0.4915064 -0.4535067 -0.7434738 0.7632845 -0.5480568 -0.3420971 -0.7837609 -0.5593389 -0.269924 -0.4897922 -0.4595607 -0.740883 0 -0.3947176 -0.9188026 -0.7823585 -0.557146 -0.2783951 0.7736285 -0.5624644 -0.2917751 0.7046341 -0.0904926 0.7037769 0.2543253 -0.1233372 0.959222 -0.288158 0.02806013 -0.9571717 0.2820235 -0.02404266 0.9591063 0.286676 -0.02920693 0.9575823 -0.9536263 0.09286034 0.2863108 0.9539224 -0.08132213 -0.2888232 -0.9536312 0.08462387 0.2888361 0.9532832 -0.09662729 -0.2862071 -0.2868938 0.02545863 -0.9576241 0 -0.9483138 0.3173344 0.3304373 0.943828 0 0.09884309 0.9951031 0 0 -0.7330785 0.680144 0 -0.05489456 0.9984922 0 -0.8796066 -0.4757019 0 -0.9993466 0.03614795 0 -0.9297305 0.3682409 -0.7228984 0 -0.6909544 -0.9998713 0 -0.01604914 0 -0.9297297 0.368243 0 -0.9483141 0.3173334 0 -0.8796083 -0.4756986 0 -0.9993465 0.0361489 0.7229005 0 0.6909521 0 -0.9297296 0.368243 0 -0.948314 0.3173339 0 -0.8796085 -0.4756986 0 -0.9993465 0.0361489 0 -0.9297312 0.3682392 0 -0.8796056 -0.4757037 0 -0.9993465 0.03614938 -0.9998713 0 -0.01604789 0 -0.879607 -0.4757012 0 -0.9993464 0.03614896 0 -0.9297313 0.3682386 0 -0.8796072 -0.4757009 0 -0.9993268 0.03668993 0 -0.933963 0.35737 0.04705756 -0.9830756 0.1770541 0 -0.9758998 0.2182195 0 -0.9758999 0.2182189 0 -0.981747 0.1901918 0 -1 9.30787e-7 0 -1 -5.40378e-7 0 -0.8507986 -0.525492 0.9366331 -0.2980486 -0.1840809 -0.9071111 -0.2860245 -0.3087708 0.9348478 -0.2959402 -0.196161 0.7732918 -0.2557235 -0.5801942 -0.9351623 -0.3115773 -0.1684963 0.1967453 -0.1986016 -0.9601295 0 -0.189469 -0.9818868 -0.2518939 -0.1956921 -0.9477627 -0.7684558 -0.2501839 -0.5889685 -0.06328505 -0.1247453 0.9901685 0 1 -6.80911e-6 -0.2549148 0.1229149 -0.9591197 0.1503242 0.8661747 0.4765964 0.7979024 0.07043987 -0.598657 -0.9878597 0.02586203 -0.1531811 -0.1876285 0.8316563 0.5226314 0.3163338 -0.1210196 0.9408971 -0.6784699 -0.7346283 0 -0.6673092 -0.722557 0.1805817 -0.6178427 -0.6689835 -0.4131968 -0.9837187 -0.1555603 0.08999305 -0.9831622 -0.1554707 -0.09602588 -0.9877266 -0.1561931 0 2.02593e-6 0 -1 -0.6784665 -0.7346314 0 -0.9877271 -0.15619 0 0.3169044 -0.9484575 0 3.44298e-7 0 1 -0.5406723 4.63587e-4 0.8412332 0 -0.9297304 0.3682411 0 -0.9993464 0.03615015 0 -0.8796091 -0.4756975 0 -0.9408327 0.3388714 -0.9880551 0 0.1541009 0 -0.9993464 0.03614825 0 -0.8796073 -0.4757005 0 -0.9297298 0.3682426 0 -0.9422731 0.3348454 0.07818728 -0.9417792 0.3270151 0 -0.941092 0.3381509 -0.02332872 -0.9394112 0.3419978 -0.02387201 -0.7362266 0.6763141 0 0.6579058 -0.7531002 0.005544722 -0.8184556 0.574543 0.1774744 -0.7334147 0.6562055 -0.1574366 0.7359567 -0.6584691 0 0.7452546 -0.6667801 0.04543405 0.744485 -0.6660915 -0.9977694 0.06674951 0.00100249 -0.9978901 0.06464856 0.006014823 -0.99764 0.06788969 0.01026892 -0.9977414 0.06670916 0.007871925 -1 7.03557e-7 0 -0.997319 0.07240283 0.01062029 -0.9975289 0.0697816 0.008172571 -0.9976698 0.06800645 0.005488574 -0.9628075 0.2701579 0.004057347 -0.9720681 0.2346728 0.00352478 -0.9732435 0.229776 0 -0.545533 0.8379949 0.01258671 -0.9976764 0.06520283 0.01975572 -0.9884492 0 0.1515529 -0.002908885 -0.1275301 0.9918305 -0.1406981 -0.07687717 -0.9870634 0 0 1 0.01726615 0.002730369 0.9998473 0.8164826 -0.3497036 0.4594166 -0.9997926 0.02036583 0 0.9978551 -0.06546318 0 0 -1 -1.36661e-6 -0.005930602 -0.9050846 -0.4251903 0 -0.9994919 0.03187561 3.11616e-4 0.9954482 0.09530359 -0.985673 0 -0.1686674 -0.7848728 0 -0.619657 0 1 -4.1811e-6 0.1992552 0.1216016 -0.9723736 0.9999713 -0.00600177 -0.004630625 0 1 -4.73332e-7 -0.9456196 0.04690003 -0.321876 0.007050454 -0.1254473 0.9920753 0 0.1254063 -0.9921055 0.03344291 0.9984027 -0.04553657 0.7848733 0 0.6196565 0 1 -1.26649e-6 0 0.3813315 -0.9244384 0 0.08555418 -0.9963335 0.9828429 0.08889013 0.161612 0.9858081 0 0.1678763 -0.9993466 -3.40768e-4 0.03614181 -0.8990429 -6.79428e-4 -0.4378601 -0.4683773 0.8722873 -0.140491 0.08108824 0.9736919 -0.2129526 0 -1 7.57329e-6 -0.00360918 -0.876119 -0.4820814 -0.03344279 -0.998403 0.04553174 0.1876276 -0.8316581 -0.5226288 -0.1503283 -0.8661694 -0.4766047 0 -1 -4.46844e-6 -0.7794656 0.08360606 -0.6208409 0.978501 0.01947736 -0.2053207 0.01348286 0.9997683 -0.01678401 0.1128994 0.03127956 0.9931139 0.04914295 0 0.9987918 0.04914277 0 0.9987918 0 0.02595794 0.9996631 0 0.009319484 0.9999566 0.1633749 0.04526418 0.9855252 -0.1444562 0 -0.9895112 -0.1445839 1.82842e-4 -0.9894925 0 0.03473514 0.9993966 -0.1008864 -0.696116 -0.7108055 -1.26531e-7 0 1 -0.9792407 0 -0.202701 -0.9792407 0 -0.202701 -0.9792408 0 -0.202701 -0.9792407 0 -0.2027012 0.003861486 0.9993484 -0.0358895 0.9907316 0 0.1358348 0.9907316 0 0.1358348 0.9907315 0 0.1358348 0.9907316 0 0.1358348 0.9907316 0 0.1358348 0.9907315 0 0.1358348 0.9999475 0 0.01024979 0 -1 1.52101e-6 0 -1 1.05851e-6 0 -1 2.11699e-6 0 -1 -2.117e-6 0 -1 2.11698e-6 0 -1 -1.521e-6 0 -1 -1.52101e-6 0 -1 1.0585e-6 0.9807851 0 0.1950911 -0.9807851 0 0.1950911 0.9807854 6.23896e-6 -0.1950904 -0.8314709 0 0.5555685 0.8314689 0 -0.5555713 -0.5555706 0 0.8314695 0.5555706 0 -0.8314695 -0.1950908 0 0.9807853 0.1950899 0 -0.9807854 0.1950884 0 0.9807857 0.1950893 0 0.9807855 0.5555706 0 0.8314695 -0.5555679 0 -0.8314712 0.8314699 0 0.5555699 -0.9807851 6.472e-7 -0.1950911 -0.8314695 0 -0.5555706 0.5693587 -0.814251 -0.113253 -0.5693622 -0.8142487 -0.1132519 0.4826737 -0.8142556 0.322512 0.5693596 -0.8142505 0.1132515 -0.4826703 -0.8142594 -0.3225077 0.3225193 -0.8142482 0.4826814 -0.3225187 -0.8142501 -0.4826786 -0.1132525 0.8142511 -0.5693584 -0.113253 -0.8142483 -0.5693624 -0.1132533 -0.8142511 0.5693584 0.1132525 -0.8142533 -0.5693553 -0.3225166 -0.8142507 0.4826788 0.3225197 -0.8142496 -0.4826786 -0.48268 -0.8142501 0.3225164 0.4826833 -0.8142473 -0.3225187 -0.5693598 -0.81425 0.113254 -0.1950895 0 -0.9807855 -0.1950908 0 -0.9807852 -0.1950905 0 0.9807853 0.1950898 0 -0.9807855 -0.5555679 0 0.8314713 0.5555709 0 -0.8314692 -0.8314692 0 0.5555709 0.8314697 0 -0.5555703 -0.9807853 0 0.1950905 0.9807853 0 -0.1950905 -0.9807853 0 -0.1950905 0.8314694 0 0.5555706 0.9807846 0 0.1950936 -0.8314692 0 -0.5555709 0.555567 0 0.8314719 -0.5555683 0 -0.8314709 0 -1 -1.6001e-5 0 -1 7.56109e-6 0 -1 8e-6 0 -1 -3.78069e-6 0 -1 -7.56109e-6 0 -1 7.56167e-6 0 -1 -3.7808e-6 -0.1950886 0 0.9807856 -0.1950868 0 -0.980786 -0.1950886 0 -0.9807856 -0.5555709 0 -0.8314692 0.555569 0 0.8314705 -0.8314712 0 -0.5555679 0.9807858 0 0.1950879 0.8314641 0 0.5555785 -0.9807858 0 -0.1950883 0.9807858 0 -0.1950879 -0.9807858 0 0.195088 0.8314718 0 -0.5555671 -0.8314714 0 0.5555675 0.5555709 0 -0.8314692 -0.5555697 0 0.83147 0.1950904 0 -0.9807853 -0.8314706 0 -0.555569 0.9807853 0 0.1950904 0.8314686 0 0.5555717 -0.9807852 0 -0.1950907 0.9807853 0 -0.1950905 -0.9807853 0 0.1950905 0.8314712 0 -0.555568 -0.8314712 0 0.555568 0.5555709 0 -0.8314693 -0.5555694 0 0.8314701 0.1950923 0 -0.9807849 -0.1950913 0 0.9807851 -0.1950904 0 -0.9807853 -0.1950913 0 -0.9807851 -0.5555709 0 -0.8314693 0.5555688 0 0.8314707 0 -1 -3.97388e-6 0 -1 -1.98693e-6 0 -1 -1.98698e-6 0 -1 -1.98695e-6 0 -1 1.98693e-6 0 -1 2.49471e-6 0 -1 -2.49471e-6 0.5821637 -0.7139832 -0.3889902 -0.3889915 -0.7139834 0.5821626 0.3889905 -0.7139838 -0.5821629 -0.1365962 -0.7139746 0.6867181 0.1365941 -0.7139827 -0.6867102 0.1365942 -0.7139767 0.6867164 0.1365954 0.7139737 0.6867192 0.3889911 -0.7139823 0.5821644 -0.3889873 -0.7139828 -0.5821662 0.5821664 -0.7139802 0.3889918 -0.6867126 -0.7139797 -0.1365977 -0.5821583 -0.7139879 -0.3889899 0.6867052 -0.7139868 0.1365978 -0.686711 -0.7139819 0.1365944 0.6867036 -0.7139892 -0.1365929 -0.5821678 -0.7139785 0.388993 0 -1 5.59798e-6 0 -1 4.19839e-6 0 -1 -4.19848e-6 0 -1 -2.79905e-6 0 -1 -3.2391e-6 -0.1950892 0 -0.9807856 -0.1950928 0 -0.9807848 -0.5555718 0 -0.8314686 0.555561 0 0.8314758 -0.8314657 0 -0.5555761 0.9807856 0 0.1950892 0.8314729 0 0.5555654 -0.9807853 0 -0.1950901 0.9807853 0 -0.1950901 -0.9807852 1.23858e-6 0.195091 0.8314744 0 -0.5555632 -0.8314642 0 0.5555783 0.5555751 0 -0.8314665 -0.5555718 0 0.8314686 0.1950892 0 -0.9807856 -0.1950938 0 0.9807846 0 -1 -1.56006e-6 0 1 3.80254e-7 0 1 1.14075e-6 0 1 -1.14075e-6 0 1 1.52099e-6 0 1 -1.521e-6 0.9807853 0 0.1950907 -0.9807853 0 0.1950907 0.9807853 0 -0.1950907 0.8314693 0 -0.5555708 -0.1950905 0 0.9807853 0.8314696 0 0.5555704 -0.9807851 0 -0.195091 -0.8314691 0 -0.5555711 0.5693587 0.8142511 -0.1132522 -0.569359 0.8142509 -0.1132522 0.4826735 0.8142552 0.3225135 0.5693587 0.8142511 0.1132522 -0.4826689 0.8142604 -0.3225069 0.322519 0.8142475 0.4826827 -0.3225201 0.8142471 -0.4826825 -0.1132522 -0.8142489 -0.5693619 -0.1132518 0.8142473 -0.5693641 -0.1132522 0.8142467 0.5693647 0.1132526 0.8142541 -0.5693541 -0.3225194 0.8142474 0.4826827 0.3225196 0.8142459 -0.4826851 -0.4826779 0.8142527 0.3225131 0.4826837 0.8142464 -0.3225206 -0.5693612 0.8142492 0.1132537 -0.1950903 0 -0.9807854 -0.1950899 0 0.9807854 0.1950903 0 -0.9807854 -0.5555692 0 0.8314704 0.5555697 0 -0.83147 -0.8314686 0 0.5555718 0.8314691 0 -0.5555712 -0.9807852 0 0.1950908 0.9807852 0 -0.1950908 -0.9807852 0 -0.1950908 0.8314688 0 0.5555716 0.9807847 0 0.1950933 -0.8314686 0 -0.5555718 0.5555682 0 0.831471 -0.5555697 0 -0.83147 0 1 5.67121e-6 0 1 1.51222e-5 0 1 -1.89042e-6 0 1 -1.89028e-6 0 1 1.89028e-6 0 1 -3.78078e-6 0 1 3.78055e-6 0 1 2.83556e-6 -0.8314644 0 -0.5555781 0.831465 0 -0.5555772 -0.8314647 0 0.5555776 0.9807851 0 0.1950913 -0.9807851 0 -0.1950917 0.9807851 0 -0.1950916 -0.9807851 0 0.1950916 0.1950916 0 -0.9807851 -0.1950905 0 0.9807853 -0.1950896 0 -0.9807854 0 1 1.24736e-6 0 1 -1.24736e-6 0 1 1.24734e-6 0 1 1.24737e-6 0 1 2.49471e-6 0 1 -2.4947e-6 0 1 -1.24737e-6 0.5821637 0.7139832 -0.3889902 -0.3889912 0.7139829 0.5821635 0.3889902 0.7139832 -0.5821637 -0.1365967 0.713977 0.6867156 0.1365954 0.7139766 -0.6867163 0.1365938 0.7139797 0.6867133 0.1365949 -0.7139838 0.6867089 0.3889909 0.7139824 0.5821642 -0.3889916 0.7139782 -0.5821689 0.5821678 0.7139785 0.388993 -0.6867094 0.713983 -0.136596 -0.5821583 0.7139879 -0.3889899 0.6867095 0.7139831 0.1365954 -0.6867083 0.7139841 0.136596 0.6867184 0.713974 -0.136598 -0.5821637 0.7139832 0.3889902 0 1 1.61959e-6 0 1 -1.61959e-6 0 1 3.23918e-6 0 1 -6.47828e-6 0 1 -3.23927e-6 0 1 3.2391e-6 -0.1950883 0 -0.9807857 0.5555632 0 0.8314744 -0.8314654 0 -0.5555767 0.8314719 0 0.555567 -0.9807853 0 0.1950901 0.8314734 0 -0.5555648 -0.8314654 0 0.5555767 0.1950883 0 -0.9807857 -0.1950929 0 0.9807848 0.9807853 6.23896e-6 -0.1950908 -0.8314712 0 0.5555679 0.1950902 0 -0.9807854 0.1950887 0 0.9807857 -0.9807853 6.472e-7 -0.1950907 0.5693588 -0.8142511 -0.1132513 0.4826735 -0.8142552 0.3225135 0.5693594 -0.8142504 0.1132532 -0.48267 -0.8142588 -0.3225092 0.3225188 -0.8142471 0.4826833 -0.3225182 -0.8142491 -0.4826805 -0.1132524 0.8142507 -0.569359 -0.1132532 -0.8142507 0.5693589 0.113252 -0.8142499 -0.5693604 0.3225199 -0.8142499 -0.4826779 -0.4826795 -0.8142493 0.3225191 0.4826835 -0.8142477 -0.3225172 -0.1950901 0 -0.9807854 0 -1 1.6001e-5 0 -1 -8e-6 0 -1 -4.00026e-6 0 -1 1.89038e-6 0 -1 4.00026e-6 0 -1 1.89034e-6 0 -1 -5.67125e-6 0 -1 5.67121e-6 0.9807844 0 0.195095 0.8314709 0 0.5555684 -0.9807843 0 -0.1950953 0.9807844 0 -0.195095 -0.9807844 0 0.1950951 0.555569 0 -0.8314706 -0.5555676 0 0.8314715 -0.555569 0 -0.8314706 0.5555669 0 0.8314719 0 -1 -1.98694e-6 0 -1 1.98698e-6 0 -1 1.24736e-6 0 -1 -1.24736e-6 -0.3889909 -0.7139824 0.5821642 0.38899 -0.7139828 -0.5821645 -0.1365967 -0.713977 0.6867156 0.1365944 -0.7139845 -0.6867082 0.1365958 0.7139756 0.6867172 -0.3889881 -0.7139844 -0.5821638 0.5821669 -0.7139807 0.3889902 -0.6867127 -0.7139798 -0.1365968 -0.5821577 -0.7139872 -0.388992 0.6867054 -0.713987 0.1365954 -0.686711 -0.7139819 0.1365935 0.6867038 -0.7139893 -0.136592 0 -1 6.47836e-6 0 -1 -4.19839e-6 0 -1 4.19848e-6 0 -1 -5.5981e-6 0 -1 -6.47853e-6 0 -1 6.47853e-6 0 1 -7.60498e-7 0 1 7.60498e-7 0 1 1.52101e-6 0 1 1.521e-6 0.9807851 0 -0.1950911 -0.9807851 0 -0.1950914 0.5693588 0.8142512 -0.1132497 -0.569359 0.8142508 -0.113253 0.4826739 0.814256 0.3225105 0.5693587 0.814251 0.113253 0.3225195 0.8142488 0.4826801 -0.3225206 0.8142485 -0.4826799 -0.1132526 -0.8142519 -0.5693573 -0.1132522 0.8142507 -0.569359 -0.1132531 0.814253 0.5693557 0.1132522 0.8142511 -0.5693587 -0.3225198 0.8142484 0.4826807 0.3225206 0.8142485 -0.4826799 0.4826842 0.8142471 -0.3225176 0.9807848 0 0.195093 0 1 -7.56155e-6 0 1 1.89028e-6 0 1 -4.72593e-6 -0.1950942 0 -0.9807845 0.8314678 0 0.5555732 0 1 -2.49474e-6 0 1 6.23678e-7 0 1 -6.23684e-7 0 1 -2.49471e-6 0 1 2.49474e-6 0.5821642 0.7139839 -0.3889881 0.1365956 0.7139778 -0.686715 0.1365947 -0.7139825 0.6867102 0.3889915 0.7139834 0.5821626 -0.3889922 0.7139793 -0.5821673 0.5821684 0.7139791 0.3889909 -0.5821577 0.7139872 -0.388992 0.6867093 0.7139829 0.1365972 -0.6867081 0.7139839 0.1365984 0.6867182 0.7139738 -0.1366004 -0.5821642 0.7139839 0.3889881 0 1 -3.23918e-6 0 1 6.47836e-6 0 1 -3.2391e-6 0 1 6.47819e-6 0 1 3.23927e-6 0.9807857 0 0.1950881 -0.9807856 0 -0.1950891 0.9807856 0 -0.1950891 -0.9807856 0 0.1950891 0 -1 -1.521e-6 0 -1 -5.29248e-7 0 -1 4.23398e-6 0 1 -2.117e-6 0 -1 2.11699e-6 0 -1 5.33761e-7 0 -1 -1.44072e-6 0 -1 -7.605e-7 0.9807854 0 0.1950899 -0.9807854 0 0.1950896 0.9807854 0 -0.1950896 -0.8314695 0 0.5555706 0.8314697 0 -0.5555703 0.5555699 0 -0.8314699 -0.1950911 0 0.9807851 0.1950896 0 -0.9807854 0.5555699 0 0.8314699 -0.5555686 0 -0.8314707 -0.9807851 0 -0.1950919 -0.8314688 0 -0.5555717 0.5693603 -0.8142499 -0.1132516 -0.5693605 -0.8142495 -0.1132541 0.4826799 -0.8142489 0.3225196 0.5693605 -0.8142496 0.1132534 -0.4826815 -0.8142497 -0.3225153 0.3225166 -0.8142508 0.4826787 -0.3225172 -0.8142497 -0.4826803 -0.1132524 0.8142495 -0.5693609 -0.1132537 -0.8142523 -0.5693567 -0.113253 -0.8142508 0.5693588 0.1132529 -0.8142528 -0.5693561 -0.3225174 -0.814251 0.482678 0.3225179 -0.8142498 -0.4826797 -0.4826802 -0.8142501 0.3225165 0.4826796 -0.8142491 -0.3225197 -0.5693606 -0.8142495 0.1132534 0.8314703 0 -0.5555694 -0.9807853 0 0.1950902 0.9807854 0 -0.1950896 -0.9807853 0 -0.1950902 0.9807852 0 0.1950911 -0.5555709 0 -0.8314692 0 -1 8.00035e-6 0 -1 4.00018e-6 0 -1 -3.78076e-6 0.195096 0 -0.9807842 -0.8314695 0 -0.5555704 0.9807856 0 -0.1950886 0.8314701 0 -0.5555694 -0.8314701 0 0.5555694 -0.1950888 0 -0.9807856 0 -1 1.24735e-6 0 -1 1.98695e-6 0 -1 2.49471e-6 0 -1 2.48369e-6 0 -1 1.24735e-6 0 -1 -5.08968e-7 0.5821655 -0.7139798 -0.3889939 -0.3889925 -0.7139798 0.5821664 0.3889911 -0.7139787 -0.5821687 -0.1365965 -0.7139804 0.686712 0.1365965 -0.7139803 -0.6867122 0.1365954 -0.7139831 0.6867095 0.136594 0.713981 0.686712 0.3889912 -0.7139819 0.5821647 -0.3889912 -0.7139795 -0.5821676 0.5821681 -0.7139813 0.3889873 -0.6867135 -0.7139797 -0.1365923 -0.5821647 -0.7139804 -0.3889941 0.6867112 -0.7139813 0.1365963 -0.6867117 -0.7139812 0.1365942 0.6867117 -0.7139808 -0.1365964 -0.5821648 -0.7139818 0.3889913 0 -1 -6.47833e-6 0 -1 6.47833e-6 0 -1 2.79901e-6 0 -1 5.59802e-6 0 -1 3.23916e-6 0 -1 2.66054e-6 0 -1 -3.81779e-6 0 1 2.66056e-6 0 -1 -6.47832e-6 -0.195091 0 -0.9807852 0.5555697 0 0.83147 -0.83147 0 -0.5555697 0.9807854 0 0.1950904 0.8314675 0 0.5555735 -0.9807851 0 -0.1950913 -0.980785 -1.43333e-7 0.1950922 0.83147 0 -0.5555697 0.5555729 0 -0.8314679 -0.1950947 0 0.9807845 0 1 7.60501e-7 0 1 1.521e-6 0 -1 -7.60504e-7 0 1 2.25042e-7 0 1 1.521e-6 0 1 -1.521e-6 0.9807854 0 -0.1950904 -0.8314698 0 0.5555701 0.83147 0 -0.5555697 -0.1950914 0 0.9807851 0.195088 0 0.9807857 -0.980785 0 -0.1950922 0.5693603 0.8142499 -0.1132516 -0.5693603 0.8142498 -0.1132533 0.4826797 0.8142504 0.3225163 0.5693602 0.8142498 0.1132533 -0.4826815 0.8142497 -0.3225153 0.322516 0.8142493 0.4826816 -0.3225181 0.8142519 -0.482676 -0.1132527 -0.8142516 -0.5693578 -0.1132534 0.8142496 -0.5693605 -0.1132532 0.8142527 0.5693562 0.1132525 0.8142498 -0.5693603 -0.3225176 0.8142516 0.4826766 0.3225179 0.814252 -0.4826759 -0.482681 0.8142497 0.322516 0.4826802 0.8142508 -0.3225144 -0.5693597 0.8142501 0.1132534 -0.5555704 0 0.8314696 -0.9807854 0 0.1950899 0.9807854 0 -0.1950899 -0.9807854 0 -0.1950899 0 1 6.61634e-6 0 -1 6.61632e-6 0 1 -6.61634e-6 0 1 -8.50669e-6 0 1 -9.45189e-6 0 1 -3.78076e-6 0 1 -5.67113e-6 0 1 1.89037e-6 0 1 -3.78076e-6 0 1 1.89038e-6 0 1 1.32327e-5 -0.1950942 0 0.9807845 0.8314695 0 0.5555704 -0.9807855 0 -0.1950898 0.5555727 0 -0.8314679 0 1 -2.4947e-6 0 1 1.24735e-6 0 1 1.24735e-6 0 1 1.24735e-6 0 1 6.23676e-7 0 1 -2.4947e-6 0.5821666 0.7139812 -0.3889897 -0.3889927 0.7139803 0.5821656 0.3889925 0.7139813 -0.5821646 -0.1365963 0.7139791 0.6867135 0.1365963 0.7139792 -0.6867134 0.1365941 0.7139812 0.6867118 0.1365954 -0.7139788 0.6867139 0.3889917 0.7139791 0.5821678 -0.3889912 0.7139795 -0.5821676 0.5821664 0.7139814 0.3889896 -0.6867122 0.7139803 -0.1365965 -0.5821647 0.7139804 -0.3889941 0.6867116 0.7139813 0.1365942 -0.6867116 0.713981 0.136596 0.6867119 0.7139806 -0.1365967 -0.5821676 0.7139795 0.3889912 0 1 4.85875e-6 0 1 -3.23916e-6 0 1 -6.47833e-6 0 1 -6.47832e-6 0 1 6.47832e-6 0 1 2.5253e-6 -0.8314686 6.80956e-7 -0.5555718 0.8314665 0 0.5555751 -0.9807851 0 0.1950913 0.9791637 0 -0.2030728 0.9791636 6.13857e-6 -0.203073 0.9791657 1.22771e-5 -0.2030633 0.979164 -1.22771e-5 -0.2030714 0.9791646 0 -0.2030685 0.9791638 0 -0.2030718 0.9791636 -6.13857e-6 -0.203073 0.9791651 0 -0.2030659 0.9791648 0 -0.2030677 0.9791651 2.45542e-5 -0.2030658 0.9791646 0 -0.2030687 0.9791647 1.22771e-5 -0.2030678 0.979164 -1.22771e-5 -0.2030712 0.9791639 2.45543e-5 -0.2030715 0.9791653 -1.22771e-5 -0.2030652 0.9791646 3.06928e-6 -0.2030684 0.9791648 0 -0.203067 0.9791644 -6.13858e-6 -0.2030696 0.9791645 0 -0.2030687 0.9791651 1.22772e-5 -0.2030659 0.979165 0 -0.2030662 0.9791643 0 -0.2030701 0.9791635 0 -0.2030738 0.9791643 0 -0.2030701 0.9791652 -1.22772e-5 -0.2030652 0.9791636 0 -0.2030735 0.9791627 -1.22772e-5 -0.2030773 0.9791637 0 -0.2030729 0.9791641 0 -0.2030707 0.9791646 3.06929e-6 -0.2030686 0.979164 0 -0.2030714 0.9791655 -3.06929e-6 -0.2030643 0.9962831 -0.01168686 -0.08534449 0.9962829 0.01168727 -0.08534449 0.973029 -0.1331056 -0.1884075 0.9730292 0.1331055 -0.1884072 0.9677053 0.1330994 -0.214082 0.9677059 -0.1330981 -0.2140799 0.9409365 0.04182976 -0.3359895 0.9409367 -0.04182559 -0.3359895 0.9791647 -1.56599e-6 -0.2030681 -0.9791652 0 0.2030655 -0.9791635 1.22772e-5 0.2030736 -0.9791647 1.25457e-5 0.2030676 -0.9791639 0 0.203072 -0.9791659 -1.25457e-5 0.2030624 -0.979164 1.22771e-5 0.2030715 -0.9791638 0 0.2030723 -0.9791651 6.13857e-6 0.2030656 -0.9791646 1.22772e-5 0.2030686 -0.9791652 -1.22771e-5 0.2030658 -0.9791646 0 0.2030686 -0.9791647 -1.22771e-5 0.2030678 -0.9791637 0 0.2030729 -0.979164 0 0.2030711 -0.9791653 1.22771e-5 0.2030646 -0.9791647 0 0.2030683 -0.9791648 0 0.203067 -0.9791635 0 0.2030736 -0.9791646 1.22771e-5 0.2030686 -0.9791651 1.43381e-5 0.2030656 -0.9791651 -3.06929e-6 0.2030664 -0.9791642 -1.22771e-5 0.2030704 -0.9791636 0 0.2030735 -0.9791643 0 0.2030704 -0.9791652 1.22772e-5 0.2030652 -0.9791637 0 0.2030729 -0.9791629 1.22771e-5 0.2030767 -0.9791656 7.16899e-6 0.2030637 -0.9791641 0 0.2030704 -0.9791646 -1.22772e-5 0.2030687 -0.9791635 2.15071e-5 0.2030736 -0.9791654 1.22772e-5 0.2030644 -0.9962829 0.01169461 0.08534437 -0.9962831 -0.01168686 0.08534443 -0.9730297 0.1330998 0.1884081 -0.9711362 -0.1356683 0.1961856 -0.9677059 -0.1330943 0.2140823 -0.9690605 0.1356722 0.2061911 -0.9447584 -0.07195222 0.3197724 -0.9409366 0.0418297 0.3359893 -0.9791647 0 0.2030681 0.0589475 -0.9569401 0.2842377 -0.1504877 0.6714146 -0.7256418 -0.1943245 0.2902938 -0.9369993 0.01990473 -0.9951847 0.09597587 0.1807516 -0.455749 0.8715628 -0.1790958 0.471386 -0.8635509 -0.01990449 -0.9951847 -0.09597522 0.1807569 0.455739 0.871567 -0.1569741 0.6343968 -0.7569016 -0.0589475 -0.9569396 -0.2842389 -0.1288238 0.7730125 -0.6211733 -0.09572637 -0.8819178 -0.4615817 -0.09572464 0.8819242 -0.4615697 -0.1288244 -0.7730134 -0.621172 -0.05894827 0.95694 -0.2842376 -0.1569755 -0.6343966 -0.7569014 -0.1790912 -0.4713977 -0.8635454 0 1 0 -0.1943248 -0.2902793 -0.9370036 0.0589475 0.9569409 0.2842345 -0.2020938 -0.09801781 -0.974449 0.09572607 0.88192 0.4615772 -0.2020938 0.09801596 -0.9744491 0.1288238 0.7730124 0.6211734 -0.194324 0.2902931 -0.9369995 0.1569741 0.6343838 0.7569124 -0.1790916 0.4713953 -0.8635466 0.01990413 0.995185 0.09597253 0.2030684 -7.04492e-7 0.9791646 0.1790943 0.4713993 0.8635439 -0.1569728 0.634393 -0.7569049 0.05894798 0.9569401 0.2842371 -0.1288259 0.773008 -0.6211785 0.09572863 0.8819124 0.4615914 0.2020923 0.09801799 0.9744492 -0.09572643 0.8819183 -0.4615806 0.1288244 0.7730136 0.6211717 0.2030684 0 0.9791646 0.2020921 -0.09802007 0.974449 -0.05894935 0.9569397 -0.2842383 0.156972 0.6343975 0.7569013 -0.2030684 0 -0.9791646 -0.01990425 0.9951848 -0.09597444 0.1790877 0.4713985 0.8635457 -0.2030684 0 -0.9791646 0.179091 -0.4713934 0.8635478 0.1943249 0.2902795 0.9370036 0.1569758 -0.6343994 0.7568991 -0.05894774 -0.9569405 -0.284236 0.2020903 0.09801602 0.9744499 0.1288248 -0.7730097 0.6211764 -0.09572899 -0.8819181 -0.4615806 0.2020903 -0.09801793 0.9744496 -0.03371453 -0.986122 -0.1625637 0.09572613 -0.8819207 0.4615761 -0.1288256 -0.7730057 -0.6211813 0.1943209 -0.2902866 0.9370022 0.06368148 0.9495576 0.3070589 0.0589466 -0.9569432 0.2842273 -0.1569733 -0.6343893 -0.7569079 0.1790882 -0.4713924 0.8635489 0.06367951 -0.9495584 0.3070566 -0.1790897 -0.4714031 -0.8635427 0.1569763 -0.6343923 0.7569047 -0.03371536 0.9861212 -0.1625676 -0.194325 -0.290286 -0.9370016 0.1288273 -0.7730088 0.6211771 -0.1504939 -0.6714107 -0.7256441 0.09572291 -0.8819268 0.461565 -0.2030687 8.5873e-7 -0.9791645 -0.01267749 0.9943497 0.1053946 -0.03730255 0.9499654 0.3101199 -0.05986863 0.8652654 0.4977264 -0.07937431 0.7471604 0.6598872 -0.09521144 0.6036339 0.7915561 -0.1071091 0.4422729 0.890462 -0.1150054 0.269506 0.9561069 -0.1189344 0.09049314 0.9887698 -0.1189339 -0.09049254 0.98877 -0.1150057 -0.2695057 0.956107 -0.1071095 -0.4422752 0.8904607 -0.09521174 -0.6036357 0.7915547 -0.07937413 -0.7471631 0.6598842 -0.05986827 -0.8652648 0.4977275 -0.03730243 -0.9499653 0.3101203 -0.01267749 -0.9943495 0.1053968 0.01267743 -0.9943492 -0.1053993 0.03730309 -0.9499652 -0.3101205 0.05986815 -0.8652697 -0.4977189 0.07937365 -0.7471585 -0.6598895 0.0952121 -0.6036345 -0.7915555 0.107109 -0.4422751 -0.8904609 0.1150055 -0.2695037 -0.9561075 0.1189324 -0.09049028 -0.9887703 0.1189344 0.09049403 -0.9887697 0.1150038 0.2695022 -0.9561082 0.1071091 0.4422774 -0.8904597 0.09521162 0.6036345 -0.7915556 0.07937389 0.7471652 -0.6598819 0.05986845 0.8652665 -0.4977247 -0.9620455 0 0.2728894 0.03730207 0.9499679 -0.3101125 0.0126776 0.9943488 -0.1054033 0.9620454 0 -0.2728895 -0.01267701 0.9943506 0.1053866 -0.03730261 0.9499679 0.3101124 -0.05986845 0.8652665 0.4977247 -0.07937324 0.7471613 0.6598863 -0.09521198 0.6036333 0.7915565 -0.1071088 0.4422714 0.8904627 -0.1150051 0.2695032 0.9561077 -0.1189348 0.0904935 0.9887697 -0.118934 -0.09049332 0.9887698 -0.115005 -0.269504 0.9561075 -0.1071091 -0.4422747 0.8904611 -0.09521192 -0.6036338 0.791556 -0.07937449 -0.7471618 0.6598855 -0.05986809 -0.8652698 0.4977189 -0.03730249 -0.949966 0.3101183 -0.01267719 -0.9943494 0.1053975 0.01267725 -0.99435 -0.1053916 0.03730273 -0.9499653 -0.3101203 0.05986833 -0.8652676 -0.4977225 0.07937413 -0.7471628 -0.6598845 0.0952118 -0.6036325 -0.791557 0.1071085 -0.442271 -0.8904629 0.115005 -0.2695033 -0.9561077 0.118933 -0.09049081 -0.9887702 0.1189337 0.09049373 -0.9887698 0.115005 0.269505 -0.9561071 0.1071083 0.4422752 -0.8904609 0.09521198 0.6036333 -0.7915565 0.07937395 0.7471647 -0.6598824 0.05986857 0.8652659 -0.4977256 -0.9620456 -7.00958e-7 0.2728893 0.03730201 0.9499655 -0.3101196 0.01267713 0.9943496 -0.1053954 0.9620455 -4.95652e-7 -0.2728891 0.01267743 0.9943489 -0.1054025 0.03730249 0.9499655 -0.3101196 0.05986845 0.8652699 -0.4977188 0.0793733 0.7471575 -0.6598907 0.1071094 0.4422759 -0.8904604 0.1150047 0.2695022 -0.956108 0.118934 0.09049278 -0.9887698 0.1189343 -0.0904935 -0.9887698 0.1150048 -0.2695047 -0.9561073 0.1071085 -0.4422722 -0.8904623 0.0952121 -0.603635 -0.7915552 0.07937437 -0.7471609 -0.6598867 0.05986797 -0.8652675 -0.4977228 0.03730243 -0.9499654 -0.3101201 0.01267719 -0.99435 -0.1053916 -0.01267749 -0.9943499 0.1053928 -0.03730249 -0.9499656 0.3101194 -0.05986827 -0.8652667 0.4977242 -0.07937395 -0.7471614 0.6598861 -0.09521198 -0.6036336 0.7915563 -0.1071086 -0.4422716 0.8904626 -0.115005 -0.2695035 0.9561077 -0.1189336 -0.09049129 0.9887701 -0.1189337 0.09049403 0.9887698 -0.1150046 0.2695041 0.9561075 -0.1071082 0.4422737 0.8904617 -0.0952121 0.6036369 0.7915537 -0.07937359 0.747157 0.6598911 -0.05986815 0.8652693 0.4977196 0.9620456 0 -0.2728893 -0.03730249 0.9499655 0.3101196 -0.01267713 0.9943496 0.1053954 -0.9620455 -4.95652e-7 0.2728892 0.01267701 0.9943497 -0.1053946 0.03730255 0.9499654 -0.3101199 0.05986863 0.8652654 -0.4977264 0.07937425 0.7471643 -0.6598829 0.09521192 0.6036338 -0.791556 0.1071084 0.4422699 -0.8904635 0.1150046 0.2695041 -0.9561075 0.1189344 0.09049314 -0.9887698 0.1189343 -0.09049284 -0.9887698 0.1150048 -0.2695034 -0.9561077 0.1071085 -0.4422711 -0.8904628 0.0952118 -0.6036329 -0.7915567 0.07937395 -0.7471616 -0.6598858 0.05986839 -0.865266 -0.4977256 0.03730255 -0.9499682 -0.3101112 0.01267701 -0.994351 -0.1053829 -0.01267707 -0.9943495 0.1053963 -0.03730255 -0.9499645 0.3101228 -0.05986833 -0.8652657 0.497726 -0.07937413 -0.7471633 0.6598839 -0.09521192 -0.6036334 0.7915564 -0.1071078 -0.44227 0.8904636 -0.115004 -0.2695 0.9561087 -0.1189338 -0.09049141 0.98877 -0.1189344 0.09049403 0.9887697 -0.1071091 0.4422774 0.8904597 -0.09521108 0.6036308 0.7915585 -0.07937389 0.7471652 0.6598819 0.9620455 0 -0.2728892 -0.03730207 0.9499679 0.3101125 -0.01267719 0.9943496 0.1053953 -0.9620456 0 0.2728892 0.6932471 0 0.7207 0.6906103 0.08713656 0.7179588 5.10067e-4 0.9652301 0.2614015 -0.9890468 -0.01906764 0.1463659 0.6906103 -0.08713656 0.7179588 -0.02567005 -0.9543161 0.2976944 -0.9921861 0 0.1247674 0 -1 -1.0585e-6 0 -1 2.11699e-6 0 -1 1.521e-6 0 -1 0 0 -1 0 0 -1 -1.521e-6 0 -1 -1.521e-6 0 -1 1.0585e-6 0.9807854 0 -0.19509 0.195089 0 0.9807856 -0.5555694 0 -0.8314703 0.5693602 -0.8142498 -0.1132533 -0.5693606 -0.8142497 -0.1132526 0.4826803 -0.8142498 0.3225169 -0.4826817 -0.8142499 -0.3225145 0.3225168 -0.8142513 0.4826778 -0.3225176 -0.8142508 -0.4826779 -0.1132534 -0.8142496 -0.5693604 -0.1132532 -0.8142521 0.5693568 0.1132529 -0.8142525 -0.5693563 -0.3225167 -0.8142493 0.4826812 0.48268 -0.81425 -0.3225169 0.9807855 0 -0.1950892 0 -1 9.45192e-7 0 -1 -8.00033e-6 0 -1 -4.00016e-6 0 -1 -1.89038e-6 0 -1 7.56151e-6 0 -1 -9.45193e-7 -0.1950924 0 -0.9807849 0.1950908 0 -0.9807853 -0.5555727 0 -0.8314679 0 -1 2.4947e-6 0 -1 2.4947e-6 0 -1 -4.96738e-7 0 -1 1.98695e-6 0 -1 -1.24735e-6 0 -1 1.87659e-6 0.5821666 -0.7139812 -0.3889897 0.3889922 -0.7139807 -0.5821654 -0.1365964 -0.7139797 0.6867129 0.1365963 -0.7139791 -0.6867134 0.136595 -0.7139813 0.6867115 -0.3889918 -0.7139806 -0.582166 0.5821668 -0.7139797 0.388992 -0.6867132 -0.7139794 -0.1365959 0.6867114 -0.7139816 0.1365935 0.6867116 -0.7139807 -0.1365973 0 -1 8.39703e-6 0 -1 -5.59803e-6 0 -1 -1.84728e-6 0 -1 4.63105e-6 0 -1 5.59802e-6 0 1 -1.8473e-6 0 -1 5.59801e-6 -0.1950901 0 -0.9807853 -0.831469 0 -0.5555713 -0.8314675 0 0.5555735 0.1950901 0 -0.9807853 0 1 -1.521e-6 0 1 1.521e-6 0 1 -1.521e-6 0 -1 7.60504e-7 0 1 -1.3625e-6 0 1 -3.042e-6 -0.980785 0 -0.1950917 0.5693602 0.8142498 -0.1132533 -0.5693605 0.8142501 -0.11325 0.4826794 0.8142498 0.3225178 0.5693603 0.8142499 0.1132525 -0.3225175 0.8142505 -0.4826786 -0.1132523 -0.8142485 -0.5693624 -0.1132538 0.8142527 -0.5693559 -0.3225171 0.8142503 0.4826793 0.3225173 0.8142505 -0.4826788 -0.4826811 0.8142499 0.3225153 0.4826801 0.8142507 -0.3225151 0.9807853 0 0.1950908 0 1 -4.72596e-6 0 -1 5.67113e-6 0 1 -5.67115e-6 0 1 5.67112e-6 0 1 5.67114e-6 0 1 5.67114e-6 0 1 -1.89038e-6 0 1 -7.56151e-6 0 1 -9.4519e-6 -0.5555844 0 -0.8314602 -0.8314693 0 0.5555709 -0.5555713 0 0.831469 -0.1950905 0 -0.9807853 0 1 1.24735e-6 0 1 -1.24735e-6 0 1 6.23677e-7 0 1 -2.49471e-6 -0.3889933 0.7139814 0.582164 0.3889919 0.7139803 -0.5821662 -0.1365965 0.7139803 0.6867122 0.136594 0.7139803 0.6867126 0.1365959 -0.7139812 0.6867114 0.3889923 0.7139801 0.5821662 -0.6867119 0.7139801 -0.1365989 -0.5821652 0.713981 -0.388992 -0.6867116 0.713981 0.1365954 0.6867121 0.7139808 -0.1365943 0 1 3.23917e-6 0 1 1.61958e-6 0 1 -6.47833e-6 0 1 -1.98253e-6 -0.8314675 6.80956e-7 -0.5555735 0 1 -3.12013e-6 0.2728863 -0.8092271 0.5202736 -0.9781523 -0.2078893 5.29852e-6 -0.2728889 0.8092262 0.5202735 0.9781488 0.2079064 -1.67321e-6 -0.1081236 0.3206348 -0.9410115 0.1081227 -0.3206281 0.9410139 -0.108124 0.3206349 0.9410115 0 0 1 0.1081232 -0.3206356 -0.9410113 -1.99382e-7 0 -1 0.9781524 0.2078894 -4.46191e-6 0.978154 0.2078819 0 -0.9781524 -0.2078894 6.69287e-6 -0.9781527 -0.2078881 0 -0.9781531 -0.2078856 0 -0.9781528 -0.2078876 0 -0.9781537 -0.207883 0 -0.9781583 -0.2078616 0 0.9781538 0.2078824 0 0.978154 0.2078815 0 0.9781538 0.2078829 0 0.9781525 0.2078885 0 0.9781564 0.2078706 0 -0.2728846 0.80923 -0.52027 -0.3195393 0.9475731 0 -0.978155 -0.2078768 0 -0.9781554 -0.207875 0 0.2728855 -0.8092301 -0.5202693 0.3195393 -0.9475731 0 -0.1816413 -0.833449 0.5218902 -0.9895759 0.1440126 -2.78869e-6 0.1816412 0.8334509 0.5218873 0.9895784 -0.1439952 -3.06757e-6 0.07178127 0.3293685 -0.941469 -0.07178163 -0.3293622 0.9414712 0.07178133 0.3293677 0.9414693 0 0 1 -0.07178127 -0.3293654 -0.9414701 0 0 -1 0.9895784 -0.1439951 3.34644e-6 0.9895765 -0.1440078 0 -0.9895759 0.1440126 2.78869e-6 -0.989577 0.1440046 0 -0.9895767 0.1440073 0 -0.9895769 0.144005 0 -0.989583 0.1439633 0 -0.9895751 0.1440182 0 0.9895766 -0.1440076 0 0.9895765 -0.1440081 0 0.9895757 -0.1440138 0 0.9895771 -0.1440044 0 0.9895749 -0.1440203 0 0.9895751 -0.1440182 0 0.1816404 0.8334473 -0.521893 0.2129411 0.977065 0 -0.9895794 0.1439886 0 -0.9895791 0.1439905 0 -0.1816427 -0.8334462 -0.521894 -0.2129402 -0.9770653 0 0.01666122 0.2323681 0.9724852 0 -1 1.11049e-6 0.9901276 0.08620554 -0.1105269 0.6047846 0.7935225 -0.06751078 0 0.1107857 0.9938443 0 0.8971111 0.4418051 0 0.8268738 0.5623877 0 0.1090203 0.9940395 0.3361554 0 -0.9418066 0.01667433 0.2291334 0.9732523 -0.5483091 0.8182633 0.172634 0.97056 -0.1290542 -0.2033677 -0.7804923 -0.5748437 0.245737 0.3358638 -0.04163986 -0.9409898 0.9536955 0.01740932 -0.3002696 0.9787447 0 -0.2050827 0.9705591 0.1290618 -0.2033672 0.9995979 0.02835774 0 -0.5930289 0.8051812 0 0.3680192 -0.007288873 0.9297897 0.3680269 0 0.9298152 0.9997441 -0.02262467 0 -0.6517635 -0.7415745 0.1589706 0.9994825 0.02783644 -0.01612299 -0.873714 -0.4838461 0.05016905 0 0.9992548 0.03859794 -0.7913275 0.126342 0.5981962 0.8128836 0.004709541 -0.5824072 -0.5440495 -0.4639409 0.6991202 0 0.9993464 0.03614819 -0.09808164 -0.03727436 -0.9944801 0 -0.04916876 -0.9987905 0.8131945 0 -0.5819919 0.999863 0 -0.01655805 -0.8182609 -0.4370687 0.37339 0.9998654 -0.001727521 -0.01632392 -0.828081 -0.4862582 0.2789888 -2.06605e-6 0.4061185 0.9138205 0 -0.9263158 0.376748 0 0.03210937 0.9994844 0 0.05111205 0.998693 0 0.999328 0.03665709 0.01674753 0.2101666 0.9775221 0 0.09873032 0.9951143 0 0.8582072 0.5133035 0 0.08035242 0.9967666 0.01686316 0.1758499 0.9842726 -1.20073e-4 0.9993284 0.03664547 0 0.8860234 0.4636407 0 0.8731755 0.4874062 0 0.8860238 0.4636399 0 0.08648842 0.9962529 0 0.09261465 0.995702 0.01682674 0.187367 0.9821459 0.01678812 0.1988069 0.9798949 0 0.9979602 0.06384009 0 0.9979602 0.06383979 -0.01568657 -0.9945451 0.1031222 -0.2496514 -0.8746926 0.415436 0.003131389 0.8618059 -0.5072287 0 1 -1.33102e-6 -0.004021465 0.8876658 -0.4604709 -0.5514786 0 -0.8341891 -0.9454981 0 -0.3256276 0.9125382 0 -0.4089915 0.5514785 0 -0.8341892 -0.001764595 0.8796066 -0.4756989 0 1 -7.501e-7 0 1 1.21238e-6 0.4915068 0.4535071 -0.7434732 0.763285 0.5480573 -0.3420957 -0.7837609 0.5593389 -0.269924 -0.4897922 0.4595607 -0.740883 0 0.3947176 -0.9188026 -0.8274306 0.4980422 -0.2594471 0.7736285 0.5624644 -0.2917751 0.7046341 0.0904926 0.7037769 0.2543253 0.1233372 0.959222 -0.286684 -0.02905905 -0.9575845 0.2868943 0.02545851 0.9576239 0.286676 0.02920693 0.9575823 -0.9528228 -0.0932424 0.2888506 0.9539221 0.08132147 -0.2888245 -0.9536312 -0.08462387 0.2888361 0.9532832 0.09662729 -0.2862071 -0.2868938 -0.02545863 -0.9576241 0 0.9483138 0.3173344 0.3304373 -0.943828 0 -0.01506108 0.05452752 0.9983987 0 0.8796091 -0.4756974 0 0.9993465 0.03614872 0 0.9297304 0.3682411 0 0.9297297 0.368243 0 0.9483141 0.3173334 0 0.8796049 -0.475705 0 0.9993465 0.03614789 0.722898 0 0.6909548 0 0.9297296 0.368243 0 0.948314 0.3173339 0 0.9993464 0.0361483 0 0.9297312 0.3682392 0 0.8796097 -0.4756962 0 0.9993465 0.03614807 0 0.8796078 -0.4756996 0 0.9993464 0.03614825 0 0.9297313 0.3682386 0.9998713 0 0.01604789 0 0.8796082 -0.4756991 0 0.9993268 0.03668993 -0.02022188 0.9832832 0.1809563 0.04705756 0.9830756 0.1770541 0 0.9758999 0.2182188 -0.03941649 0.9805335 0.1923546 0 0.981747 0.1901915 0 1 9.30787e-7 0 1 -5.40378e-7 0 0.8507976 -0.5254938 0.9366331 0.2980486 -0.1840809 -0.9071111 0.2860245 -0.3087708 0.9348393 0.2959688 -0.1961582 0.7733007 0.2556989 -0.5801934 -0.9431597 0.2911676 -0.1602228 0.1967456 0.1985958 -0.9601306 0 0.189471 -0.9818863 -0.2518939 0.1956921 -0.9477627 -0.7684558 0.2501839 -0.5889685 -0.06328505 0.1247453 0.9901685 0 -1 1.23285e-5 -0.2549148 -0.1229149 -0.9591197 -0.03313499 -0.854477 0.5184316 0.7979032 -0.07042264 -0.5986578 0.3186747 0 0.9478641 -0.9878594 -0.02586209 -0.1531829 -0.1876285 -0.8316563 0.5226314 0.3163318 0.1210089 0.9408991 -0.6784675 0.7346305 0 -0.6673092 0.722557 0.1805817 -0.6178413 0.6689859 -0.4131952 -0.9837187 0.1555603 0.08999305 -0.9831625 0.1554691 -0.09602588 -0.9877269 0.1561917 0 -0.9877267 0.1561927 0 0.3168951 0.9484607 0 -0.5406723 -4.63587e-4 0.8412332 0.06073468 0 0.9981541 -0.0161218 0.9325438 0.3606969 0 0.9993464 0.03615015 0 0.9408327 0.3388714 -0.9880551 0 0.1541009 0 0.9993464 0.03614854 0 0.8796079 -0.4756996 0 0.9297298 0.3682426 0 0.9422731 0.3348454 0 0.941092 0.3381509 6.90905e-7 0 -1 0.9970523 -0.03652453 0.06747436 -0.02387201 0.7362266 0.6763141 0 -0.6579142 -0.753093 0.5509999 0.5490287 0.6284638 0.1774744 0.7334147 0.6562055 -0.1574366 -0.7359567 -0.6584691 0 -0.7452451 -0.6667907 0.04543405 -0.744485 -0.6660915 0.999863 0 -0.01655805 0.8131948 0 -0.5819916 -0.9977694 -0.06674951 0.00100249 -0.997867 -0.06496542 0.006409049 -0.997741 -0.06672292 0.007814466 -0.9978768 -0.06491988 0.005239486 -1 -7.03557e-7 0 -0.9974999 -0.07066047 0.001061201 -0.997645 -0.06858271 0.001030027 -0.9977692 -0.06674981 0.00100243 -0.9628075 -0.2701579 0.004057347 -0.9720681 -0.2346728 0.00352478 -0.9720683 -0.2346724 0.003524065 -0.545533 -0.8379949 0.01258671 -0.002908885 0.1275301 0.9918305 -0.05701816 0.01197272 -0.9983015 0.02299517 -0.0409801 -0.9988954 0 0.05810379 -0.9983106 -0.2312504 0.1051251 -0.967198 0 -0.0564059 -0.9984079 -0.004173755 -0.01725411 -0.9998425 -0.001452863 -0.005164325 0.9999856 0.8164826 0.3497036 0.4594166 -0.9997928 -0.02036243 0 -0.1069766 0 0.9942616 -0.1069751 0 0.9942618 0.1069765 0 -0.9942616 0 1 -1.36661e-6 -0.005930602 0.9050846 -0.4251903 0 0.9994919 0.03187561 -0.9723171 0 0.2336657 -0.004911363 -0.9989662 0.04519212 -0.9466614 0 -0.3222304 0.2007441 0 -0.9796438 -0.2568625 0 -0.966448 0.9786868 0 -0.2053588 0 -1 -4.1811e-6 0.199254 -0.1216009 -0.972374 -0.06378585 0 0.9979637 0.9999713 0.00600177 -0.004630625 0 -1 -4.73332e-7 -0.9456196 -0.04690003 -0.321876 0.007050454 0.125447 0.9920753 0 -0.1254056 -0.9921056 0.004811167 -0.9981076 -0.06130415 0.9466615 0 0.32223 0.2568625 0 0.966448 -0.7998898 0 0.600147 -0.9786869 0 0.2053585 -0.05066025 -0.9977052 0.044923 0 -0.3813315 -0.9244384 -0.01394677 0 -0.9999029 0.9858081 0 0.1678764 -0.9992904 0 0.03766691 0.9578384 0 0.2873076 -0.8990429 6.79428e-4 -0.4378601 0.08108824 -0.9736919 -0.2129526 0.0241279 0.9955784 0.0907824 -0.00360918 0.876119 -0.4820814 -0.01672238 0.8465745 -0.5320074 0 1 -1.22142e-6 -0.04616898 0.9988101 -0.01571732 -0.03344279 0.998403 0.04553174 -0.201443 0.7748621 -0.599174 -0.1503283 0.8661694 -0.4766047 0 1 -4.46844e-6 -0.7794656 -0.08360606 -0.6208409 0.9785004 -0.01951676 -0.2053192 0.04616898 -0.9988101 0.01571559 -0.0241279 -0.9955784 -0.0907824 0 -1 -1.40087e-6 0.01672232 -0.8465748 0.5320071 0.01348286 -0.9997683 -0.01678377 -0.1069761 0 0.9942616 0.1069764 0 -0.9942616 0.1128994 -0.03127956 0.9931139 0.01394242 -0.02534079 0.9995816 0.01031571 -0.0255016 0.9996216 0.1069768 0 -0.9942616 0.01061385 -0.0477069 0.998805 0 -0.009319424 0.9999567 0.1633749 -0.04526418 0.9855252 0.1069767 0 -0.9942616 -0.1445839 -1.82842e-4 -0.9894925 0 -0.03473514 0.9993966 0.1446009 0 0.9894901 0 0 -1 -0.1008865 0.6961178 -0.7108038 -0.9999476 0 -0.01024979 -0.9999476 0 -0.01024979 -0.9999475 0 -0.01024979 -0.9999475 0 -0.01024979 0.003861486 -0.9993484 -0.03589046 0.1069761 0 -0.9942616 0.975783 -0.09060055 0.1990962 0.01916038 -0.2321856 0.9724828 0.9901275 -0.08620595 -0.1105276 0.7521688 -0.5809524 0.3110249 0.01702493 -0.1106251 0.9937165 0.007262647 -0.9295542 0.3686139 0 -0.8268738 0.5623875 0.01704418 -0.100031 0.9948384 0.01924818 -0.2126672 0.9769352 -0.5483084 -0.8182637 0.1726338 -0.8065385 0.5433509 0.2329499 -0.210159 0.1289438 -0.9691269 0.9786529 0.01370042 -0.2050634 0.9995979 -0.02835828 0 -0.5930289 -0.8051812 0 -0.651764 0.7415742 0.1589698 0.8375098 0.02026605 0.5460463 -0.8737143 0.4838457 0.05016905 -0.005875289 -0.9992365 0.03862488 -0.7913272 -0.1263433 0.5981962 0.8128837 -0.004709541 -0.5824072 -0.5440496 0.4639415 0.6991198 2.66058e-4 -0.9993342 0.03648495 -0.09808307 0.03727459 -0.99448 0 0.04916882 -0.9987905 -0.7774922 0.5536203 0.2983466 0.9998654 0.001727581 -0.01632392 -0.8280802 0.4862601 0.2789885 -2.06605e-6 -0.4061185 0.9138205 0 0.9263163 0.3767468 0 -0.03210961 0.9994844 0 -0.05111205 0.998693 0.03201502 -0.9983136 0.0484265 0.01929688 -0.2009721 0.9794069 0.01705467 -0.0937339 0.9954512 0 -0.8582075 0.5133031 0.01710271 -0.05652999 0.9982545 0.0195381 -0.1275069 0.9916452 -1.20073e-4 -0.9993284 0.03664529 0.008704543 -0.8970722 0.4417983 0 -0.8731758 0.4874054 0 -0.8860242 0.4636393 0.01707363 -0.08110666 0.9965592 0.01706451 -0.08742558 0.996025 0.01938664 -0.1773273 0.983961 0.01934313 -0.1891915 0.9817498 -0.02270096 -0.9991524 0.03433793 0 -0.9979602 0.0638408 0 -1 -6.2034e-7 -0.01568657 0.9945451 0.1031222 -0.2496512 0.8746926 0.415436 0.03485983 -0.8939988 -0.4467114 -0.004021465 -0.8876658 -0.4604709 -0.001764595 -0.8796065 -0.4756988 0 -1 1.6165e-6 0.4915077 -0.453508 -0.743472 0.7632846 -0.5480571 -0.3420965 -0.7837612 -0.5593382 -0.2699248 -0.4897932 -0.4595623 -0.7408813 0 -0.39472 -0.9188015 -0.8274301 -0.498043 -0.2594469 0.8196522 -0.5038937 -0.2725097 0.704635 -0.09049147 0.7037761 0.2543249 -0.1233372 0.959222 -0.2866844 0.02905905 -0.9575843 0.2868946 -0.02545851 0.9576238 0.2881555 -0.028198 0.9571684 -0.9528229 0.09324234 0.2888505 0.953922 -0.08132147 -0.2888244 -0.9536318 0.08462357 0.2888344 0.9524441 -0.09703654 -0.2888495 -0.2820245 0.02404254 -0.959106 0 -0.9483137 0.3173346 0.004990518 0.9436799 -0.3308223 -0.01506108 -0.05452769 0.9983987 0 -0.8796091 -0.4756974 0 -0.9993465 0.03614872 0 -0.9297305 0.3682408 0 -0.9297294 0.3682435 0 -0.948315 0.3173305 0 -0.8796049 -0.475705 0 -0.9993465 0.03614789 0.722898 0 0.6909548 0 -0.9297296 0.3682432 0 -0.9483143 0.3173326 0 -0.9993464 0.0361483 0 -0.9297291 0.3682444 0 -0.8796097 -0.4756962 0 -0.9993465 0.03614807 0 -0.8796078 -0.4756996 0 -0.9993464 0.03614825 0 -0.9297294 0.3682437 0 -1 -6.45797e-7 0 -0.8796082 -0.4756991 -0.007256448 -0.9978632 0.06493353 -0.02022188 -0.9832833 0.180956 0 -0.9758995 0.2182202 0 -0.9758999 0.2182191 -0.03941649 -0.9805335 0.1923547 0 -0.981747 0.1901916 0 -0.8507976 -0.5254938 0.9443461 -0.278522 -0.1750314 -0.9071198 -0.2859976 -0.3087702 0.9348407 -0.2959641 -0.1961585 0.773299 -0.2557057 -0.5801925 -0.9431605 -0.2911649 -0.1602228 0.1967464 -0.1985988 -0.9601299 0 -0.1894716 -0.9818863 -0.2518978 -0.1956954 -0.9477609 -0.7689571 -0.248043 -0.5892195 -0.06328868 -0.1247441 0.9901684 0 1 7.70532e-6 -0.2549147 0.1229098 -0.9591203 -0.03313505 0.8544759 0.5184333 0.7979032 0.07042592 -0.5986574 -0.9878596 0.02585649 -0.1531829 0.201443 0.7748621 0.599174 0.3163322 -0.1210036 0.9408997 -0.6784675 -0.7346305 0 2.69545e-7 0 1 -0.6673188 -0.7225477 0.1805838 -0.6178413 -0.6689859 -0.4131952 -0.983719 -0.1555585 0.08999282 -0.9831625 -0.1554691 -0.09602588 -0.9877269 -0.1561917 0 -0.9877267 -0.1561927 0 0.3168951 -0.9484607 0 4.40419e-7 0 1 -3.44298e-7 0 -1 -0.01612186 -0.9325435 0.3606975 -0.001624822 -0.9993378 0.03635209 0 -1 -4.06258e-7 0 -0.9408346 0.3388664 0 -0.9993464 0.03614825 0 -0.8796079 -0.4756996 0 -0.9297298 0.3682426 0 -0.9422729 0.3348463 0 -0.9410941 0.338145 -0.00102359 -0.7342224 0.6789082 0.9970522 0.03652596 0.06747436 -0.01871621 -0.8205485 0.5712705 0 0.6579142 -0.753093 0.5509991 -0.5490305 0.6284629 0.1774764 -0.7334161 0.6562035 -0.1574367 0.7359513 -0.6584751 0 0.7452451 -0.6667907 -0.2388332 0.638862 -0.7313098 -0.9978562 0.06512928 0.006425142 -0.997867 0.0649659 0.006409049 -0.997741 0.06672263 0.007814466 -0.9978768 0.06492006 0.005239486 -1 -2.12628e-7 0 -1 0 0 -1 1.19587e-7 0 -0.9974999 0.07066059 0.001061201 -0.9976449 0.06858277 0.001030027 -0.9977692 0.06674998 0.00100243 -0.787634 0.5684152 -0.2377752 -0.9651642 0.2614743 -0.009458005 -0.9720682 0.2346727 0.003524065 -0.9650559 0.2304957 0.1246547 -0.005118787 -0.06777995 0.9976872 -0.004173755 0.01725411 -0.9998425 0 -0.05810385 -0.9983106 0.02299517 0.0409801 -0.9988954 -0.05702054 -0.01197361 -0.9983012 -0.2312505 -0.1051253 -0.967198 0 0.0564059 -0.9984079 -0.001452863 0.005164325 0.9999856 0.9970611 -0.06726092 0.03667545 -0.9997928 0.02036243 0 0 -1 4.90064e-7 0 -0.8893303 -0.4572655 -0.005952477 -0.9984812 0.05477285 -0.004911363 0.9989663 0.04519242 -0.985673 0 -0.1686673 0.199254 0.1216023 -0.9723738 0.9999715 -0.00595808 -0.004630625 -0.9456191 0.04691118 -0.3218756 0.007050514 -0.1254469 0.9920753 0 0.1254056 -0.9921056 0.004811227 0.9981077 -0.06130218 -0.05066007 0.9977052 0.04492282 0 0.3813304 -0.9244389 -0.01154625 0.981763 -0.1897584 0 -1 1.08302e-6 0 -1 -1.71402e-6 0 -1 3.24444e-6 -0.04616898 -0.9988101 -0.01571732 0.0241279 -0.9955784 0.0907824 -0.01672238 -0.8465745 -0.5320074 -0.01348286 -0.9997683 0.01678419 0 -1 -1.22142e-6 -0.004811167 -0.9981076 0.06130415 -0.2014434 -0.7748612 -0.5991751 0.03313618 -0.8544771 -0.5184313 -0.7794675 0.0835942 -0.6208401 0.9785004 0.01952475 -0.2053187 -0.0241279 0.9955784 -0.0907824 0.00360924 0.8761189 0.4820817 0.01672232 0.8465748 0.5320071 0 1 -1.40086e-6 0.04616898 0.9988101 0.01571559 0 0.0812208 0.9966962 0.01394242 0.02534079 0.9995816 0.01031571 0.0255016 0.9996216 0.07241863 0.04914987 0.9961627 0 1 6.36338e-7 0.01061385 0.0477069 0.9988051 0 0.009319424 0.9999567 0.02219873 0.09313064 0.9954064 0.1446011 0 0.9894901 0.003861486 0.9993483 -0.03589046 0.9907315 5.43242e-7 0.1358348 0.9907316 -7.98789e-7 0.1358348 0.9841824 0.1172058 0.1328458 0.9757829 0.09060114 0.1990961 0 -1 -1.0585e-6 0.9807851 0 0.195091 -0.9807851 0 0.195091 0.9807851 0 -0.1950917 -0.8314719 0 0.555567 0.8314697 3.03055e-6 -0.5555703 -0.555571 0 0.8314691 0.5555694 0 -0.8314703 0.1950914 0 -0.9807851 0.1950914 0 0.9807851 0.1950897 0 0.9807854 0.555571 0 0.8314691 -0.5555685 0 -0.8314709 0.8314691 0 0.555571 -0.9807853 0 -0.1950907 -0.8314689 0 -0.5555713 0.5693604 -0.8142498 -0.1132525 -0.5693593 -0.8142503 -0.113254 0.482689 -0.8142422 0.3225229 0.5693597 -0.8142499 0.1132555 -0.482689 -0.8142422 -0.3225229 0.3225131 -0.8142549 0.4826741 -0.3225198 -0.8142467 -0.4826837 -0.1132525 0.8142492 -0.5693612 -0.1132523 -0.8142511 -0.5693584 -0.1132528 -0.8142464 0.5693653 0.113253 -0.8142483 -0.5693624 -0.3225196 -0.814248 0.4826813 0.3225164 -0.8142482 -0.4826834 -0.4826779 -0.8142527 0.3225131 0.48268 -0.8142501 -0.3225164 -0.5693616 -0.814249 0.113252 -0.1950902 0 -0.9807853 0.1950921 0 -0.980785 -0.5555707 0 0.8314694 0.5555718 0 -0.8314686 -0.8314697 0 0.5555703 0.8314692 0 -0.5555709 0.9807854 0 -0.1950903 -0.9807853 0 -0.1950907 0.8314692 0 0.5555709 0.9807848 0 0.1950932 -0.8314697 0 -0.5555703 0.55557 0 0.8314698 0 -1 3.7808e-6 0 -1 -7.56167e-6 0 -1 -3.78056e-6 0 -1 3.78056e-6 0 -1 1.89028e-6 0 -1 8.00051e-6 0 -1 -3.78075e-6 -0.1950895 0 0.9807856 -0.1950904 0 -0.9807853 -0.1950933 0 -0.9807847 -0.8314718 0 -0.5555671 0.9807844 0 0.1950951 0.8314712 0 0.5555679 0.9807843 0 -0.1950953 -0.9807843 0 0.1950953 0.8314712 0 -0.5555679 -0.8314712 0 0.5555679 0.1950886 0 -0.9807856 -0.8314701 0 -0.5555694 -0.9807853 0 -0.1950905 0.9807853 0 -0.1950904 0.8314695 0 -0.5555704 -0.8314695 0 0.5555704 0.5555676 0 -0.8314715 -0.1950916 0 -0.9807851 -0.1950894 0 -0.9807856 -0.5555676 0 -0.8314715 0 -1 3.9739e-6 0 -1 2.49474e-6 0 -1 1.98695e-6 0 -1 -1.98697e-6 0 -1 1.98697e-6 0 -1 -3.97387e-6 0.5821664 -0.7139802 -0.3889918 -0.3889911 -0.7139823 0.5821644 0.3889931 -0.7139786 -0.5821675 -0.1365944 -0.7139845 0.6867082 0.1365954 -0.7139766 -0.6867163 0.1365948 -0.713979 0.6867138 0.1365951 0.713985 0.6867076 0.3889915 -0.7139834 0.5821626 -0.3889922 -0.7139793 -0.5821673 0.5821678 -0.7139785 0.388993 -0.6867094 -0.713983 -0.136596 -0.582178 -0.7139669 -0.3889989 0.6867183 -0.7139745 0.1365959 -0.6867081 -0.7139839 0.1365984 0.6867126 -0.7139794 -0.1365991 -0.5821726 -0.7139729 0.388996 0 -1 3.2391e-6 0 1 -5.59832e-6 0 -1 -5.59791e-6 0 -1 2.79899e-6 -0.1950919 0 -0.980785 0.9807853 0 0.1950901 0.8314744 0 0.5555632 -0.9807856 0 0.1950892 -0.8314672 0 0.5555739 -0.1950892 0 0.9807856 0 -1 -2.67766e-5 0 -1 -2.67773e-5 0 -1 -2.67781e-5 0 -1 7.63343e-6 0 -1 1.88055e-5 0 -1 1.56004e-6 0 1 2.11699e-6 0 1 -2.11698e-6 0 1 -2.11699e-6 0 1 -1.05851e-6 0.9807851 0 0.1950914 0.9807851 0 -0.1950914 -0.8314722 0 0.5555665 0.19509 0 0.9807854 -0.5555678 0 -0.8314714 -0.9807851 0 -0.1950911 -0.8314697 0 -0.5555703 0.5693555 0.8142534 -0.1132515 -0.5693615 0.8142488 -0.1132544 0.4826881 0.8142423 0.3225239 0.5693597 0.8142499 0.1132555 -0.4826864 0.8142439 -0.3225227 0.3225126 0.8142538 0.4826765 -0.3225186 0.8142465 -0.4826848 -0.1132525 -0.8142492 -0.5693612 -0.1132534 0.8142511 -0.5693583 -0.1132532 0.8142491 0.5693612 0.113253 0.8142483 -0.5693624 -0.3225166 0.8142507 0.4826788 0.3225178 0.8142517 -0.4826764 -0.48268 0.8142501 0.3225164 0.4826812 0.814249 -0.3225172 -0.5693598 0.8142501 0.1132532 -0.1950897 0 -0.9807855 -0.1950913 0 -0.9807852 -0.195091 0 0.9807853 0.1950916 0 -0.9807851 -0.5555694 0 0.8314703 0.5555731 0 -0.8314678 -0.8314703 0 0.5555694 0.8314698 0 -0.55557 0.8314698 0 0.55557 0.9807848 0 0.1950925 -0.8314703 0 -0.5555694 0.5555687 0 0.8314707 0 1 6.00029e-6 0 -1 1.00005e-5 0 1 -6.00029e-6 0 1 8e-6 0 1 4.00026e-6 0 1 -4.00026e-6 0 1 1.00006e-5 0 1 -1.00002e-5 0 1 6.00048e-6 -0.1950951 0 0.9807844 -0.195096 0 -0.9807842 -0.1950877 0 -0.9807858 0.9807858 0 0.195088 0.9807858 0 -0.1950883 -0.9807858 0 0.1950883 0.1950942 0 -0.9807845 -0.8314712 0 -0.555568 0.8314706 0 -0.555569 -0.8314706 0 0.555569 -0.1950902 0 -0.9807854 0 1 1.98693e-6 0 1 -1.98694e-6 0 1 -1.98698e-6 0 1 -1.49021e-6 0 1 1.4902e-6 0 1 -3.97393e-6 0 1 3.97393e-6 0 1 -1.98693e-6 0.5821704 0.7139776 -0.3889907 -0.3889911 0.7139823 0.5821644 0.3889952 0.713975 -0.5821706 -0.1365931 0.7139855 0.6867075 0.1365941 0.7139827 -0.6867102 0.1365948 0.713979 0.6867138 0.1365958 -0.7139756 0.6867172 0.3889911 0.7139823 0.5821644 -0.3889881 0.7139844 -0.5821638 0.5821677 0.7139818 0.388987 -0.6867128 0.7139798 -0.1365959 -0.5821776 0.7139664 -0.3890005 0.6867182 0.7139745 0.1365967 -0.6867108 0.7139817 0.1365962 0.6867035 0.713989 -0.1365947 -0.5821704 0.7139776 0.3889907 0 1 -2.79899e-6 0 1 -2.79893e-6 0 1 2.79899e-6 0 1 -2.79905e-6 0 -1 5.59835e-6 0 1 -5.59791e-6 -0.5555751 0 -0.8314665 -0.8314657 0 0.5555761 0 1 -2.67795e-5 0 1 -2.67773e-5 0 1 5.08885e-6 0 1 7.53284e-6 0 1 1.52101e-6 -0.9807851 0 0.1950914 0.9807851 0 -0.1950913 0.8314693 3.03055e-6 -0.5555708 -0.8314693 0 -0.5555708 0.5693603 -0.8142496 -0.113254 0.4826886 -0.8142415 0.3225257 -0.4826886 -0.8142415 -0.3225257 -0.1132521 0.8142464 -0.5693653 -0.1132522 -0.8142507 -0.569359 0.1132534 -0.8142511 -0.5693583 -0.3225193 -0.8142471 0.4826833 -0.4826776 -0.8142522 0.3225147 0.4826795 -0.8142493 -0.3225191 0.9807853 0 -0.1950906 -0.9807853 0 -0.195091 0 -1 -5.67121e-6 0 -1 5.67125e-6 0 -1 1.89028e-6 0 -1 -1.89028e-6 0 -1 -8.00051e-6 0 -1 3.78075e-6 0.8314644 0 0.5555781 0.5555694 0 -0.8314701 -0.5555694 0 -0.8314701 0.5821669 -0.7139807 -0.3889902 0.1365951 -0.7139809 0.6867119 0.1365949 0.7139838 0.6867089 0.3889909 -0.7139824 0.5821642 -0.3889916 -0.7139782 -0.5821689 -0.6867097 -0.7139832 -0.1365935 0.6867184 -0.7139747 0.1365949 -0.6867083 -0.7139841 0.136596 0.6867128 -0.7139797 -0.1365966 -0.5821731 -0.7139734 0.3889943 0 -1 -6.47836e-6 0 -1 3.76117e-5 0 -1 -1.01779e-5 0 1 -2.117e-6 0 1 2.117e-6 0 1 -2.11698e-6 0 1 2.11698e-6 0 1 -2.11701e-6 0 1 1.05851e-6 0.9807851 0 -0.195091 0.5693554 0.8142532 -0.1132529 -0.5693616 0.8142489 -0.1132529 0.4826884 0.8142428 0.3225225 0.5693598 0.81425 0.113254 0.3225122 0.8142525 0.4826788 -0.3225181 0.8142452 -0.4826871 -0.3225157 0.8142484 0.4826835 0.3225176 0.8142514 -0.4826769 -0.4826795 0.8142493 0.3225191 -0.5693599 0.8142501 0.1132525 0 1 -2.00013e-6 0 1 -4.0001e-6 0 1 -1.6001e-5 0 1 8.00064e-6 -0.9807851 0 -0.1950916 0.9807851 0 -0.1950913 0 1 3.97396e-6 0 1 9.93475e-7 0 1 -9.93467e-7 0.5821695 0.7139766 -0.3889939 -0.1365938 0.7139891 0.6867036 0.1365944 0.7139845 -0.6867082 0.1365951 0.7139809 0.6867119 -0.3889873 0.7139828 -0.5821662 0.5821664 0.7139802 0.3889918 -0.6867127 0.7139798 -0.1365968 0.6867185 0.7139748 0.1365931 -0.686711 0.7139819 0.1365935 0.6867038 0.7139893 -0.136592 -0.5821695 0.7139766 0.3889939 0 1 1.11957e-5 0 1 -5.59798e-6 0 1 -5.59785e-6 0 1 1.1196e-5 0 1 -1.11957e-5 0 1 -2.67781e-5 0 1 -1.27221e-5 0 1 -5.0888e-6 0 -1 -1.58774e-6 0 -1 -2.2815e-6 0 1 1.52101e-6 0 -1 -1.60128e-6 0 -1 -1.521e-6 0 -1 1.05849e-6 0.9807853 0 0.1950902 -0.9807854 0 0.1950899 0.9807852 0 -0.1950909 -0.8314704 0 0.5555692 0.8314697 2.34791e-7 -0.5555703 0.5555701 0 -0.8314698 0.1950911 0 -0.9807851 0.1950911 0 0.9807851 -0.5555699 0 -0.8314699 -0.9807851 0 -0.1950914 0.569361 -0.8142492 -0.1132533 -0.5693605 -0.81425 -0.1132501 0.4826797 -0.8142504 0.3225163 0.5693605 -0.8142495 0.1132541 -0.4826799 -0.8142501 -0.3225168 0.322516 -0.8142477 0.4826845 -0.3225164 -0.8142474 -0.4826846 -0.1132523 0.8142485 -0.5693624 -0.1132516 -0.8142482 -0.569363 -0.1132524 -0.8142477 0.5693634 0.1132531 -0.8142479 -0.5693631 -0.3225172 -0.81425 0.4826797 0.3225175 -0.8142508 -0.4826781 -0.4826809 -0.8142495 0.3225168 0.4826802 -0.8142508 -0.3225144 -0.56936 -0.8142501 0.1132526 0.9807856 0 -0.195089 -0.9807853 0 -0.1950904 0.9807852 0 0.1950908 0 -1 1.89038e-6 0 -1 -7.56151e-6 0 -1 -3.78076e-6 0 -1 1.89038e-6 0 -1 -7.56152e-6 0.9807856 0 -0.1950894 -0.5555713 0 -0.831469 0 -1 -1.98695e-6 0 1 1.98696e-6 0 -1 -2.4947e-6 0 -1 -1.98695e-6 0 -1 1.49021e-6 0 -1 4.96737e-7 0 -1 -2.49471e-6 0 -1 1.98695e-6 0 -1 -1.98695e-6 0.5821682 -0.7139811 -0.3889874 -0.3889907 -0.7139828 0.5821639 0.3889924 -0.713983 -0.5821626 -0.1365956 -0.7139823 0.6867102 0.1365934 -0.7139805 -0.6867126 0.1365938 -0.7139794 0.6867136 0.1365959 0.7139812 0.6867114 0.388992 -0.7139796 0.582167 -0.3889899 -0.713982 -0.5821655 0.5821653 -0.71398 0.3889937 -0.6867122 -0.7139803 -0.1365965 -0.5821656 -0.7139806 -0.3889925 0.6867118 -0.7139811 0.1365942 -0.6867112 -0.7139816 0.1365944 0.6867125 -0.7139804 -0.1365941 -0.5821676 -0.7139795 0.3889912 0 -1 2.79901e-6 0 -1 -2.79901e-6 0 -1 -4.19852e-6 0 -1 -6.47834e-6 0 -1 -5.59802e-6 0 -1 -6.47833e-6 0 -1 5.59801e-6 0 -1 3.81778e-6 0 1 -5.59804e-6 0 -1 -5.59802e-6 -0.5555675 0 -0.8314715 0.5555675 0 0.8314715 0.9807851 0 0.1950913 0.8314679 0 0.5555729 -0.9807854 0 0.1950904 -0.8314715 -5.85953e-7 0.5555675 -0.1950901 0 0.9807853 0 -1 -6.69434e-6 0 -1 -2.67775e-5 0 -1 -2.67774e-5 0 -1 -1.01778e-5 0 -1 7.53267e-6 0 1 -2.11699e-6 0 1 5.29248e-7 0 1 2.11699e-6 0 1 1.0585e-6 0 1 -4.23398e-6 0 1 -2.11699e-6 0 1 2.11699e-6 0 1 -5.29248e-7 -0.9807856 0 0.1950892 0.9807853 0 -0.1950902 -0.83147 0 0.5555697 0.5693612 0.8142492 -0.1132526 -0.5693606 0.8142497 -0.1132526 0.4826803 0.8142498 0.3225169 0.5693605 0.8142495 0.1132541 -0.4826797 0.8142496 -0.3225182 0.3225168 0.8142502 0.4826797 -0.322517 0.8142489 -0.4826816 -0.1132524 -0.8142495 -0.5693609 -0.1132519 0.8142505 -0.5693593 -0.1132525 0.8142477 0.5693634 0.1132535 0.8142505 -0.569359 -0.3225163 0.8142479 0.4826837 0.322517 0.8142473 -0.4826843 -0.4826797 0.8142492 0.3225193 0.48268 0.81425 -0.3225169 -0.5693605 0.8142495 0.1132541 -0.9807854 0 -0.1950901 0.8314686 0 0.5555718 0.9807853 0 0.1950905 0 1 1.60007e-5 0 1 8.00033e-6 0 1 4.00016e-6 0 1 2.00009e-6 0 1 -4.00017e-6 0 1 2.00008e-6 0 1 7.00032e-6 0.8314644 0 -0.5555781 -0.8314693 0 -0.5555709 0 1 1.98695e-6 0 1 1.60847e-6 0 -1 -1.98696e-6 0 1 -1.98695e-6 0 1 1.98695e-6 0 1 3.9739e-6 0 1 3.97391e-6 0.582167 0.7139796 -0.3889922 -0.3889891 0.7139796 0.5821689 0.3889898 0.7139784 -0.58217 -0.1365957 0.7139832 0.6867094 0.1365937 0.7139824 -0.6867105 0.1365947 0.7139794 0.6867135 0.136594 -0.713981 0.686712 0.3889912 0.7139819 0.5821647 -0.3889898 0.7139821 -0.5821654 0.5821668 0.7139797 0.388992 -0.6867134 0.7139796 -0.1365941 -0.5821656 0.7139806 -0.3889925 0.686712 0.7139801 0.1365989 -0.6867113 0.7139814 0.1365954 0.6867118 0.7139809 -0.1365955 -0.5821652 0.7139824 0.3889897 0 1 -1.1196e-5 0 1 -1.11961e-5 0 1 6.99752e-6 0 1 2.79901e-6 0 1 2.79901e-6 0 1 2.79901e-6 -0.5555729 8.7893e-7 -0.8314679 0.831469 0 0.5555713 -0.831469 0 0.5555713 0 1 -4.41253e-6 0 1 1.01778e-5 0 1 5.0889e-6 0.9791652 -1.43381e-5 -0.2030655 0.9791654 -1.4338e-5 -0.2030643 0.9791647 -1.25458e-5 -0.2030683 0.9791638 1.4338e-5 -0.2030726 0.9791656 0 -0.2030631 0.9791636 0 -0.2030732 0.9791652 1.43381e-5 -0.2030653 0.9791651 0 -0.2030658 0.9791634 0 -0.2030739 0.979165 -7.16901e-6 -0.2030667 0.9791646 0 -0.2030684 0.9791648 -1.43381e-5 -0.2030676 0.9791637 1.43381e-5 -0.2030731 0.9791638 -1.07535e-5 -0.203072 0.9791651 0 -0.2030655 0.9791646 0 -0.2030682 0.979165 0 -0.2030666 0.9791635 0 -0.2030736 0.9791647 0 -0.2030683 0.9791651 -1.43381e-5 -0.2030656 0.979165 7.16904e-6 -0.2030662 0.9791637 3.58451e-6 -0.2030727 0.979164 0 -0.2030713 0.9791642 0 -0.2030703 0.9791647 1.4338e-5 -0.2030679 0.9791641 0 -0.2030705 0.9791659 0 -0.2030625 0.9791654 1.4338e-5 -0.2030645 0.9791632 0 -0.2030756 0.9791658 -1.4338e-5 -0.2030623 0.9791634 0 -0.2030743 0.9791647 1.4338e-5 -0.2030674 0.9962829 -0.01169419 -0.08534449 0.9962828 0.01170063 -0.08534449 0.9711364 -0.1356664 -0.1961858 0.9711362 0.1356683 -0.1961856 0.9690598 0.1356751 -0.2061926 0.9690606 -0.1356722 -0.2061911 0.9447601 0.07193076 -0.3197724 0.94476 -0.07193428 -0.3197723 0.9791646 0 -0.2030685 0.979164 1.79101e-5 -0.2030712 0.9791648 -2.72798e-5 -0.2030674 0.9791646 2.77874e-5 -0.2030683 0.9791665 0 -0.2030594 0.9791642 -2.77879e-5 -0.2030701 0.9791641 -1.11938e-6 -0.2030707 0.9791647 0 -0.2030681 0.9791661 0 -0.2030614 0.9791646 0 -0.2030686 -0.9791637 0 0.2030728 -0.9791656 -7.16899e-6 0.203064 -0.9791654 0 0.2030645 -0.9791637 0 0.2030728 -0.9791636 -1.4338e-5 0.2030732 -0.9791652 0 0.2030655 -0.9791651 0 0.2030659 -0.9791636 -2.15071e-5 0.2030735 -0.979165 1.4338e-5 0.2030667 -0.9791646 0 0.2030687 -0.979165 2.8676e-5 0.2030669 -0.979164 0 0.2030712 -0.9791638 0 0.2030723 -0.9791651 -1.4338e-5 0.2030656 -0.9791646 3.06928e-6 0.2030684 -0.9791648 1.22772e-5 0.203067 -0.9791643 0 0.2030703 -0.9791647 0 0.2030681 -0.9791651 -1.22771e-5 0.2030656 -0.979165 -1.43381e-5 0.2030663 -0.979164 0 0.2030709 -0.9791644 -2.86762e-5 0.2030694 -0.9791647 -1.4338e-5 0.2030678 -0.9791638 0 0.203072 -0.9791654 0 0.203064 -0.9791635 -1.22772e-5 0.2030736 -0.9791632 -1.43379e-5 0.2030756 -0.9791657 1.61303e-5 0.2030631 -0.9791639 -1.22771e-5 0.2030717 -0.9791646 -1.61303e-5 0.2030682 -0.9962831 0.01168686 0.08534449 -0.9962828 -0.01169461 0.08534449 -0.9711361 0.1356683 0.1961857 -0.97303 -0.1330993 0.1884073 -0.9690595 -0.1356772 0.2061929 -0.9677061 0.1330966 0.2140799 -0.9409366 -0.04182976 0.3359893 -0.9447584 0.07195222 0.3197727 -0.9791641 0 0.2030707 -0.9791646 -2.728e-5 0.2030685 -0.9791644 2.77878e-5 0.2030693 -0.9791665 0 0.2030593 -0.9791647 -1.38937e-5 0.2030683 -0.9791647 3.40999e-5 0.2030681 -0.979164 -1.79101e-5 0.2030712 -0.9791646 9.68473e-6 0.2030687 -0.9791661 3.63568e-7 0.2030614 -0.9791647 -9.68468e-6 0.2030682 0.05894804 -0.9569407 0.2842354 -0.1504877 0.6714337 -0.7256241 -0.194325 0.2902858 -0.9370017 0.01990365 -0.995185 0.09597277 0.1807554 -0.4557521 0.8715605 -0.1790898 0.4714034 -0.8635426 -0.01990425 -0.9951846 -0.09597676 0.1807511 0.4557561 0.8715592 -0.1569753 0.634389 -0.7569079 -0.05894917 -0.9569398 -0.2842381 -0.128826 0.7730125 -0.6211728 -0.09572541 -0.8819252 -0.4615676 -0.09572684 0.8819183 -0.4615807 -0.128827 -0.773003 -0.6211844 -0.05894666 0.9569407 -0.2842353 -0.156974 -0.6343833 -0.7569128 -0.1790912 -0.4713977 -0.8635454 0 1 1.53828e-7 -0.194324 -0.290293 -0.9369996 0.05894875 0.9569391 0.2842409 -0.2020938 -0.0980122 -0.9744495 0.09572607 0.88192 0.4615776 -0.2020866 0.09802162 -0.9744501 0.1288247 0.7730093 0.6211771 -0.1943249 0.2902795 -0.9370036 0.1569757 0.6343989 0.7568994 -0.1790913 0.4713982 -0.8635451 0.01990425 0.9951845 0.09597724 0.2030684 0 0.9791646 0.1790908 0.4713929 0.8635481 -0.1569759 0.6343945 -0.7569031 0.05894845 0.9569398 0.2842383 -0.1288248 0.7730124 -0.621173 0.09572607 0.8819235 0.4615706 0.2020923 0.09801578 0.9744494 -0.09572553 0.881926 -0.4615662 0.1288273 0.7730088 0.6211771 0.2030684 7.04492e-7 0.9791646 0.2020924 -0.09801805 0.9744492 -0.05894565 0.9569434 -0.2842266 0.1569764 0.6343927 0.7569045 -0.01990365 0.995185 -0.09597206 0.1790918 0.471392 0.8635483 0.1790902 -0.4714002 0.8635443 0.1943209 0.2902866 0.9370022 0.1569725 -0.6343947 0.7569036 -0.05894827 -0.95694 -0.2842376 0.2020903 0.09801793 0.9744496 0.1288281 -0.7730122 0.6211728 -0.09572458 -0.8819237 -0.4615705 0.2020903 -0.09801608 0.9744499 -0.03371459 -0.9861212 -0.1625675 0.09572505 -0.8819239 0.4615701 -0.1288242 -0.7730197 -0.6211641 0.1943249 -0.2902795 0.9370036 0.06367951 0.9495586 0.3070564 0.05894869 -0.9569382 0.2842434 -0.156974 -0.6343966 -0.7569017 0.1790912 -0.4713979 0.8635454 0.06368148 -0.9495576 0.307059 -0.1790959 -0.4713863 -0.8635507 0.1569719 -0.6343971 0.7569018 -0.03371375 0.986122 -0.1625636 -0.1943246 -0.290294 -0.9369992 0.1288244 -0.7730137 0.6211718 -0.150488 -0.6714246 -0.7256325 0.09572792 -0.8819185 0.46158 -0.2030688 4.27838e-6 -0.9791646 -0.01267743 0.9943491 0.1054005 -0.03730261 0.9499689 0.3101094 -0.05986815 0.8652651 0.497727 -0.07937377 0.7471618 0.6598857 -0.09521239 0.6036387 0.7915523 -0.1071091 0.4422724 0.8904622 -0.1150059 0.2695038 0.9561074 -0.118934 0.09049189 0.98877 -0.1189336 -0.09049153 0.9887701 -0.1150047 -0.2695032 0.9561077 -0.1071084 -0.4422706 0.8904631 -0.09521186 -0.6036345 0.7915556 -0.07937341 -0.7471566 0.6598916 -0.05986857 -0.8652659 0.4977256 -0.03730249 -0.9499679 0.3101124 -0.01267743 -0.994349 0.1054022 0.01267749 -0.9943497 -0.1053947 0.03730285 -0.9499655 -0.3101196 0.05986827 -0.8652662 -0.4977251 0.07937449 -0.7471643 -0.6598829 0.09521204 -0.6036326 -0.7915569 0.1071089 -0.4422729 -0.890462 0.1150047 -0.2695023 -0.956108 0.1189348 -0.0904929 -0.9887697 0.1189337 0.09049302 -0.9887698 0.1150051 0.2695062 -0.9561069 0.1071082 0.4422738 -0.8904615 0.0952118 0.6036329 -0.7915567 0.07937365 0.7471609 -0.6598867 0.05986869 0.8652687 -0.4977207 -0.9620488 3.30561e-5 0.2728779 -0.9620456 0 0.272889 -0.9620452 1.13803e-5 0.2728903 -0.9620418 1.6528e-5 0.2729023 -0.9620479 -4.13194e-6 0.2728806 -0.9620425 0 0.2729002 -0.9620466 -2.27604e-5 0.2728854 -0.9620434 -6.61107e-5 0.2728968 -0.9620481 0 0.2728801 -0.9620464 -4.46458e-5 0.272886 -0.962052 0 0.2728662 -0.9620475 0 0.2728821 -0.9620447 8.26414e-6 0.2728921 -0.9620436 0 0.272896 -0.9620456 0 0.2728891 -0.9620515 -3.30559e-5 0.2728684 -0.9620466 0 0.2728856 -0.9620457 -2.23231e-5 0.2728883 -0.962045 0 0.2728909 -0.9620433 4.46457e-5 0.2728971 -0.9620442 2.27604e-5 0.2728938 -0.9620456 -1.19498e-5 0.2728888 -0.9620449 0 0.2728914 -0.9620458 0 0.2728881 -0.9620455 -2.39322e-6 0.2728891 -0.9620454 2.39322e-6 0.2728896 -0.9620459 1.6168e-6 0.2728881 -0.9620451 0 0.2728905 -0.9620455 4.95652e-7 0.2728892 0.03730201 0.9499661 -0.310118 0.01267749 0.9943494 -0.1053974 0.962041 3.30554e-5 -0.272905 0.9620437 3.30552e-5 -0.2728958 0.96204 0 -0.2729088 0.9620466 0 -0.2728853 0.9620518 0 -0.2728672 0.9620445 0 -0.2728925 0.9620415 -3.30562e-5 -0.2729033 0.9620409 0 -0.2729055 0.9620458 6.61107e-5 -0.2728884 0.9620464 -4.46458e-5 -0.272886 0.9620456 0 -0.2728891 0.9620449 0 -0.2728914 0.9620413 0 -0.272904 0.9620466 1.65277e-5 -0.2728853 0.9620499 -6.61112e-5 -0.2728739 0.9620462 -3.30552e-5 -0.272887 0.9620448 -8.50759e-6 -0.2728916 0.962044 -5.69014e-6 -0.272895 0.9620451 2.84508e-6 -0.2728903 0.9620457 5.97492e-6 -0.2728887 0.9620445 2.27606e-5 -0.2728925 0.9620462 0 -0.2728866 0.9620452 0 -0.2728905 0.962045 2.98746e-6 -0.2728912 0.9620457 3.5048e-7 -0.2728889 0.9620457 -1.6168e-6 -0.2728887 0.9620458 -6.46721e-6 -0.2728881 0.9620459 1.6168e-6 -0.272888 0.9620453 0 -0.2728899 -0.01267701 0.9943497 0.1053946 -0.03730237 0.9499636 0.3101257 -0.05986833 0.8652654 0.4977263 -0.07937437 0.7471634 0.6598838 -0.09521269 0.6036366 0.7915538 -0.1071087 0.442272 0.8904625 -0.1150055 0.2695041 0.9561074 -0.1189335 0.09049248 0.98877 -0.118934 -0.09049189 0.98877 -0.1150051 -0.2695032 0.9561077 -0.1071087 -0.4422737 0.8904616 -0.09521198 -0.6036333 0.7915565 -0.07937389 -0.74716 0.6598877 -0.05986857 -0.8652656 0.4977259 -0.03730231 -0.9499667 0.3101161 -0.01267725 -0.9943502 0.1053904 0.01267719 -0.9943493 -0.1053987 0.03730279 -0.9499654 -0.3101199 0.05986833 -0.8652657 -0.497726 0.07937377 -0.7471609 -0.6598867 0.09521222 -0.6036357 -0.7915546 0.1071087 -0.4422729 -0.890462 0.1150049 -0.2695024 -0.9561079 0.1189342 -0.09049218 -0.9887699 0.1189337 0.09049326 -0.9887698 0.1150042 0.2695039 -0.9561076 0.1071083 0.4422752 -0.8904609 0.09521234 0.6036381 -0.7915527 0.07937365 0.747163 -0.6598843 0.05986839 0.8652666 -0.4977244 -0.9620499 -3.30556e-5 0.2728739 -0.9620455 6.61129e-5 0.2728891 -0.9620458 3.30563e-5 0.272888 -0.9620485 0 0.2728787 -0.9620453 0 0.2728897 -0.9620456 2.27604e-5 0.2728892 -0.9620417 0 0.2729029 -0.9620456 -6.61108e-5 0.2728889 -0.9620441 4.46461e-5 0.272894 -0.9620456 -6.61109e-5 0.2728891 -0.962042 0 0.2729015 -0.9620453 0 0.27289 -0.9620448 0 0.2728916 -0.962046 3.30557e-5 0.2728875 -0.9620442 0 0.2728934 -0.9620451 0 0.2728903 -0.9620445 -5.69013e-6 0.2728927 -0.9620436 -5.58075e-6 0.272896 -0.9620465 0 0.2728856 -0.9620462 -8.53516e-6 0.2728868 -0.9620426 0 0.2728996 -0.9620445 2.27604e-5 0.2728927 -0.9620453 0 0.2728897 -0.9620456 0 0.2728889 -0.9620454 0 0.2728893 -0.9620455 0 0.2728892 -0.9620455 -9.91304e-7 0.2728894 0.03730189 0.9499676 -0.3101135 0.01267707 0.9943505 -0.1053873 0.9620462 0 -0.2728869 0.9620481 -3.30554e-5 -0.2728804 0.9620429 -6.61101e-5 -0.2728985 0.9620442 2.2323e-5 -0.2728934 0.9620428 0 -0.2728987 0.9620475 0 -0.2728821 0.9620406 0 -0.2729066 0.9620472 6.61114e-5 -0.2728831 0.9620445 -3.30559e-5 -0.272893 0.9620445 0 -0.2728928 0.9620476 0 -0.2728815 0.9620429 -2.2323e-5 -0.2728986 0.9620418 0 -0.2729025 0.9620452 -1.65278e-5 -0.2728903 0.9620476 6.6111e-5 -0.2728815 0.9620442 3.3055e-5 -0.2728942 0.9620459 0 -0.2728875 0.9620455 2.84506e-6 -0.2728892 0.9620451 0 -0.2728906 0.9620457 8.50756e-6 -0.2728886 0.9620465 -5.69013e-6 -0.2728858 0.9620463 1.42253e-5 -0.2728866 0.9620453 0 -0.2728897 0.9620456 0 -0.2728893 0.9620456 0 -0.2728891 0.9620454 -2.39322e-6 -0.2728897 0.9620456 2.39322e-6 -0.2728893 0.9620454 0 -0.2728899 0.9620453 9.91304e-7 -0.2728898 0.01267755 0.9943495 -0.105396 0.03730255 0.9499677 -0.3101131 0.05986779 0.8652647 -0.4977278 0.07937479 0.7471629 -0.6598843 0.09521192 0.603632 -0.7915575 0.1071092 0.442274 -0.8904613 0.1150054 0.2695039 -0.9561075 0.1189338 0.09049266 -0.98877 0.1189336 -0.09049153 -0.9887701 0.1150047 -0.2695032 -0.9561077 0.1071087 -0.4422737 -0.8904616 0.09521198 -0.6036333 -0.7915565 0.07937389 -0.74716 -0.6598877 0.05986869 -0.8652673 -0.497723 0.03730225 -0.9499655 -0.3101196 0.01267725 -0.9943498 -0.1053944 -0.01267749 -0.9943497 0.1053947 -0.03730255 -0.9499654 0.3101199 -0.05986857 -0.8652691 0.4977201 -0.07937377 -0.7471609 0.6598867 -0.09521222 -0.6036357 0.7915546 -0.107109 -0.4422743 0.8904612 -0.1150045 -0.2695015 0.9561082 -0.1189337 -0.09049189 0.98877 -0.1189336 0.09049338 0.9887698 -0.1150051 0.2695061 0.9561069 -0.1071089 0.4422746 0.890461 -0.0952115 0.6036355 0.7915549 -0.07937419 0.7471637 0.6598835 -0.05986803 0.8652668 0.497724 0.9620466 0 -0.2728852 0.9620469 6.61117e-5 -0.2728843 0.9620483 3.30553e-5 -0.2728794 0.9620419 -3.30555e-5 -0.2729017 0.9620449 0 -0.2728915 0.9620448 0 -0.2728916 0.9620485 0 -0.2728788 0.9620456 -6.61119e-5 -0.2728893 0.9620457 4.46462e-5 -0.2728888 0.9620422 -6.61107e-5 -0.2729007 0.9620435 0 -0.2728964 0.9620457 1.2396e-5 -0.2728883 0.9620453 0 -0.2728897 0.9620444 2.27605e-5 -0.2728929 0.9620437 6.61105e-5 -0.2728958 0.9620469 -2.23232e-5 -0.2728844 0.9620445 -1.19499e-5 -0.2728929 0.962044 -5.58075e-6 -0.2728947 0.9620452 8.50756e-6 -0.2728905 0.9620451 0 -0.2728909 0.9620457 -8.53516e-6 -0.2728884 0.962045 3.23361e-6 -0.272891 0.9620441 0 -0.2728942 0.9620457 6.46722e-6 -0.2728884 0.9620456 0 -0.2728893 0.9620456 -2.88196e-7 -0.272889 0.9620461 -5.97492e-6 -0.2728874 0.9620454 -9.91305e-7 -0.2728894 -0.03730243 0.9499682 0.3101112 -0.01267707 0.9943498 0.1053937 -0.9620441 0 0.2728943 -0.9620425 -3.30558e-5 0.2729001 -0.9620428 -6.61113e-5 0.272899 -0.9620449 0 0.2728914 -0.9620428 0 0.2728987 -0.9620442 0 0.2728938 -0.9620406 0 0.2729066 -0.962044 6.61112e-5 0.2728946 -0.962044 -3.30556e-5 0.2728946 -0.9620499 6.61122e-5 0.2728739 -0.9620488 0 0.2728777 -0.9620509 -1.6528e-5 0.2728703 -0.9620437 5.69009e-6 0.2728953 -0.9620482 -1.65279e-5 0.2728798 -0.9620474 2.27606e-5 0.2728824 -0.9620462 3.30562e-5 0.2728869 -0.9620458 0 0.2728881 -0.9620457 8.5076e-6 0.2728887 -0.9620451 0 0.2728906 -0.9620459 -2.98745e-6 0.272888 -0.9620454 3.23361e-6 0.2728896 -0.9620444 4.25377e-6 0.272893 -0.9620465 -1.11616e-5 0.2728859 -0.9620459 0 0.2728879 -0.9620452 2.98746e-6 0.2728901 -0.9620455 0 0.2728893 -0.9620453 0 0.2728901 -0.9620454 0 0.2728895 0.01267707 0.9943497 -0.1053956 0.03730243 0.9499645 -0.3101225 0.05986851 0.8652696 -0.4977192 0.07937365 0.7471608 -0.6598868 0.09521198 0.6036362 -0.7915542 0.1071096 0.4422746 -0.8904611 0.1150058 0.2695036 -0.9561076 0.1189342 0.09049206 -0.9887698 0.1150055 -0.2695051 -0.9561071 0.1071091 -0.4422736 -0.8904616 0.09521245 -0.6036381 -0.7915527 0.07937377 -0.7471643 -0.6598829 0.05986857 -0.8652659 -0.4977256 0.03730231 -0.9499631 -0.3101269 0.01267695 -0.994349 -0.1054022 -0.01267695 -0.9943497 0.1053947 -0.03730261 -0.9499679 0.3101124 -0.05986851 -0.8652662 0.4977251 -0.07937365 -0.7471566 0.6598916 -0.09521263 -0.6036363 0.791554 -0.1071097 -0.4422759 0.8904604 -0.1150055 -0.2695043 0.9561073 -0.1189331 -0.09049153 0.9887701 -0.1189334 0.09049284 0.98877 -0.1150044 0.2695044 0.9561075 -0.1071085 0.4422749 0.890461 -0.09521228 0.6036362 0.7915543 -0.07937371 0.7471614 0.6598861 -0.05986863 0.8652681 0.4977218 0.9620476 3.30555e-5 -0.2728815 0.962043 1.13802e-5 -0.2728982 0.9620451 1.65281e-5 -0.2728908 0.962046 -4.13193e-6 -0.2728872 0.9620428 0 -0.2728989 0.9620457 -2.27604e-5 -0.2728888 0.96204 -6.61116e-5 -0.2729088 0.9620457 0 -0.2728886 0.9620469 2.27605e-5 -0.2728843 0.962044 8.26413e-6 -0.272895 0.9620436 0 -0.272896 0.9620499 0 -0.2728739 0.9620414 0 -0.2729038 0.9620459 0 -0.2728881 0.9620473 -2.23231e-5 -0.2728831 0.9620453 0 -0.2728902 0.9620459 4.4646e-5 -0.2728875 0.9620455 -6.46722e-6 -0.2728893 0.9620418 -2.23228e-5 -0.2729023 0.9620449 0 -0.2728914 0.9620468 -1.70704e-5 -0.2728847 0.9620462 -5.97495e-6 -0.2728866 0.9620453 0 -0.2728897 0.9620456 5.97491e-6 -0.2728891 0.9620454 2.39322e-6 -0.2728896 0.9620456 1.40191e-6 -0.2728891 -0.03730201 0.9499675 0.3101135 -0.01267707 0.9943497 0.1053944 -0.9620469 0 0.2728843 -0.9620481 3.30554e-5 0.2728804 -0.962044 0 0.2728946 -0.9620452 0 0.2728905 -0.9620523 0 0.2728652 -0.9620438 0 0.272895 -0.9620434 -3.30554e-5 0.2728968 -0.9620474 0 0.2728826 -0.9620474 2.27606e-5 0.2728828 -0.9620434 0 0.2728968 -0.9620471 0 0.2728837 -0.9620413 0 0.272904 -0.9620445 1.65277e-5 0.272893 -0.962044 -3.30551e-5 0.2728946 -0.9620445 0 0.2728927 -0.9620451 -5.69015e-6 0.2728903 -0.962045 2.84507e-6 0.2728911 -0.9620452 5.97492e-6 0.2728901 -0.9620435 0 0.2728964 -0.9620447 0 0.2728922 -0.9620458 2.98746e-6 0.2728884 -0.9620456 3.5048e-7 0.2728892 -0.9620458 -1.6168e-6 0.2728884 -0.9620459 -6.46721e-6 0.2728879 -0.9620455 1.6168e-6 0.2728894 -0.9620453 0 0.2728899 0.6865239 0.07650476 0.7230713 -0.02567005 0.9543161 0.2976944 0.6865239 -0.07650476 0.7230713 5.10067e-4 -0.9652301 0.2614015 -0.9890468 0.01906764 0.1463659 0 -1 -1.0585e-6 0 -1 -1.521e-6 0 -1 0 0 -1 2.11699e-6 0.1950894 0 0.9807855 0.5693611 -0.8142493 -0.1132526 -0.5693603 -0.8142498 -0.1132534 0.48268 -0.8142508 0.3225148 0.3225169 -0.8142501 0.4826798 -0.3225173 -0.8142498 -0.4826799 -0.1132527 0.8142516 -0.5693578 -0.113252 -0.8142509 -0.5693588 0.3225175 -0.814251 -0.4826778 -0.4826813 -0.8142502 0.3225145 0.4826803 -0.814251 -0.3225136 0 -1 -1.89038e-6 0 1 9.45188e-7 0 -1 -9.45191e-7 0 -1 -1.41778e-5 0 -1 1.89038e-6 0 -1 1.89038e-6 0 -1 -3.78075e-6 0 -1 -8.00035e-6 -0.8314644 0 0.5555781 -0.9807854 0 -0.1950896 0.9807857 0 -0.1950884 0.5555713 0 -0.831469 -0.1950908 0 -0.9807853 0 -1 -3.9739e-6 0 -1 1.24735e-6 0 -1 -1.98695e-6 0 -1 -1.49021e-6 0 -1 4.96738e-7 0 -1 1.98695e-6 0.582167 -0.7139796 -0.3889922 0.3889898 -0.7139784 -0.58217 -0.1365952 -0.7139804 0.6867123 0.1365931 -0.7139787 -0.6867145 0.1365937 -0.713979 0.6867141 0.1365956 0.71398 0.6867127 0.5821664 -0.7139814 0.3889896 0.6867113 -0.7139806 0.136599 -0.6867109 -0.7139814 0.1365972 0.6867123 -0.7139801 -0.1365965 0 -1 -6.99753e-6 0 -1 5.59802e-6 0 -1 -4.63103e-6 0 -1 1.33887e-5 0 -1 1.01778e-5 0 -1 -1.33888e-5 0 -1 5.08888e-6 0 1 -1.58774e-6 0 1 -1.0585e-6 0 1 2.11699e-6 0 1 -1.0585e-6 0 1 5.29248e-7 -0.5555692 0 -0.8314704 -0.9807851 0 -0.1950919 0.5693613 0.8142493 -0.1132511 -0.5693606 0.8142496 -0.1132534 0.4826799 0.8142489 0.3225196 -0.4826794 0.8142492 -0.3225196 0.3225161 0.8142485 0.4826832 -0.3225171 0.8142492 -0.482681 -0.1132518 0.8142492 -0.5693614 0.1132536 0.8142511 -0.5693584 -0.3225167 0.8142489 0.482682 -0.5693606 0.8142497 0.1132526 0.9807852 0 0.1950912 0 1 -4.00016e-6 0 1 4.00018e-6 0 1 8.00035e-6 0 1 2.00009e-6 0 1 1.00004e-5 0 1 6.00027e-6 -0.1950898 0 0.9807855 0 1 -1.98695e-6 0 1 1.43461e-6 0 -1 1.98696e-6 0 1 3.9739e-6 0 1 9.93477e-7 0 1 -1.98695e-6 0.5821661 0.7139785 -0.3889953 0.3889907 0.7139799 -0.5821675 0.1365954 0.7139831 0.6867095 0.3889904 0.7139803 0.5821672 -0.3889895 0.7139813 -0.5821666 0.5821664 0.7139793 0.3889936 -0.6867136 0.7139798 -0.1365914 0.6867125 0.7139806 0.1365934 -0.6867116 0.7139817 0.1365917 0.686712 0.713981 -0.1365936 0 1 1.1196e-5 0 1 -1.3995e-6 0 1 5.59802e-6 0 1 -5.59803e-6 -0.83147 0 0.5555697 0 1 -2.67775e-5 0 1 4.41253e-6 0 1 2.54445e-6 0 1 1.78112e-5 0 1 -6.24025e-6 0.2728848 -0.8092311 0.5202683 -0.9781538 -0.2078829 0 -0.2728845 0.80923 0.52027 0.978155 0.2078766 0 -0.1081244 0.3206321 -0.9410124 0.1081233 -0.320635 0.9410115 -0.108124 0.3206348 0.9410115 0 0 1 0.1081227 -0.3206281 -0.9410139 0 0 -1 0.9781527 0.2078876 0 -0.9781591 -0.2078582 0 -0.9781535 -0.2078846 0 -0.9781534 -0.2078846 0 -0.9781525 -0.2078892 -6.69286e-6 -0.9781526 -0.2078886 0 0.9781528 0.2078876 0 0.9781523 0.2078894 4.46191e-6 0.9781554 0.207875 0 0.9781487 0.2079064 1.67321e-6 0.9781526 0.2078886 0 -0.2728887 0.8092263 -0.5202736 -0.9781524 -0.2078894 -5.29852e-6 -0.9781526 -0.2078885 0 0.2728866 -0.809227 -0.5202736 0.3195369 -0.9475739 0 -0.1816425 -0.8334463 0.521894 -0.9895803 0.1439823 0 0.1816403 0.8334473 0.521893 0.9895738 -0.1440264 0 0.07178139 0.329365 -0.9414703 -0.07178181 -0.3293626 0.941471 0.07178163 0.3293657 0.9414699 0 0 1 -0.07178181 -0.3293622 -0.9414712 0 0 -1 0.9895758 -0.1440138 0 0.989577 -0.1440051 0 -0.989577 0.1440051 0 -0.9895769 0.1440051 0 -0.9895771 0.1440044 0 0.9895769 -0.144005 0 0.9895784 -0.1439951 -3.34644e-6 0.9895771 -0.1440044 0 0.9895784 -0.143995 3.06757e-6 0.9895791 -0.1439905 0 0.1816411 0.8334509 -0.5218873 0.2129395 0.9770654 0 -0.9895752 0.1440182 0 -0.1816415 -0.8334489 -0.5218901 -0.2129417 -0.9770649 0</float_array>
          <technique_common>
            <accessor source="#Plane-mesh-normals-array" count="3114" stride="3">
              <param name="X" type="float"/>
              <param name="Y" type="float"/>
              <param name="Z" type="float"/>
            </accessor>
          </technique_common>
        </source>
        <vertices id="Plane-mesh-vertices">
          <input semantic="POSITION" source="#Plane-mesh-positions"/>
        </vertices>
        <triangles material="Red-material" count="1204">
          <input semantic="VERTEX" source="#Plane-mesh-vertices" offset="0"/>
          <input semantic="NORMAL" source="#Plane-mesh-normals" offset="1"/>
          <p>18 0 1 0 13 0 14 1 49 1 51 1 4 2 634 2 633 2 10 3 8 3 12 3 1 4 12 4 6 4 15 5 10 5 18 5 78 6 9 6 0 6 6 7 13 7 1 7 73 8 18 8 74 8 7 9 635 9 634 9 14 1 71 1 72 1 74 10 13 10 70 10 21 11 24 11 12 11 21 13 6 13 20 13 8 14 24 14 12 14 25 19 32 19 34 19 21 20 34 20 25 20 28 21 32 21 22 21 21 22 20 22 31 22 29 23 639 23 638 23 29 24 33 24 36 24 31 25 41 25 34 25 34 26 39 26 41 26 20 27 38 27 31 27 33 29 40 29 36 29 16 30 20 30 54 30 56 31 46 31 57 31 36 32 641 32 639 32 58 33 46 33 57 33 59 34 43 34 56 34 32 35 35 35 39 35 2 36 83 36 81 36 5 37 636 37 633 37 15 38 50 38 5 38 642 39 49 39 636 39 642 39 76 39 647 39 75 40 54 40 77 40 644 43 45 43 640 43 87 53 77 53 89 53 647 39 100 39 650 39 73 36 52 36 15 36 98 54 70 54 90 54 72 1 92 1 94 1 96 55 74 55 98 55 16 56 70 56 13 56 2 57 82 57 11 57 80 1 48 1 3 1 11 58 78 58 0 58 648 39 47 39 643 39 84 59 53 59 9 59 81 36 101 36 97 36 91 60 84 60 78 60 75 61 90 61 70 61 87 62 91 62 90 62 96 36 76 36 73 36 97 36 100 36 96 36 81 63 99 63 82 63 97 64 98 64 99 64 95 1 79 1 80 1 94 1 93 1 95 1 82 65 91 65 78 65 99 66 90 66 91 66 649 39 83 39 648 39 650 39 101 39 649 39 84 67 88 67 85 67 86 68 89 68 88 68 54 36 103 36 77 36 37 69 54 69 102 69 59 70 102 70 42 70 103 71 30 71 104 71 42 72 102 72 30 72 53 36 106 36 105 36 106 73 107 73 105 73 88 82 124 82 85 82 85 83 117 83 106 83 77 84 120 84 123 84 89 85 123 85 121 85 88 86 121 86 122 86 104 87 120 87 103 87 108 88 117 88 118 88 11 89 125 89 126 89 126 90 127 90 128 90 479 91 129 91 478 91 128 92 129 92 126 92 131 93 482 93 483 93 129 94 483 94 478 94 129 95 132 95 126 95 130 96 134 96 133 96 130 97 482 97 133 97 131 98 134 98 132 98 125 99 135 99 136 99 11 100 138 100 137 100 126 101 132 101 138 101 125 102 136 102 127 102 47 39 651 39 643 39 2 36 141 36 47 36 48 1 140 1 3 1 11 103 139 103 2 103 107 104 145 104 105 104 105 36 144 36 53 36 53 105 143 105 9 105 143 106 0 106 9 106 145 75 150 75 144 75 136 107 147 107 148 107 146 75 151 75 145 75 143 75 150 75 149 75 135 108 149 108 147 108 147 109 155 109 153 109 151 36 156 36 150 36 148 110 153 110 154 110 152 111 157 111 151 111 150 112 155 112 149 112 155 113 159 113 153 113 157 74 162 74 156 74 153 114 160 114 154 114 157 74 164 74 163 74 156 74 161 74 155 74 159 115 167 115 165 115 163 36 168 36 162 36 160 116 165 116 166 116 164 117 169 117 163 117 162 118 167 118 161 118 258 119 172 119 171 119 259 36 173 36 260 36 261 120 174 120 259 120 260 121 172 121 257 121 175 75 179 75 174 75 172 75 178 75 177 75 171 122 177 122 176 122 174 75 178 75 173 75 180 123 184 123 179 123 178 124 182 124 177 124 176 125 182 125 181 125 179 36 183 36 178 36 184 74 190 74 189 74 183 74 187 74 182 74 182 126 186 126 181 126 184 74 188 74 183 74 249 127 194 127 193 127 250 128 194 128 248 128 251 129 193 129 192 129 251 130 191 130 252 130 191 131 197 131 196 131 197 132 198 132 196 132 199 133 200 133 198 133 201 134 202 134 200 134 203 36 204 36 205 36 205 36 206 36 207 36 206 135 209 135 207 135 208 136 218 136 219 136 193 137 212 137 211 137 204 138 218 138 206 138 201 139 217 139 204 139 195 140 212 140 194 140 199 141 216 141 201 141 197 142 215 142 199 142 197 143 210 143 214 143 192 144 211 144 210 144 319 145 345 145 355 145 210 146 310 146 214 146 213 148 308 148 212 148 219 150 325 150 229 150 212 1 306 1 211 1 219 152 314 152 315 152 325 153 351 153 229 153 205 154 231 154 203 154 202 155 231 155 230 155 209 156 233 156 207 156 230 157 236 157 235 157 234 158 238 158 233 158 232 159 236 159 231 159 239 75 592 75 238 75 237 75 590 75 236 75 235 167 604 167 589 167 590 168 247 168 236 168 187 169 252 169 186 169 187 170 249 170 251 170 190 171 248 171 189 171 188 172 248 172 249 172 181 173 256 173 255 173 176 174 255 174 254 174 176 175 253 175 171 175 168 176 257 176 167 176 170 177 259 177 169 177 169 36 260 36 168 36 165 178 257 178 258 178 186 179 263 179 262 179 186 180 262 180 256 180 258 181 264 181 265 181 171 182 253 182 264 182 148 183 160 183 136 183 136 184 166 184 127 184 255 51 253 51 254 51 274 74 287 74 263 74 127 185 268 185 267 185 265 186 269 186 264 186 268 187 270 187 267 187 253 188 272 188 271 188 262 189 272 189 273 189 262 190 274 190 263 190 271 191 264 191 269 191 643 39 142 39 48 39 92 39 649 39 93 39 93 39 648 39 79 39 79 39 643 39 48 39 71 39 650 39 92 39 44 192 644 192 640 192 51 39 647 39 71 39 52 39 636 39 50 39 633 37 49 37 4 37 35 193 641 193 39 193 638 23 35 23 28 23 634 9 17 9 8 9 633 2 8 2 5 2 278 195 275 195 276 195 662 75 277 75 655 75 278 196 277 196 286 196 141 75 139 75 284 75 280 197 285 197 284 197 279 198 286 198 285 198 651 199 284 199 664 199 664 200 285 200 663 200 663 201 286 201 662 201 137 202 280 202 139 202 281 203 279 203 280 203 282 204 278 204 279 204 155 205 137 205 153 205 156 206 281 206 155 206 283 207 156 207 157 207 158 208 283 208 157 208 139 209 280 209 284 209 263 210 266 210 287 210 128 51 290 51 289 51 130 39 671 39 479 39 128 211 267 211 289 211 289 212 271 212 269 212 196 39 291 39 191 39 202 39 294 39 200 39 198 39 292 39 196 39 200 39 293 39 198 39 191 39 266 39 252 39 202 213 230 213 295 213 246 214 230 214 235 214 287 215 289 215 290 215 290 216 678 216 671 216 290 217 296 217 287 217 362 218 395 218 372 218 378 75 680 75 377 75 372 219 392 219 298 219 371 220 400 220 365 220 250 75 298 75 248 75 298 221 388 221 248 221 299 222 302 222 303 222 298 223 304 223 302 223 301 224 303 224 305 224 301 225 252 225 251 225 291 226 301 226 266 226 215 1 310 1 311 1 223 235 309 235 213 235 216 1 311 1 312 1 217 1 312 1 313 1 229 238 345 238 223 238 218 1 313 1 314 1 211 240 307 240 210 240 293 1 326 1 292 1 326 1 291 1 292 1 295 1 328 1 294 1 294 1 327 1 293 1 329 247 330 247 328 247 331 248 332 248 330 248 332 1 335 1 334 1 208 249 335 249 209 249 250 250 304 250 195 250 379 74 725 74 382 74 380 74 724 74 379 74 381 74 723 74 380 74 329 74 338 74 331 74 331 74 336 74 333 74 336 74 337 74 369 74 339 251 295 251 246 251 722 252 381 252 604 252 589 254 341 254 235 254 341 255 730 255 733 255 235 256 236 256 341 256 340 257 236 257 247 257 377 268 396 268 362 268 373 75 362 75 372 75 251 269 391 269 301 269 383 274 786 274 683 274 300 75 372 75 298 75 249 275 388 275 386 275 277 39 771 39 655 39 276 277 376 277 277 277 339 74 380 74 338 74 338 74 379 74 336 74 336 74 382 74 337 74 365 279 399 279 383 279 363 75 377 75 362 75 680 280 389 280 377 280 378 281 771 281 682 281 363 282 376 282 378 282 373 283 375 283 275 283 158 51 373 51 300 51 250 284 170 284 158 284 389 285 785 285 397 285 399 286 785 286 786 286 387 287 390 287 391 287 388 288 390 288 386 288 394 289 398 289 400 289 395 290 398 290 393 290 392 291 393 291 390 291 391 286 393 286 394 286 400 286 397 286 399 286 396 292 397 292 398 292 249 293 387 293 251 293 301 294 394 294 371 294 778 295 383 295 683 295 297 295 365 295 383 295 371 296 370 296 364 296 364 297 362 297 372 297 377 298 370 298 297 298 680 299 297 299 778 299 372 300 299 300 364 300 364 301 301 301 371 301 410 302 402 302 405 302 405 303 7 303 4 303 402 304 407 304 405 304 14 305 405 305 4 305 439 306 404 306 441 306 408 307 403 307 402 307 72 308 410 308 14 308 436 309 408 309 410 309 413 310 412 310 407 310 412 311 403 311 407 311 7 312 413 312 19 312 414 314 33 314 23 314 417 315 412 315 414 315 412 316 416 316 411 316 420 317 416 317 417 317 417 318 40 318 33 318 419 319 411 319 416 319 409 321 411 321 403 321 423 322 426 322 427 322 423 323 55 323 427 323 422 324 428 324 426 324 437 325 425 325 409 325 444 335 438 335 437 335 449 336 435 336 436 336 94 337 436 337 72 337 435 338 409 338 408 338 3 339 440 339 80 339 406 340 439 340 440 340 424 341 441 341 404 341 448 342 441 342 443 342 447 343 437 343 435 343 448 344 444 344 447 344 80 345 450 345 95 345 95 346 449 346 94 346 440 347 448 347 450 347 450 348 447 348 449 348 441 349 445 349 443 349 443 350 446 350 444 350 452 1 425 1 438 1 425 351 418 351 451 351 451 352 428 352 421 352 452 353 415 353 451 353 421 354 415 354 451 354 424 355 455 355 442 355 456 356 455 356 454 356 473 360 445 360 442 360 466 361 442 361 455 361 438 362 469 362 452 362 446 363 472 363 438 363 445 364 470 364 446 364 469 365 453 365 452 365 457 366 466 366 455 366 406 367 474 367 401 367 475 368 476 368 474 368 480 369 479 369 478 369 480 370 477 370 475 370 484 371 482 371 486 371 483 372 480 372 478 372 485 373 480 373 475 373 481 374 487 374 477 374 481 375 482 375 479 375 484 376 487 376 486 376 474 377 488 377 401 377 406 378 491 378 475 378 475 379 491 379 485 379 474 380 476 380 489 380 140 381 406 381 3 381 494 382 456 382 454 382 493 1 454 1 424 1 492 383 424 383 404 383 401 384 492 384 404 384 499 75 494 75 493 75 489 385 496 385 488 385 500 75 495 75 494 75 492 75 499 75 493 75 488 386 498 386 492 386 496 387 504 387 498 387 505 1 500 1 499 1 497 388 502 388 496 388 506 389 501 389 500 389 504 390 499 390 498 390 508 113 504 113 502 113 511 74 506 74 505 74 509 391 502 391 503 391 506 74 513 74 507 74 510 74 505 74 504 74 508 392 516 392 510 392 517 1 512 1 511 1 509 393 514 393 508 393 518 394 513 394 512 394 516 395 511 395 510 395 616 396 521 396 615 396 522 1 617 1 618 1 523 397 619 397 617 397 521 398 618 398 615 398 528 75 524 75 523 75 521 75 527 75 522 75 520 399 526 399 521 399 527 75 523 75 522 75 533 400 529 400 528 400 531 401 527 401 526 401 525 402 531 402 526 402 532 1 528 1 527 1 533 74 539 74 534 74 536 74 532 74 531 74 535 126 531 126 530 126 537 74 533 74 532 74 607 1 543 1 606 1 543 403 608 403 606 403 609 404 542 404 607 404 540 405 609 405 610 405 540 406 546 406 541 406 547 407 546 407 545 407 549 408 548 408 547 408 551 409 550 409 549 409 552 410 553 410 550 410 554 411 555 411 553 411 558 412 555 412 556 412 557 413 567 413 555 413 542 414 561 414 543 414 567 415 553 415 555 415 566 416 550 416 553 416 561 417 544 417 543 417 565 418 548 418 550 418 564 419 546 419 548 419 546 420 559 420 541 420 541 421 560 421 542 421 705 422 737 422 572 422 696 423 559 423 563 423 694 425 562 425 561 425 711 150 568 150 578 150 692 36 561 36 560 36 568 428 700 428 567 428 743 429 711 429 578 429 580 430 554 430 552 430 551 431 580 431 552 431 582 432 558 432 556 432 579 433 585 433 580 433 587 434 583 434 582 434 585 435 581 435 580 435 592 75 588 75 587 75 590 75 586 75 585 75 604 167 584 167 589 167 603 168 590 168 585 168 610 442 536 442 535 442 536 443 607 443 537 443 606 444 539 444 538 444 537 1 606 1 538 1 530 173 614 173 535 173 525 445 613 445 530 445 611 446 525 446 520 446 615 447 517 447 516 447 617 448 519 448 518 448 618 1 518 1 517 1 514 449 615 449 516 449 535 450 621 450 610 450 535 451 614 451 620 451 616 452 622 452 520 452 520 453 622 453 611 453 497 51 509 51 503 51 489 51 515 51 509 51 611 51 613 51 612 51 668 74 632 74 621 74 476 454 626 454 515 454 627 455 623 455 622 455 628 456 626 456 625 456 611 457 630 457 614 457 620 458 630 458 614 458 632 459 620 459 621 459 629 460 622 460 611 460 656 461 652 461 661 461 662 75 654 75 667 75 654 462 656 462 667 462 142 75 665 75 140 75 666 463 658 463 665 463 667 464 657 464 666 464 651 75 665 75 142 75 664 465 666 465 665 465 663 75 667 75 666 75 658 466 490 466 140 466 657 467 659 467 658 467 656 468 660 468 657 468 504 469 490 469 659 469 505 470 659 470 660 470 505 471 661 471 506 471 507 472 661 472 652 472 140 473 665 473 658 473 621 474 624 474 610 474 477 51 672 51 481 51 671 39 481 39 479 39 477 475 625 475 476 475 627 476 629 476 670 476 673 39 545 39 540 39 676 39 551 39 549 39 674 39 547 39 545 39 675 39 549 39 547 39 540 477 624 477 673 477 551 213 677 213 579 213 579 478 602 478 584 478 668 479 670 479 669 479 678 480 672 480 671 480 672 481 668 481 679 481 794 218 754 218 766 218 680 75 773 75 772 75 791 219 766 219 684 219 799 220 765 220 757 220 684 75 608 75 606 75 784 221 684 221 606 221 685 482 688 482 684 482 684 483 690 483 686 483 687 484 689 484 685 484 610 225 687 225 609 225 687 485 673 485 624 485 564 488 696 488 563 488 695 235 572 235 562 235 565 491 697 491 564 491 566 36 698 36 565 36 737 493 578 493 572 493 567 36 699 36 566 36 693 495 560 495 559 495 712 36 675 36 674 36 673 36 712 36 674 36 714 36 677 36 676 36 676 36 713 36 714 36 716 497 715 497 714 497 718 36 717 36 716 36 718 36 721 36 719 36 557 498 721 498 720 498 690 499 608 499 544 499 725 74 774 74 777 74 724 74 775 74 774 74 723 74 776 74 775 74 728 74 715 74 717 74 726 74 717 74 719 74 763 74 726 74 719 74 677 500 729 500 602 500 602 501 776 501 604 501 732 254 589 254 584 254 732 503 730 503 731 503 584 504 732 504 585 504 731 505 585 505 732 505 795 268 772 268 754 268 754 75 767 75 766 75 790 269 609 269 687 269 786 274 779 274 683 274 766 75 686 75 684 75 607 36 784 36 606 36 771 39 654 39 655 39 770 519 653 519 654 519 775 74 729 74 728 74 774 74 728 74 726 74 777 74 726 74 727 74 798 279 757 279 779 279 772 75 755 75 754 75 788 280 680 280 772 280 773 521 771 521 770 521 755 522 770 522 769 522 653 523 769 523 652 523 767 524 652 524 507 524 507 525 619 525 608 525 785 285 788 285 796 285 798 526 785 526 796 526 783 527 789 527 782 527 789 288 784 288 782 288 793 528 797 528 792 528 797 290 794 290 792 290 792 291 791 291 789 291 790 529 792 529 789 529 799 526 796 526 797 526 796 292 795 292 797 292 783 530 607 530 609 530 793 294 687 294 765 294 778 531 779 531 681 531 681 532 757 532 764 532 764 533 765 533 756 533 754 534 756 534 766 534 772 535 764 535 754 535 680 536 681 536 772 536 766 537 685 537 684 537 687 301 756 301 765 301 18 1517 10 1517 1 1517 14 1518 4 1518 49 1518 4 2 7 2 634 2 10 1519 5 1519 8 1519 1 1520 10 1520 12 1520 15 1521 5 1521 10 1521 78 1522 84 1522 9 1522 6 1523 16 1523 13 1523 73 1524 15 1524 18 1524 7 1525 19 1525 635 1525 14 1 51 1 71 1 74 1526 18 1526 13 1526 21 1527 25 1527 24 1527 21 1529 12 1529 6 1529 8 1530 17 1530 24 1530 25 1534 22 1534 32 1534 21 1535 31 1535 34 1535 28 1536 35 1536 32 1536 29 1537 36 1537 639 1537 29 1538 23 1538 33 1538 31 1539 38 1539 41 1539 34 1540 32 1540 39 1540 20 1541 37 1541 38 1541 16 1542 6 1542 20 1542 56 1543 43 1543 46 1543 36 193 40 193 641 193 58 1544 44 1544 46 1544 59 1545 42 1545 43 1545 2 36 47 36 83 36 5 37 50 37 636 37 15 36 52 36 50 36 642 39 51 39 49 39 642 39 52 39 76 39 75 1546 16 1546 54 1546 644 1549 55 1549 45 1549 87 1558 75 1558 77 1558 647 39 76 39 100 39 73 36 76 36 52 36 98 1559 74 1559 70 1559 72 1 71 1 92 1 96 1560 73 1560 74 1560 16 1561 75 1561 70 1561 2 1562 81 1562 82 1562 80 1 79 1 48 1 11 1563 82 1563 78 1563 648 39 83 39 47 39 84 1564 85 1564 53 1564 81 36 83 36 101 36 91 1565 86 1565 84 1565 75 1566 87 1566 90 1566 87 1567 86 1567 91 1567 96 36 100 36 76 36 97 36 101 36 100 36 81 1568 97 1568 99 1568 97 1569 96 1569 98 1569 95 1 93 1 79 1 94 1 92 1 93 1 82 1570 99 1570 91 1570 99 1571 98 1571 90 1571 649 39 101 39 83 39 650 39 100 39 101 39 84 1572 86 1572 88 1572 86 1573 87 1573 89 1573 54 36 102 36 103 36 37 1574 20 1574 54 1574 59 1575 37 1575 102 1575 103 1576 102 1576 30 1576 53 1577 85 1577 106 1577 106 1578 108 1578 107 1578 88 1586 122 1586 124 1586 85 1587 124 1587 117 1587 77 1588 103 1588 120 1588 89 1589 77 1589 123 1589 88 1590 89 1590 121 1590 104 1591 119 1591 120 1591 108 1592 106 1592 117 1592 11 1593 0 1593 125 1593 126 1594 125 1594 127 1594 479 1595 130 1595 129 1595 128 1596 130 1596 129 1596 131 1597 133 1597 482 1597 129 1598 131 1598 483 1598 129 1599 131 1599 132 1599 130 1600 128 1600 134 1600 130 1601 479 1601 482 1601 131 1602 133 1602 134 1602 125 1603 0 1603 135 1603 11 1604 126 1604 138 1604 47 39 141 39 651 39 2 36 139 36 141 36 48 1 142 1 140 1 11 1605 137 1605 139 1605 107 1606 146 1606 145 1606 105 36 145 36 144 36 53 1607 144 1607 143 1607 143 1608 135 1608 0 1608 145 75 151 75 150 75 136 385 135 385 147 385 146 75 152 75 151 75 143 75 144 75 150 75 135 386 143 386 149 386 147 1609 149 1609 155 1609 151 36 157 36 156 36 148 1610 147 1610 153 1610 152 1611 158 1611 157 1611 150 1612 156 1612 155 1612 155 113 161 113 159 113 157 74 163 74 162 74 153 1613 159 1613 160 1613 157 74 158 74 164 74 156 74 162 74 161 74 159 1614 161 1614 167 1614 163 36 169 36 168 36 160 1615 159 1615 165 1615 164 123 170 123 169 123 162 1616 168 1616 167 1616 258 1617 257 1617 172 1617 259 36 174 36 173 36 261 1618 175 1618 174 1618 260 1619 173 1619 172 1619 175 75 180 75 179 75 172 75 173 75 178 75 171 399 172 399 177 399 174 75 179 75 178 75 180 1620 185 1620 184 1620 178 1621 183 1621 182 1621 176 1622 177 1622 182 1622 179 36 184 36 183 36 184 74 185 74 190 74 183 74 188 74 187 74 182 1623 187 1623 186 1623 184 74 189 74 188 74 249 36 248 36 194 36 250 1624 195 1624 194 1624 251 1625 249 1625 193 1625 251 1626 192 1626 191 1626 191 1627 192 1627 197 1627 197 1628 199 1628 198 1628 199 1629 201 1629 200 1629 201 1630 203 1630 202 1630 203 1631 201 1631 204 1631 205 1632 204 1632 206 1632 206 1633 208 1633 209 1633 208 1634 206 1634 218 1634 193 1635 194 1635 212 1635 204 1636 217 1636 218 1636 201 1637 216 1637 217 1637 195 1638 213 1638 212 1638 199 1639 215 1639 216 1639 197 1640 214 1640 215 1640 197 1641 192 1641 210 1641 192 1642 193 1642 211 1642 319 1643 223 1643 345 1643 210 1644 307 1644 310 1644 213 1646 309 1646 308 1646 219 1648 315 1648 325 1648 212 1 308 1 306 1 219 1650 218 1650 314 1650 325 1651 361 1651 351 1651 205 1652 232 1652 231 1652 202 1653 203 1653 231 1653 209 1654 234 1654 233 1654 230 1655 231 1655 236 1655 234 1656 239 1656 238 1656 232 1657 237 1657 236 1657 239 75 593 75 592 75 237 75 591 75 590 75 235 167 246 167 604 167 590 1661 605 1661 247 1661 187 1662 251 1662 252 1662 187 1663 188 1663 249 1663 190 171 250 171 248 171 188 36 189 36 248 36 181 173 186 173 256 173 176 1664 181 1664 255 1664 176 1665 254 1665 253 1665 168 1666 260 1666 257 1666 170 1667 261 1667 259 1667 169 36 259 36 260 36 165 1668 167 1668 257 1668 186 1669 252 1669 263 1669 258 1670 171 1670 264 1670 148 51 154 51 160 51 136 51 160 51 166 51 255 1671 256 1671 253 1671 274 1672 288 1672 287 1672 127 1673 166 1673 268 1673 265 1674 270 1674 269 1674 268 1675 265 1675 270 1675 253 1676 256 1676 272 1676 262 1677 256 1677 272 1677 262 1678 273 1678 274 1678 271 1679 253 1679 264 1679 643 39 651 39 142 39 92 39 650 39 649 39 93 39 649 39 648 39 79 39 648 39 643 39 71 39 647 39 650 39 44 1681 58 1681 644 1681 51 39 642 39 647 39 52 39 642 39 636 39 633 37 636 37 49 37 35 32 639 32 641 32 638 1537 639 1537 35 1537 634 1525 635 1525 17 1525 633 2 634 2 8 2 278 1682 283 1682 275 1682 662 75 286 75 277 75 278 1683 276 1683 277 1683 280 1684 279 1684 285 1684 279 1685 278 1685 286 1685 651 75 141 75 284 75 664 1686 284 1686 285 1686 663 75 285 75 286 75 137 1687 281 1687 280 1687 281 1688 282 1688 279 1688 282 1689 283 1689 278 1689 155 1690 281 1690 137 1690 156 1691 282 1691 281 1691 283 1692 282 1692 156 1692 158 1693 275 1693 283 1693 263 474 252 474 266 474 128 51 130 51 290 51 130 39 290 39 671 39 128 1694 127 1694 267 1694 270 1695 267 1695 289 1695 289 1696 288 1696 271 1696 274 1697 273 1697 288 1697 273 1698 272 1698 288 1698 269 1699 270 1699 289 1699 272 1700 271 1700 288 1700 196 39 292 39 291 39 202 39 295 39 294 39 198 39 293 39 292 39 200 39 294 39 293 39 191 477 291 477 266 477 246 1701 295 1701 230 1701 287 1702 288 1702 289 1702 290 1703 296 1703 678 1703 362 1704 396 1704 395 1704 378 75 682 75 680 75 372 1705 395 1705 392 1705 371 1706 394 1706 400 1706 250 75 300 75 298 75 298 221 392 221 388 221 299 1707 298 1707 302 1707 298 1708 300 1708 304 1708 301 1709 299 1709 303 1709 301 1710 266 1710 252 1710 291 1711 305 1711 301 1711 215 1716 214 1716 310 1716 223 1718 319 1718 309 1718 216 1720 215 1720 311 1720 217 1 216 1 312 1 229 1722 351 1722 345 1722 218 1 217 1 313 1 211 1724 306 1724 307 1724 293 1 327 1 326 1 326 1729 305 1729 291 1729 295 1 329 1 328 1 294 1 328 1 327 1 329 1 331 1 330 1 331 1 333 1 332 1 332 1 333 1 335 1 208 1730 334 1730 335 1730 250 1731 300 1731 304 1731 379 74 724 74 725 74 380 74 723 74 724 74 381 74 722 74 723 74 329 74 339 74 338 74 331 74 338 74 336 74 369 74 335 74 333 74 333 74 336 74 369 74 339 74 329 74 295 74 246 501 604 501 381 501 381 1732 339 1732 246 1732 589 1734 733 1734 341 1734 341 1735 340 1735 730 1735 340 1736 341 1736 236 1736 377 1753 389 1753 396 1753 373 75 363 75 362 75 251 1754 387 1754 391 1754 383 1758 399 1758 786 1758 300 75 373 75 372 75 249 1 248 1 388 1 277 39 376 39 771 39 276 1760 375 1760 376 1760 339 74 381 74 380 74 338 74 380 74 379 74 336 74 379 74 382 74 365 1762 400 1762 399 1762 363 75 378 75 377 75 680 280 787 280 389 280 378 521 376 521 771 521 363 1763 375 1763 376 1763 276 1764 275 1764 375 1764 373 1765 363 1765 375 1765 300 1766 250 1766 158 1766 158 1767 275 1767 373 1767 261 39 170 39 250 39 164 51 158 51 170 51 389 285 787 285 785 285 399 526 397 526 785 526 387 527 386 527 390 527 388 1768 392 1768 390 1768 394 528 393 528 398 528 395 1769 396 1769 398 1769 392 1770 395 1770 393 1770 391 529 390 529 393 529 400 526 398 526 397 526 396 1771 389 1771 397 1771 249 1772 386 1772 387 1772 301 1773 391 1773 394 1773 778 531 297 531 383 531 297 532 370 532 365 532 371 297 365 297 370 297 364 299 370 299 362 299 377 535 362 535 370 535 680 536 377 536 297 536 372 537 298 537 299 537 364 1774 299 1774 301 1774 410 1775 408 1775 402 1775 405 1776 407 1776 7 1776 402 1777 403 1777 407 1777 14 1778 410 1778 405 1778 439 1779 401 1779 404 1779 408 1780 409 1780 403 1780 72 1781 436 1781 410 1781 436 1782 435 1782 408 1782 413 1783 414 1783 412 1783 412 1784 411 1784 403 1784 7 1785 407 1785 413 1785 414 1787 417 1787 33 1787 417 1788 416 1788 412 1788 420 1789 419 1789 416 1789 417 1790 420 1790 40 1790 419 1791 418 1791 411 1791 409 1792 425 1792 411 1792 423 1793 422 1793 426 1793 423 1794 45 1794 55 1794 422 1795 421 1795 428 1795 437 1796 438 1796 425 1796 444 1806 446 1806 438 1806 449 1807 447 1807 435 1807 94 1808 449 1808 436 1808 435 1809 437 1809 409 1809 3 1810 406 1810 440 1810 406 1811 401 1811 439 1811 424 1812 442 1812 441 1812 448 1813 439 1813 441 1813 447 1814 444 1814 437 1814 448 1815 443 1815 444 1815 80 1816 440 1816 450 1816 95 1817 450 1817 449 1817 440 1818 439 1818 448 1818 450 1819 448 1819 447 1819 441 1820 442 1820 445 1820 443 1821 445 1821 446 1821 452 1822 451 1822 425 1822 425 1823 411 1823 418 1823 451 1824 418 1824 428 1824 452 1825 453 1825 415 1825 424 1 454 1 455 1 456 1826 457 1826 455 1826 473 1829 471 1829 445 1829 466 1830 473 1830 442 1830 438 1831 472 1831 469 1831 446 1832 470 1832 472 1832 445 1833 471 1833 470 1833 469 1834 468 1834 453 1834 457 1835 467 1835 466 1835 406 1836 475 1836 474 1836 475 1837 477 1837 476 1837 480 1838 481 1838 479 1838 480 1839 481 1839 477 1839 484 1840 483 1840 482 1840 483 1841 484 1841 480 1841 485 1842 484 1842 480 1842 481 1843 486 1843 487 1843 481 1844 486 1844 482 1844 484 1845 485 1845 487 1845 474 1846 489 1846 488 1846 406 1847 490 1847 491 1847 140 1848 490 1848 406 1848 494 1849 495 1849 456 1849 493 1 494 1 454 1 492 1850 493 1850 424 1850 401 1851 488 1851 492 1851 499 75 500 75 494 75 489 107 497 107 496 107 500 75 501 75 495 75 492 75 498 75 499 75 488 108 496 108 498 108 496 1852 502 1852 504 1852 505 1 506 1 500 1 497 1853 503 1853 502 1853 506 1854 507 1854 501 1854 504 1855 505 1855 499 1855 508 113 510 113 504 113 511 74 512 74 506 74 509 1856 508 1856 502 1856 506 74 512 74 513 74 510 74 511 74 505 74 508 1857 514 1857 516 1857 517 1 518 1 512 1 509 1858 515 1858 514 1858 518 400 519 400 513 400 516 1859 517 1859 511 1859 616 1860 520 1860 521 1860 522 1 523 1 617 1 523 1861 524 1861 619 1861 521 1862 522 1862 618 1862 528 75 529 75 524 75 521 75 526 75 527 75 520 122 525 122 526 122 527 75 528 75 523 75 533 1863 534 1863 529 1863 531 1864 532 1864 527 1864 525 1865 530 1865 531 1865 532 1 533 1 528 1 533 74 538 74 539 74 536 74 537 74 532 74 535 1623 536 1623 531 1623 537 74 538 74 533 74 607 1866 542 1866 543 1866 543 1867 544 1867 608 1867 609 1868 541 1868 542 1868 540 1869 541 1869 609 1869 540 1870 545 1870 546 1870 547 1871 548 1871 546 1871 549 1872 550 1872 548 1872 551 1873 552 1873 550 1873 552 1 554 1 553 1 554 1 556 1 555 1 558 1874 557 1874 555 1874 557 1875 568 1875 567 1875 542 1876 560 1876 561 1876 567 1877 566 1877 553 1877 566 1878 565 1878 550 1878 561 1879 562 1879 544 1879 565 1880 564 1880 548 1880 564 1881 563 1881 546 1881 546 1882 563 1882 559 1882 541 1883 559 1883 560 1883 705 1884 747 1884 737 1884 696 1885 693 1885 559 1885 694 1887 695 1887 562 1887 711 1648 701 1648 568 1648 692 36 694 36 561 36 568 1890 701 1890 700 1890 743 1891 753 1891 711 1891 580 1892 581 1892 554 1892 551 1894 579 1894 580 1894 582 1895 583 1895 558 1895 579 1896 584 1896 585 1896 587 1897 588 1897 583 1897 585 1898 586 1898 581 1898 592 75 593 75 588 75 590 75 591 75 586 75 604 167 602 167 584 167 603 1661 605 1661 590 1661 610 1903 609 1903 536 1903 536 1904 609 1904 607 1904 606 444 608 444 539 444 537 1905 607 1905 606 1905 530 173 613 173 614 173 525 1906 612 1906 613 1906 611 175 612 175 525 175 615 1907 618 1907 517 1907 617 1908 619 1908 519 1908 618 1 617 1 518 1 514 1909 616 1909 615 1909 535 1910 620 1910 621 1910 616 1911 623 1911 622 1911 497 183 489 183 509 183 489 1912 476 1912 515 1912 611 51 614 51 613 51 668 1913 669 1913 632 1913 476 1914 625 1914 626 1914 627 1915 628 1915 623 1915 628 1916 623 1916 626 1916 611 1917 629 1917 630 1917 620 1918 631 1918 630 1918 632 1919 631 1919 620 1919 629 1920 627 1920 622 1920 656 1921 653 1921 652 1921 662 75 655 75 654 75 654 1922 653 1922 656 1922 666 1923 657 1923 658 1923 667 1924 656 1924 657 1924 651 1925 664 1925 665 1925 664 1926 663 1926 666 1926 663 1927 662 1927 667 1927 658 1928 659 1928 490 1928 657 1929 660 1929 659 1929 656 1930 661 1930 660 1930 504 1931 502 1931 490 1931 505 1932 504 1932 659 1932 505 1933 660 1933 661 1933 507 1934 506 1934 661 1934 621 210 668 210 624 210 477 51 670 51 672 51 671 39 672 39 481 39 477 1935 670 1935 625 1935 629 1936 630 1936 669 1936 631 1937 632 1937 669 1937 669 1938 670 1938 629 1938 670 1939 625 1939 628 1939 630 1940 631 1940 669 1940 670 1941 628 1941 627 1941 673 39 674 39 545 39 676 39 677 39 551 39 674 39 675 39 547 39 675 39 676 39 549 39 540 39 610 39 624 39 579 1942 677 1942 602 1942 668 1943 672 1943 670 1943 678 1944 679 1944 672 1944 794 1704 795 1704 754 1704 680 75 682 75 773 75 791 1705 794 1705 766 1705 799 1706 793 1706 765 1706 684 75 686 75 608 75 784 221 791 221 684 221 685 1945 689 1945 688 1945 684 1946 688 1946 690 1946 687 1947 691 1947 689 1947 610 1710 624 1710 687 1710 687 1948 691 1948 673 1948 564 36 697 36 696 36 695 1718 705 1718 572 1718 565 36 698 36 697 36 566 36 699 36 698 36 737 1953 743 1953 578 1953 567 36 700 36 699 36 693 1955 692 1955 560 1955 712 36 713 36 675 36 673 1956 691 1956 712 1956 714 36 715 36 677 36 676 36 675 36 713 36 716 36 717 36 715 36 718 36 719 36 717 36 718 36 720 36 721 36 557 1957 558 1957 721 1957 690 1731 686 1731 608 1731 725 74 724 74 774 74 724 74 723 74 775 74 723 74 722 74 776 74 728 74 729 74 715 74 726 74 728 74 717 74 719 74 721 74 763 74 763 74 727 74 726 74 677 74 715 74 729 74 722 252 604 252 776 252 602 1732 729 1732 776 1732 732 1734 733 1734 589 1734 732 255 733 255 730 255 731 1958 603 1958 585 1958 795 1753 788 1753 772 1753 754 75 755 75 767 75 790 1754 783 1754 609 1754 786 1758 798 1758 779 1758 766 75 767 75 686 75 607 1981 782 1981 784 1981 771 39 770 39 654 39 770 1983 769 1983 653 1983 775 74 776 74 729 74 774 74 775 74 728 74 777 74 774 74 726 74 798 1762 799 1762 757 1762 772 75 773 75 755 75 788 280 787 280 680 280 773 281 682 281 771 281 755 282 773 282 770 282 767 1984 652 1984 769 1984 769 1985 755 1985 767 1985 507 51 608 51 686 51 686 51 767 51 507 51 507 51 513 51 519 51 507 51 519 51 619 51 785 285 787 285 788 285 798 286 786 286 785 286 783 287 790 287 789 287 789 1768 791 1768 784 1768 793 289 799 289 797 289 797 1769 795 1769 794 1769 792 1770 794 1770 791 1770 790 286 793 286 792 286 799 286 798 286 796 286 796 1771 788 1771 795 1771 783 1986 782 1986 607 1986 793 1773 790 1773 687 1773 778 295 683 295 779 295 681 295 779 295 757 295 764 534 757 534 765 534 754 1987 764 1987 756 1987 772 1988 681 1988 764 1988 680 299 778 299 681 299 766 1989 756 1989 685 1989 687 1990 685 1990 756 1990</p>
        </triangles>
        <triangles material="Black-material" count="24">
          <input semantic="VERTEX" source="#Plane-mesh-vertices" offset="0"/>
          <input semantic="NORMAL" source="#Plane-mesh-normals" offset="1"/>
          <p>23 12 27 12 19 12 22 15 24 15 17 15 27 16 638 16 637 16 635 17 27 17 637 17 22 18 26 18 28 18 246 166 730 166 604 166 635 194 26 194 17 194 637 16 28 16 26 16 340 253 605 253 730 253 23 313 413 313 414 313 602 441 730 441 731 441 605 502 731 502 730 502 23 1528 29 1528 27 1528 22 1531 25 1531 24 1531 27 1532 29 1532 638 1532 635 194 19 194 27 194 22 1533 17 1533 26 1533 246 1660 340 1660 730 1660 635 17 637 17 26 17 637 1532 638 1532 28 1532 340 1733 247 1733 605 1733 23 1786 19 1786 413 1786 602 166 604 166 730 166 605 1733 603 1733 731 1733</p>
        </triangles>
        <triangles material="Grey-material" count="308">
          <input semantic="VERTEX" source="#Plane-mesh-vertices" offset="0"/>
          <input semantic="NORMAL" source="#Plane-mesh-normals" offset="1"/>
          <p>41 28 60 28 62 28 40 39 645 39 641 39 57 41 68 41 58 41 38 42 61 42 60 42 645 44 65 44 646 44 60 45 69 45 67 45 63 46 66 46 62 46 60 47 66 47 62 47 57 48 67 48 56 48 37 49 69 49 61 49 41 50 63 50 62 50 58 51 646 51 644 51 56 52 69 52 59 52 118 74 115 74 116 74 119 75 113 75 120 75 121 51 111 51 122 51 123 76 112 76 121 76 120 77 109 77 123 77 124 78 115 78 117 78 122 79 110 79 124 79 116 80 113 80 114 80 113 36 110 36 109 36 109 81 111 81 112 81 320 147 353 147 356 147 322 149 359 149 323 149 319 151 354 151 318 151 237 39 601 39 591 39 233 160 244 160 242 160 238 51 600 51 244 51 240 161 243 161 241 161 242 162 245 162 243 162 244 75 601 75 245 75 207 163 241 163 205 163 232 164 245 164 237 164 233 165 240 165 207 165 232 39 241 39 243 39 644 51 65 51 55 51 68 44 645 44 646 44 641 39 63 39 39 39 308 227 316 227 306 227 315 74 324 74 325 74 311 228 322 228 312 228 309 229 318 229 308 229 312 230 323 230 313 230 307 231 320 231 310 231 307 232 316 232 317 232 313 233 324 233 314 233 310 51 321 51 311 51 321 234 358 234 322 234 325 236 360 236 361 236 316 237 354 237 352 237 320 239 357 239 321 239 213 74 222 74 223 74 212 241 221 241 222 241 221 242 210 242 220 242 210 243 224 243 220 243 214 39 225 39 224 39 215 244 226 244 225 244 216 245 227 245 226 245 217 246 228 246 227 246 228 75 219 75 229 75 350 36 359 36 349 36 349 258 358 258 348 258 348 259 357 259 347 259 347 260 356 260 346 260 350 261 346 261 344 261 343 262 353 262 352 262 351 263 360 263 350 263 344 36 352 36 354 36 345 264 354 264 355 264 342 36 356 36 353 36 317 265 352 265 353 265 323 266 360 266 324 266 228 267 223 267 222 267 420 320 429 320 419 320 65 326 427 326 55 326 419 327 430 327 418 327 429 328 434 328 430 328 432 329 64 329 431 329 432 330 429 330 431 330 433 331 427 331 426 331 418 332 434 332 428 332 420 333 64 333 40 333 434 334 426 334 428 334 467 74 464 74 466 74 462 75 468 75 469 75 460 51 470 51 471 51 461 76 472 76 470 76 458 77 469 77 472 77 464 78 473 78 466 78 459 79 471 79 473 79 462 357 465 357 463 357 462 358 459 358 464 358 460 359 458 359 461 359 706 424 745 424 703 424 751 426 708 426 709 426 746 427 705 427 704 427 601 39 586 39 591 39 582 436 598 436 587 436 587 51 600 51 592 51 597 437 594 437 595 437 599 438 596 438 597 438 601 75 598 75 599 75 595 439 556 439 554 439 599 39 581 39 586 39 594 51 582 51 556 51 581 440 595 440 554 440 702 227 694 227 692 227 701 74 710 74 700 74 708 228 697 228 698 228 704 486 695 486 694 486 709 230 698 230 699 230 706 231 693 231 696 231 693 487 702 487 692 487 710 233 699 233 700 233 707 51 696 51 697 51 750 489 707 489 708 489 711 490 752 490 710 490 702 492 746 492 704 492 749 494 706 494 707 494 571 74 562 74 572 74 570 241 561 241 571 241 570 496 559 496 560 496 573 243 559 243 569 243 574 39 563 39 573 39 575 244 564 244 574 244 576 245 565 245 575 245 577 246 566 246 576 246 577 75 568 75 567 75 751 1 742 1 741 1 750 1 741 1 740 1 749 506 740 506 739 506 748 1 739 1 738 1 742 507 737 507 736 507 735 508 745 508 734 508 752 509 743 509 742 509 736 1 744 1 735 1 737 510 746 510 736 510 734 511 748 511 738 511 703 512 744 512 702 512 752 513 709 513 710 513 577 514 573 514 571 514 41 28 38 28 60 28 40 39 64 39 645 39 57 1547 66 1547 68 1547 38 1548 37 1548 61 1548 645 1550 64 1550 65 1550 60 1551 61 1551 69 1551 63 1552 68 1552 66 1552 60 1553 67 1553 66 1553 57 1554 66 1554 67 1554 37 1555 59 1555 69 1555 41 1556 39 1556 63 1556 58 51 68 51 646 51 56 1557 67 1557 69 1557 118 74 117 74 115 74 119 75 114 75 113 75 121 51 112 51 111 51 123 1579 109 1579 112 1579 120 1580 113 1580 109 1580 124 1581 110 1581 115 1581 122 1582 111 1582 110 1582 116 1583 115 1583 113 1583 113 1584 115 1584 110 1584 109 1585 110 1585 111 1585 320 1645 317 1645 353 1645 322 1647 358 1647 359 1647 319 1649 355 1649 354 1649 237 39 245 39 601 39 233 436 238 436 244 436 238 51 592 51 600 51 240 161 242 161 243 161 242 1658 244 1658 245 1658 244 75 600 75 601 75 207 1659 240 1659 241 1659 232 39 243 39 245 39 233 51 242 51 240 51 232 440 205 440 241 440 644 51 646 51 65 51 68 1680 63 1680 645 1680 641 39 645 39 63 39 308 1712 318 1712 316 1712 315 74 314 74 324 74 311 1713 321 1713 322 1713 309 486 319 486 318 486 312 230 322 230 323 230 307 1714 317 1714 320 1714 307 487 306 487 316 487 313 1715 323 1715 324 1715 310 51 320 51 321 51 321 1717 357 1717 358 1717 325 1719 324 1719 360 1719 316 1721 318 1721 354 1721 320 1723 356 1723 357 1723 213 74 212 74 222 74 212 1725 211 1725 221 1725 221 496 211 496 210 496 210 1726 214 1726 224 1726 214 39 215 39 225 39 215 244 216 244 226 244 216 1727 217 1727 227 1727 217 1728 218 1728 228 1728 228 75 218 75 219 75 350 36 360 36 359 36 349 36 359 36 358 36 348 36 358 36 357 36 347 36 357 36 356 36 342 1737 343 1737 346 1737 344 1738 345 1738 350 1738 351 1739 350 1739 345 1739 349 36 348 36 347 36 347 1740 346 1740 350 1740 343 1741 344 1741 346 1741 350 36 349 36 347 36 343 1742 342 1742 353 1742 351 1743 361 1743 360 1743 344 36 343 36 352 36 345 1744 344 1744 354 1744 342 1745 346 1745 356 1745 317 1746 316 1746 352 1746 323 1747 359 1747 360 1747 222 1748 221 1748 224 1748 220 1749 224 1749 221 1749 225 1750 226 1750 227 1750 227 1 228 1 225 1 229 1751 223 1751 228 1751 222 1752 224 1752 228 1752 225 1 228 1 224 1 420 320 431 320 429 320 65 1797 432 1797 427 1797 419 1798 429 1798 430 1798 429 1799 433 1799 434 1799 432 1800 65 1800 64 1800 432 1801 433 1801 429 1801 433 1802 432 1802 427 1802 418 1803 430 1803 434 1803 420 1804 431 1804 64 1804 434 1805 433 1805 426 1805 467 74 465 74 464 74 462 75 463 75 468 75 460 51 461 51 470 51 461 1579 458 1579 472 1579 458 1580 462 1580 469 1580 464 1581 459 1581 473 1581 459 1582 460 1582 471 1582 462 1827 464 1827 465 1827 462 1 458 1 459 1 460 1828 459 1828 458 1828 706 1886 748 1886 745 1886 751 1888 750 1888 708 1888 746 1889 747 1889 705 1889 601 1893 599 1893 586 1893 582 160 596 160 598 160 587 51 598 51 600 51 597 437 596 437 594 437 599 1899 598 1899 596 1899 601 75 600 75 598 75 595 1900 594 1900 556 1900 599 1901 597 1901 581 1901 594 1902 596 1902 582 1902 581 39 597 39 595 39 702 1712 704 1712 694 1712 701 74 711 74 710 74 708 1713 707 1713 697 1713 704 1949 705 1949 695 1949 709 230 708 230 698 230 706 1714 703 1714 693 1714 693 232 703 232 702 232 710 1715 709 1715 699 1715 707 51 706 51 696 51 750 1950 749 1950 707 1950 711 1951 753 1951 752 1951 702 1952 744 1952 746 1952 749 1954 748 1954 706 1954 571 74 561 74 562 74 570 1725 560 1725 561 1725 570 242 569 242 559 242 573 1726 563 1726 559 1726 574 39 564 39 563 39 575 244 565 244 564 244 576 1727 566 1727 565 1727 577 1728 567 1728 566 1728 577 75 578 75 568 75 751 1 752 1 742 1 750 1959 751 1959 741 1959 749 1960 750 1960 740 1960 748 1961 749 1961 739 1961 736 1962 735 1962 738 1962 734 1963 738 1963 735 1963 739 1 740 1 741 1 741 1 742 1 739 1 743 1964 737 1964 742 1964 736 1965 738 1965 742 1965 739 1966 742 1966 738 1966 735 1967 744 1967 745 1967 752 1968 753 1968 743 1968 736 1 746 1 744 1 737 1969 747 1969 746 1969 734 1 745 1 748 1 703 1970 745 1970 744 1970 752 1971 751 1971 709 1971 569 1972 570 1972 573 1972 571 1973 572 1973 577 1973 578 1974 577 1974 572 1974 576 1975 575 1975 574 1975 574 36 573 36 577 36 570 1976 571 1976 573 1976 577 36 576 36 574 36</p>
        </triangles>
        <triangles material="Light_grey-material" count="368">
          <input semantic="VERTEX" source="#Plane-mesh-vertices" offset="0"/>
          <input semantic="NORMAL" source="#Plane-mesh-normals" offset="1"/>
          <p>385 39 366 39 384 39 382 270 366 270 337 270 335 271 368 271 334 271 363 39 385 39 378 39 300 272 374 272 373 272 373 39 367 39 363 39 368 273 337 273 366 273 374 276 366 276 367 276 378 39 761 39 682 39 725 278 384 278 382 278 761 39 384 39 758 39 781 39 759 39 760 39 777 515 759 515 780 515 721 516 762 516 763 516 781 39 755 39 773 39 768 272 686 272 767 272 760 39 767 39 755 39 762 517 727 517 763 517 759 518 768 518 760 518 761 39 773 39 682 39 725 520 780 520 758 520 761 39 780 39 781 39 1879 1055 1910 1055 1878 1055 1898 1056 1865 1056 1866 1056 1880 1057 1911 1057 1879 1057 1899 1058 1866 1058 1867 1058 1881 1059 1912 1059 1880 1059 1900 1060 1867 1060 1868 1060 1914 1061 1881 1061 1882 1061 1901 1062 1868 1062 1869 1062 1915 1063 1882 1063 1883 1063 1902 1064 1869 1064 1870 1064 1857 1065 1888 1065 1856 1065 1916 1066 1883 1066 1884 1066 1871 1067 1902 1067 1870 1067 1890 1068 1857 1068 1858 1068 1917 1069 1884 1069 1885 1069 1872 1070 1903 1070 1871 1070 1859 1071 1890 1071 1858 1071 1886 1072 1917 1072 1885 1072 1905 1073 1872 1073 1873 1073 1860 1074 1891 1074 1859 1074 1919 1075 1886 1075 1887 1075 1906 1076 1873 1076 1874 1076 1893 1077 1860 1077 1861 1077 1888 1078 1887 1078 1856 1078 1907 1079 1874 1079 1875 1079 1894 1080 1861 1080 1862 1080 1908 1081 1875 1081 1876 1081 1863 1082 1894 1082 1862 1082 1909 1083 1876 1083 1877 1083 1896 1084 1863 1084 1864 1084 1878 1085 1909 1085 1877 1085 1897 1086 1864 1086 1865 1086 1897 1087 1921 1087 1896 1087 1921 1088 1895 1088 1896 1088 1926 1089 1903 1089 1904 1089 1889 1090 1923 1090 1888 1090 1923 1091 1919 1091 1888 1091 1905 1092 1926 1092 1904 1092 1914 1093 1931 1093 1913 1093 1930 1094 1910 1094 1911 1094 1921 1095 1929 1095 1932 1095 1956 1096 1987 1096 1988 1096 1942 1097 1975 1097 1943 1097 1957 1098 1988 1098 1989 1098 1943 1099 1976 1099 1944 1099 1958 1100 1989 1100 1990 1100 1944 1101 1977 1101 1945 1101 1958 1102 1991 1102 1959 1102 1945 1103 1978 1103 1946 1103 1959 1104 1992 1104 1960 1104 1946 1105 1979 1105 1947 1105 1934 1106 1965 1106 1966 1106 1960 1107 1993 1107 1961 1107 1948 1108 1979 1108 1980 1108 1934 1109 1967 1109 1935 1109 1961 1110 1994 1110 1962 1110 1949 1111 1980 1111 1981 1111 1936 1112 1967 1112 1968 1112 1963 1113 1994 1113 1995 1113 1949 1114 1982 1114 1950 1114 1937 1115 1968 1115 1969 1115 1963 1116 1996 1116 1964 1116 1950 1117 1983 1117 1951 1117 1937 1118 1970 1118 1938 1118 1964 1119 1965 1119 1933 1119 1951 1120 1984 1120 1952 1120 1939 1121 1970 1121 1971 1121 1952 1122 1985 1122 1953 1122 1940 1123 1971 1123 1972 1123 1953 1124 1986 1124 1954 1124 1940 1125 1973 1125 1941 1125 1955 1126 1986 1126 1987 1126 1941 1127 1974 1127 1942 1127 1974 1128 1998 1128 1999 1128 1972 1129 1998 1129 1973 1129 1980 1130 2003 1130 1981 1130 1966 1131 2000 1131 2001 1131 1996 1132 2000 1132 1965 1132 1982 1133 2003 1133 2004 1133 1991 1134 2008 1134 2009 1134 1987 1135 2007 1135 1988 1135 2009 1136 2006 1136 1998 1136 1871 1137 1947 1137 1948 1137 1928 1138 2009 1138 2005 1138 1898 1139 1974 1139 1897 1139 1871 1140 1949 1140 1872 1140 1925 1141 1999 1141 2002 1141 1898 1142 1976 1142 1975 1142 1872 1143 1950 1143 1873 1143 1924 1144 1997 1144 1920 1144 1900 1145 1976 1145 1899 1145 1874 1146 1950 1146 1951 1146 1900 1147 1978 1147 1977 1147 1874 1148 1952 1148 1875 1148 1901 1149 1979 1149 1978 1149 1876 1150 1952 1150 1953 1150 1903 1151 1979 1151 1902 1151 1876 1152 1954 1152 1877 1152 1897 1 1999 1 1922 1 1877 1153 1955 1153 1878 1153 1895 1154 1997 1154 1972 1154 1878 1155 1956 1155 1879 1155 1906 1156 1982 1156 1905 1156 1880 1157 1956 1157 1957 1157 1906 1158 1984 1158 1983 1158 1880 1159 1958 1159 1881 1159 1907 1160 1985 1160 1984 1160 1882 1161 1958 1161 1959 1161 1909 1162 1985 1162 1908 1162 1882 1163 1960 1163 1883 1163 1857 1164 1933 1164 1934 1164 1903 1165 2002 1165 1980 1165 1909 1166 1987 1166 1986 1166 1884 1167 1960 1167 1961 1167 1857 1168 1935 1168 1858 1168 1885 1169 1961 1169 1962 1169 1859 1170 1935 1170 1936 1170 1911 1171 1989 1171 1988 1171 1885 1172 1963 1172 1886 1172 1860 1173 1936 1173 1937 1173 1889 1174 2001 1174 1924 1174 1913 1175 1989 1175 1912 1175 1887 1176 1963 1176 1964 1176 1860 1177 1938 1177 1861 1177 1919 1178 2005 1178 1996 1178 1887 1179 1933 1179 1856 1179 1862 1180 1938 1180 1939 1180 1905 1181 2004 1181 1927 1181 1915 1182 1991 1182 1914 1182 1863 1183 1939 1183 1940 1183 1915 1184 1993 1184 1992 1184 1889 1185 1967 1185 1966 1185 1863 1186 1941 1186 1864 1186 1917 1187 1993 1187 1916 1187 1891 1188 1967 1188 1890 1188 1865 1189 1941 1189 1942 1189 1913 1190 2008 1190 1990 1190 1917 1191 1995 1191 1994 1191 1892 1192 1968 1192 1891 1192 1865 1193 1943 1193 1866 1193 1914 1194 2009 1194 1932 1194 1919 1195 1995 1195 1918 1195 1892 1196 1970 1196 1969 1196 1866 1197 1944 1197 1867 1197 1910 1198 2006 1198 1987 1198 1894 1199 1970 1199 1893 1199 1868 1200 1944 1200 1945 1200 1911 1201 2007 1201 1930 1201 1894 1202 1972 1202 1971 1202 1868 1203 1946 1203 1869 1203 1929 1204 2004 1204 2006 1204 1869 1205 1947 1205 1870 1205 1931 1206 2007 1206 2008 1206 385 39 367 39 366 39 382 1755 384 1755 366 1755 335 516 369 516 368 516 363 39 367 39 385 39 300 1756 304 1756 374 1756 373 1757 374 1757 367 1757 368 517 369 517 337 517 374 1759 368 1759 366 1759 378 39 385 39 761 39 725 1761 758 1761 384 1761 761 39 385 39 384 39 781 39 780 39 759 39 777 270 727 270 759 270 721 1977 720 1977 762 1977 781 39 760 39 755 39 768 1978 690 1978 686 1978 760 1979 768 1979 767 1979 762 1980 759 1980 727 1980 759 1982 762 1982 768 1982 761 39 781 39 773 39 725 278 777 278 780 278 761 39 758 39 780 39 1879 2441 1911 2441 1910 2441 1898 2442 1897 2442 1865 2442 1880 2443 1912 2443 1911 2443 1899 2444 1898 2444 1866 2444 1881 2445 1913 2445 1912 2445 1900 2446 1899 2446 1867 2446 1914 2447 1913 2447 1881 2447 1901 2448 1900 2448 1868 2448 1915 2449 1914 2449 1882 2449 1902 2450 1901 2450 1869 2450 1857 2451 1889 2451 1888 2451 1916 2452 1915 2452 1883 2452 1871 2453 1903 2453 1902 2453 1890 2454 1889 2454 1857 2454 1917 2455 1916 2455 1884 2455 1872 2456 1904 2456 1903 2456 1859 2457 1891 2457 1890 2457 1886 2458 1918 2458 1917 2458 1905 2459 1904 2459 1872 2459 1860 2460 1892 2460 1891 2460 1919 2461 1918 2461 1886 2461 1906 2462 1905 2462 1873 2462 1893 2463 1892 2463 1860 2463 1888 2464 1919 2464 1887 2464 1907 2465 1906 2465 1874 2465 1894 2466 1893 2466 1861 2466 1908 2467 1907 2467 1875 2467 1863 2468 1895 2468 1894 2468 1909 2469 1908 2469 1876 2469 1896 2470 1895 2470 1863 2470 1878 2471 1910 2471 1909 2471 1897 2472 1896 2472 1864 2472 1897 2473 1922 2473 1921 2473 1921 2474 1920 2474 1895 2474 1926 2475 1925 2475 1903 2475 1889 2476 1924 2476 1923 2476 1923 2477 1928 2477 1919 2477 1905 2478 1927 2478 1926 2478 1914 2479 1932 2479 1931 2479 1930 2480 1929 2480 1910 2480 1924 2481 1920 2481 1923 2481 1921 2482 1922 2482 1926 2482 1925 2483 1926 2483 1922 2483 1927 2484 1929 2484 1926 2484 1930 2485 1931 2485 1932 2485 1932 2486 1928 2486 1923 2486 1923 2487 1920 2487 1921 2487 1921 2488 1926 2488 1929 2488 1929 2489 1930 2489 1932 2489 1932 2490 1923 2490 1921 2490 1956 2491 1955 2491 1987 2491 1942 2492 1974 2492 1975 2492 1957 2493 1956 2493 1988 2493 1943 2494 1975 2494 1976 2494 1958 1106 1957 1106 1989 1106 1944 2495 1976 2495 1977 2495 1958 2496 1990 2496 1991 2496 1945 2497 1977 2497 1978 2497 1959 2498 1991 2498 1992 2498 1946 2499 1978 2499 1979 2499 1934 2500 1933 2500 1965 2500 1960 2501 1992 2501 1993 2501 1948 2502 1947 2502 1979 2502 1934 2503 1966 2503 1967 2503 1961 2504 1993 2504 1994 2504 1949 2505 1948 2505 1980 2505 1936 2506 1935 2506 1967 2506 1963 2507 1962 2507 1994 2507 1949 2508 1981 2508 1982 2508 1937 2509 1936 2509 1968 2509 1963 2510 1995 2510 1996 2510 1950 1108 1982 1108 1983 1108 1937 2511 1969 2511 1970 2511 1964 2512 1996 2512 1965 2512 1951 2513 1983 2513 1984 2513 1939 2514 1938 2514 1970 2514 1952 2515 1984 2515 1985 2515 1940 2516 1939 2516 1971 2516 1953 2517 1985 2517 1986 2517 1940 2518 1972 2518 1973 2518 1955 2519 1954 2519 1986 2519 1941 2520 1973 2520 1974 2520 1974 2521 1973 2521 1998 2521 1972 2522 1997 2522 1998 2522 1980 2523 2002 2523 2003 2523 1966 2524 1965 2524 2000 2524 1996 2525 2005 2525 2000 2525 1982 2526 1981 2526 2003 2526 1991 2527 1990 2527 2008 2527 1987 2528 2006 2528 2007 2528 1998 2529 1997 2529 2000 2529 2001 2530 2000 2530 1997 2530 2005 2531 2009 2531 2000 2531 2008 2532 2007 2532 2006 2532 2006 2533 2004 2533 2003 2533 2003 2534 2002 2534 1999 2534 1999 2535 1998 2535 2003 2535 2000 2536 2009 2536 1998 2536 2008 2537 2006 2537 2009 2537 2003 2538 1998 2538 2006 2538 1871 2539 1870 2539 1947 2539 1928 2540 1932 2540 2009 2540 1898 2541 1975 2541 1974 2541 1871 2542 1948 2542 1949 2542 1925 2543 1922 2543 1999 2543 1898 2544 1899 2544 1976 2544 1872 2545 1949 2545 1950 2545 1924 2546 2001 2546 1997 2546 1900 2547 1977 2547 1976 2547 1874 2548 1873 2548 1950 2548 1900 2549 1901 2549 1978 2549 1874 2550 1951 2550 1952 2550 1901 2551 1902 2551 1979 2551 1876 2552 1875 2552 1952 2552 1903 2553 1980 2553 1979 2553 1876 2554 1953 2554 1954 2554 1897 1 1974 1 1999 1 1877 2555 1954 2555 1955 2555 1895 2556 1920 2556 1997 2556 1878 2557 1955 2557 1956 2557 1906 2558 1983 2558 1982 2558 1880 2559 1879 2559 1956 2559 1906 2560 1907 2560 1984 2560 1880 2561 1957 2561 1958 2561 1907 2562 1908 2562 1985 2562 1882 2563 1881 2563 1958 2563 1909 2564 1986 2564 1985 2564 1882 2565 1959 2565 1960 2565 1857 2566 1856 2566 1933 2566 1903 2567 1925 2567 2002 2567 1909 2568 1910 2568 1987 2568 1884 2569 1883 2569 1960 2569 1857 2570 1934 2570 1935 2570 1885 2571 1884 2571 1961 2571 1859 2572 1858 2572 1935 2572 1911 2573 1912 2573 1989 2573 1885 2574 1962 2574 1963 2574 1860 2575 1859 2575 1936 2575 1889 2576 1966 2576 2001 2576 1913 2577 1990 2577 1989 2577 1887 2578 1886 2578 1963 2578 1860 2579 1937 2579 1938 2579 1919 1178 1928 1178 2005 1178 1887 2580 1964 2580 1933 2580 1862 2581 1861 2581 1938 2581 1905 1181 1982 1181 2004 1181 1915 2582 1992 2582 1991 2582 1863 2583 1862 2583 1939 2583 1915 2584 1916 2584 1993 2584 1889 2585 1890 2585 1967 2585 1863 2586 1940 2586 1941 2586 1917 2587 1994 2587 1993 2587 1891 2588 1968 2588 1967 2588 1865 2589 1864 2589 1941 2589 1913 2590 1931 2590 2008 2590 1917 2591 1918 2591 1995 2591 1892 2592 1969 2592 1968 2592 1865 2593 1942 2593 1943 2593 1914 2594 1991 2594 2009 2594 1919 2595 1996 2595 1995 2595 1892 2596 1893 2596 1970 2596 1866 2597 1943 2597 1944 2597 1910 2598 1929 2598 2006 2598 1894 2599 1971 2599 1970 2599 1868 2600 1867 2600 1944 2600 1911 2601 1988 2601 2007 2601 1894 2602 1895 2602 1972 2602 1868 2603 1945 2603 1946 2603 1929 2604 1927 2604 2004 2604 1869 2605 1946 2605 1947 2605 1931 2606 1930 2606 2007 2606</p>
        </triangles>
        <triangles material="Reifen-material" count="1536">
          <input semantic="VERTEX" source="#Plane-mesh-vertices" offset="0"/>
          <input semantic="NORMAL" source="#Plane-mesh-normals" offset="1"/>
          <p>824 538 809 538 822 538 810 1 823 1 808 1 828 1 805 1 826 1 824 539 805 539 807 539 810 540 819 540 821 540 828 541 801 541 803 541 812 542 817 542 819 542 800 36 801 36 831 36 814 1 815 1 817 1 802 1 831 1 800 1 818 1 815 1 816 1 802 1 827 1 829 1 820 543 813 543 818 543 804 1 825 1 827 1 822 544 811 544 820 544 806 545 823 545 825 545 821 546 843 546 823 546 807 547 836 547 809 547 825 548 843 548 844 548 809 549 837 549 811 549 827 550 844 550 845 550 811 551 838 551 813 551 827 552 846 552 829 552 813 553 839 553 815 553 829 554 847 554 831 554 815 555 840 555 817 555 801 556 847 556 831 556 817 557 841 557 819 557 801 558 833 558 803 558 819 559 842 559 821 559 805 560 835 560 807 560 803 561 834 561 805 561 822 562 860 562 824 562 808 563 853 563 810 563 826 564 862 564 828 564 824 565 861 565 826 565 810 566 854 566 812 566 828 567 863 567 830 567 812 568 855 568 814 568 800 569 863 569 830 569 816 570 855 570 856 570 800 571 849 571 802 571 816 572 857 572 818 572 804 573 849 573 850 573 818 574 858 574 820 574 806 575 850 575 851 575 820 576 859 576 822 576 808 577 851 577 852 577 848 578 1039 578 863 578 855 579 1032 579 856 579 848 580 1025 580 849 580 856 581 1033 581 857 581 849 582 1026 582 850 582 857 583 1034 583 858 583 850 584 1027 584 851 584 858 585 1035 585 859 585 851 586 1028 586 852 586 859 587 1036 587 860 587 852 588 1029 588 853 588 861 589 1038 589 862 589 860 590 1037 590 861 590 853 591 1030 591 854 591 862 592 1039 592 863 592 854 593 1031 593 855 593 846 1 879 1 847 1 840 1 871 1 872 1 832 36 879 36 847 36 841 594 872 594 873 594 832 595 865 595 833 595 842 596 873 596 874 596 835 1 866 1 867 1 833 1 866 1 834 1 843 1 874 1 875 1 836 1 867 1 868 1 843 597 876 597 844 597 836 598 869 598 837 598 844 599 877 599 845 599 838 1 869 1 870 1 845 600 878 600 846 600 839 1 870 1 871 1 878 601 1071 601 879 601 871 602 1064 602 872 602 864 603 1071 603 879 603 872 604 1065 604 873 604 864 605 1057 605 865 605 873 606 1066 606 874 606 866 607 1059 607 867 607 865 608 1058 608 866 608 874 609 1067 609 875 609 867 610 1060 610 868 610 875 611 1068 611 876 611 868 612 1061 612 869 612 876 613 1069 613 877 613 869 614 1062 614 870 614 877 615 1070 615 878 615 870 616 1063 616 871 616 969 678 984 678 982 678 983 679 970 679 968 679 965 36 988 36 986 36 967 680 986 680 984 680 970 36 979 36 972 36 988 36 961 36 990 36 972 36 977 36 974 36 960 538 961 538 990 538 974 36 975 36 976 36 991 36 962 36 960 36 975 36 978 36 976 36 962 36 987 36 964 36 973 36 980 36 978 36 964 681 985 681 966 681 971 36 982 36 980 36 966 682 983 682 968 682 1003 683 981 683 983 683 996 684 967 684 969 684 1004 685 983 685 985 685 997 549 969 549 971 549 1005 686 985 686 987 686 998 551 971 551 973 551 1006 552 987 552 989 552 999 687 973 687 975 687 1007 554 989 554 991 554 1000 555 975 555 977 555 1007 556 961 556 991 556 1001 557 977 557 979 557 993 558 961 558 963 558 1002 688 979 688 981 688 995 689 965 689 967 689 994 690 963 690 965 690 1020 691 982 691 984 691 1013 692 968 692 970 692 1022 693 986 693 988 693 1021 694 984 694 986 694 1014 695 970 695 972 695 1023 696 988 696 990 696 1015 697 972 697 974 697 1023 698 960 698 990 698 976 699 1015 699 974 699 1009 700 960 700 962 700 1017 701 976 701 978 701 964 702 1009 702 962 702 1018 703 978 703 980 703 966 704 1010 704 964 704 1019 705 980 705 982 705 968 706 1011 706 966 706 1039 578 1008 578 1023 578 1032 707 1015 707 1016 707 1025 708 1008 708 1009 708 1033 709 1016 709 1017 709 1026 710 1009 710 1010 710 1034 711 1017 711 1018 711 1027 712 1010 712 1011 712 1035 713 1018 713 1019 713 1028 714 1011 714 1012 714 1036 715 1019 715 1020 715 1029 716 1012 716 1013 716 1038 717 1021 717 1022 717 1037 718 1020 718 1021 718 1030 719 1013 719 1014 719 1039 720 1022 720 1023 720 1031 721 1014 721 1015 721 1055 36 1006 36 1007 36 1000 36 1047 36 999 36 1055 1 992 1 1007 1 1001 722 1048 722 1000 722 1041 723 992 723 993 723 1002 724 1049 724 1001 724 995 725 1042 725 994 725 1042 36 993 36 994 36 1003 726 1050 726 1002 726 996 36 1043 36 995 36 1052 727 1003 727 1004 727 1045 36 996 36 997 36 1053 36 1004 36 1005 36 998 728 1045 728 997 728 1054 36 1005 36 1006 36 999 729 1046 729 998 729 1071 601 1054 601 1055 601 1064 602 1047 602 1048 602 1071 603 1040 603 1055 603 1065 604 1048 604 1049 604 1057 605 1040 605 1041 605 1066 730 1049 730 1050 730 1059 607 1042 607 1043 607 1058 608 1041 608 1042 608 1067 609 1050 609 1051 609 1060 610 1043 610 1044 610 1068 611 1051 611 1052 611 1061 731 1044 731 1045 731 1069 732 1052 732 1053 732 1062 614 1045 614 1046 614 1070 615 1053 615 1054 615 1063 616 1046 616 1047 616 1176 1 1161 1 1174 1 1162 1 1175 1 1160 1 1180 1 1157 1 1178 1 1176 1 1157 1 1159 1 1162 1 1171 1 1173 1 1180 1 1153 1 1155 1 1164 1 1169 1 1171 1 1152 36 1153 36 1183 36 1166 1 1167 1 1169 1 1154 1 1183 1 1152 1 1170 1 1167 1 1168 1 1154 1 1179 1 1181 1 1172 1 1165 1 1170 1 1156 1 1177 1 1179 1 1174 1 1163 1 1172 1 1158 1 1175 1 1177 1 1173 683 1195 683 1175 683 1159 684 1188 684 1161 684 1177 778 1195 778 1196 778 1161 779 1189 779 1163 779 1179 686 1196 686 1197 686 1163 551 1190 551 1165 551 1179 552 1198 552 1181 552 1165 687 1191 687 1167 687 1181 780 1199 780 1183 780 1167 781 1192 781 1169 781 1153 556 1199 556 1183 556 1169 557 1193 557 1171 557 1153 558 1185 558 1155 558 1171 688 1194 688 1173 688 1157 782 1187 782 1159 782 1155 690 1186 690 1157 690 1174 783 1212 783 1176 783 1160 563 1205 563 1162 563 1178 784 1214 784 1180 784 1176 785 1213 785 1178 785 1162 786 1206 786 1164 786 1180 787 1215 787 1182 787 1164 788 1207 788 1166 788 1152 789 1215 789 1182 789 1168 570 1207 570 1208 570 1152 790 1201 790 1154 790 1168 791 1209 791 1170 791 1156 573 1201 573 1202 573 1170 792 1210 792 1172 792 1158 793 1202 793 1203 793 1172 794 1211 794 1174 794 1160 577 1203 577 1204 577 1200 795 1391 795 1215 795 1207 579 1384 579 1208 579 1200 580 1377 580 1201 580 1208 581 1385 581 1209 581 1201 710 1378 710 1202 710 1209 583 1386 583 1210 583 1202 584 1379 584 1203 584 1210 585 1387 585 1211 585 1203 714 1380 714 1204 714 1211 715 1388 715 1212 715 1204 716 1381 716 1205 716 1213 589 1390 589 1214 589 1212 718 1389 718 1213 718 1205 591 1382 591 1206 591 1214 720 1391 720 1215 720 1206 721 1383 721 1207 721 1198 1 1231 1 1199 1 1192 1 1223 1 1224 1 1184 36 1231 36 1199 36 1193 796 1224 796 1225 796 1184 595 1217 595 1185 595 1194 797 1225 797 1226 797 1187 798 1218 798 1219 798 1185 799 1218 799 1186 799 1195 800 1226 800 1227 800 1188 800 1219 800 1220 800 1195 801 1228 801 1196 801 1188 595 1221 595 1189 595 1196 802 1229 802 1197 802 1190 796 1221 796 1222 796 1197 803 1230 803 1198 803 1191 1 1222 1 1223 1 1230 601 1423 601 1231 601 1223 602 1416 602 1224 602 1216 603 1423 603 1231 603 1224 604 1417 604 1225 604 1216 605 1409 605 1217 605 1225 606 1418 606 1226 606 1218 804 1411 804 1219 804 1217 805 1410 805 1218 805 1226 806 1419 806 1227 806 1219 807 1412 807 1220 807 1227 808 1420 808 1228 808 1220 612 1413 612 1221 612 1228 613 1421 613 1229 613 1221 614 1414 614 1222 614 1229 615 1422 615 1230 615 1222 616 1415 616 1223 616 1321 36 1336 36 1334 36 1335 835 1322 835 1320 835 1317 36 1340 36 1338 36 1319 836 1338 836 1336 836 1322 36 1331 36 1324 36 1340 36 1313 36 1342 36 1324 36 1329 36 1326 36 1312 1 1313 1 1342 1 1326 36 1327 36 1328 36 1343 36 1314 36 1312 36 1327 36 1330 36 1328 36 1314 837 1339 837 1316 837 1325 36 1332 36 1330 36 1316 36 1337 36 1318 36 1323 36 1334 36 1332 36 1318 838 1335 838 1320 838 1355 546 1333 546 1335 546 1348 547 1319 547 1321 547 1356 839 1335 839 1337 839 1349 549 1321 549 1323 549 1357 686 1337 686 1339 686 1350 551 1323 551 1325 551 1358 552 1339 552 1341 552 1351 553 1325 553 1327 553 1359 554 1341 554 1343 554 1352 555 1327 555 1329 555 1359 556 1313 556 1343 556 1353 557 1329 557 1331 557 1345 558 1313 558 1315 558 1354 688 1331 688 1333 688 1347 840 1317 840 1319 840 1346 690 1315 690 1317 690 1372 841 1334 841 1336 841 1365 842 1320 842 1322 842 1374 843 1338 843 1340 843 1373 844 1336 844 1338 844 1366 695 1322 695 1324 695 1375 845 1340 845 1342 845 1367 846 1324 846 1326 846 1375 847 1312 847 1342 847 1328 848 1367 848 1326 848 1361 849 1312 849 1314 849 1369 850 1328 850 1330 850 1316 851 1361 851 1314 851 1370 852 1330 852 1332 852 1318 704 1362 704 1316 704 1371 853 1332 853 1334 853 1320 706 1363 706 1318 706 1391 578 1360 578 1375 578 1384 707 1367 707 1368 707 1377 708 1360 708 1361 708 1385 709 1368 709 1369 709 1378 710 1361 710 1362 710 1386 583 1369 583 1370 583 1379 712 1362 712 1363 712 1387 713 1370 713 1371 713 1380 586 1363 586 1364 586 1388 587 1371 587 1372 587 1381 588 1364 588 1365 588 1390 717 1373 717 1374 717 1389 854 1372 854 1373 854 1382 719 1365 719 1366 719 1391 720 1374 720 1375 720 1383 721 1366 721 1367 721 1407 36 1358 36 1359 36 1352 36 1399 36 1351 36 1407 1 1344 1 1359 1 1353 36 1400 36 1352 36 1393 723 1344 723 1345 723 1354 36 1401 36 1353 36 1347 36 1394 36 1346 36 1394 855 1345 855 1346 855 1355 36 1402 36 1354 36 1348 856 1395 856 1347 856 1404 36 1355 36 1356 36 1397 36 1348 36 1349 36 1405 36 1356 36 1357 36 1350 728 1397 728 1349 728 1406 36 1357 36 1358 36 1351 857 1398 857 1350 857 1423 601 1406 601 1407 601 1416 602 1399 602 1400 602 1423 858 1392 858 1407 858 1417 604 1400 604 1401 604 1409 605 1392 605 1393 605 1418 606 1401 606 1402 606 1411 607 1394 607 1395 607 1410 805 1393 805 1394 805 1419 609 1402 609 1403 609 1412 610 1395 610 1396 610 1420 611 1403 611 1404 611 1413 612 1396 612 1397 612 1421 613 1404 613 1405 613 1414 614 1397 614 1398 614 1422 615 1405 615 1406 615 1415 616 1398 616 1399 616 1528 885 1513 885 1526 885 1512 886 1525 886 1527 886 1532 1 1509 1 1530 1 1530 1 1511 1 1528 1 1514 1 1523 1 1525 1 1534 1 1507 1 1532 1 1516 887 1521 887 1523 887 1504 888 1505 888 1535 888 1518 889 1519 889 1521 889 1506 890 1535 890 1504 890 1522 891 1519 891 1520 891 1506 1 1531 1 1533 1 1524 892 1517 892 1522 892 1508 1 1529 1 1531 1 1526 1 1515 1 1524 1 1510 1 1527 1 1529 1 1525 893 1547 893 1527 893 1511 894 1540 894 1513 894 1529 895 1547 895 1548 895 1513 896 1541 896 1515 896 1531 897 1548 897 1549 897 1515 551 1542 551 1517 551 1531 898 1550 898 1533 898 1517 899 1543 899 1519 899 1533 900 1551 900 1535 900 1519 555 1544 555 1521 555 1505 781 1551 781 1535 781 1521 901 1545 901 1523 901 1505 902 1537 902 1507 902 1523 559 1546 559 1525 559 1509 903 1539 903 1511 903 1507 904 1538 904 1509 904 1526 905 1564 905 1528 905 1514 906 1556 906 1557 906 1532 907 1565 907 1566 907 1528 908 1565 908 1530 908 1514 909 1558 909 1516 909 1532 910 1567 910 1534 910 1516 911 1559 911 1518 911 1534 912 1552 912 1567 912 1518 913 1560 913 1520 913 1504 914 1553 914 1506 914 1520 915 1561 915 1522 915 1506 916 1554 916 1508 916 1524 917 1561 917 1562 917 1510 918 1554 918 1555 918 1526 919 1562 919 1563 919 1510 920 1556 920 1512 920 1552 578 1743 578 1567 578 1559 707 1736 707 1560 707 1552 708 1729 708 1553 708 1560 709 1737 709 1561 709 1553 710 1730 710 1554 710 1561 711 1738 711 1562 711 1554 712 1731 712 1555 712 1562 921 1739 921 1563 921 1555 922 1732 922 1556 922 1563 923 1740 923 1564 923 1556 924 1733 924 1557 924 1565 717 1742 717 1566 717 1564 925 1741 925 1565 925 1557 719 1734 719 1558 719 1566 720 1743 720 1567 720 1558 926 1735 926 1559 926 1551 1 1582 1 1583 1 1543 1 1576 1 1544 1 1551 36 1568 36 1583 36 1545 1 1576 1 1577 1 1537 1 1568 1 1569 1 1546 1 1577 1 1578 1 1539 1 1570 1 1571 1 1538 927 1569 927 1570 927 1547 928 1578 928 1579 928 1540 1 1571 1 1572 1 1547 929 1580 929 1548 929 1541 1 1572 1 1573 1 1548 1 1581 1 1549 1 1541 1 1574 1 1542 1 1550 1 1581 1 1582 1 1542 1 1575 1 1543 1 1582 601 1775 601 1583 601 1575 602 1768 602 1576 602 1568 603 1775 603 1583 603 1576 604 1769 604 1577 604 1568 605 1761 605 1569 605 1577 730 1770 730 1578 730 1570 607 1763 607 1571 607 1569 805 1762 805 1570 805 1578 609 1771 609 1579 609 1571 610 1764 610 1572 610 1579 808 1772 808 1580 808 1572 612 1765 612 1573 612 1580 613 1773 613 1581 613 1573 614 1766 614 1574 614 1581 615 1774 615 1582 615 1574 930 1767 930 1575 930 1673 977 1688 977 1686 977 1672 36 1685 36 1674 36 1669 36 1692 36 1690 36 1671 977 1690 977 1688 977 1674 36 1683 36 1676 36 1667 36 1694 36 1692 36 1676 978 1681 978 1678 978 1664 979 1665 979 1694 979 1678 980 1679 980 1680 980 1695 36 1666 36 1664 36 1679 36 1682 36 1680 36 1666 981 1691 981 1668 981 1677 36 1684 36 1682 36 1668 36 1689 36 1670 36 1675 982 1686 982 1684 982 1670 36 1687 36 1672 36 1707 893 1685 893 1687 893 1700 894 1671 894 1673 894 1708 983 1687 983 1689 983 1701 984 1673 984 1675 984 1709 985 1689 985 1691 985 1702 551 1675 551 1677 551 1710 552 1691 552 1693 552 1703 986 1677 986 1679 986 1711 554 1693 554 1695 554 1704 987 1679 987 1681 987 1711 781 1665 781 1695 781 1705 901 1681 901 1683 901 1697 902 1665 902 1667 902 1706 559 1683 559 1685 559 1699 988 1669 988 1671 988 1698 904 1667 904 1669 904 1724 989 1686 989 1688 989 1674 990 1716 990 1672 990 1692 991 1725 991 1690 991 1725 992 1688 992 1690 992 1718 993 1674 993 1676 993 1727 994 1692 994 1694 994 1719 995 1676 995 1678 995 1694 996 1712 996 1664 996 1720 997 1678 997 1680 997 1713 998 1664 998 1666 998 1721 999 1680 999 1682 999 1714 1000 1666 1000 1668 1000 1684 1001 1721 1001 1682 1001 1670 1002 1714 1002 1668 1002 1686 1003 1722 1003 1684 1003 1672 1004 1715 1004 1670 1004 1743 578 1712 578 1727 578 1736 707 1719 707 1720 707 1729 708 1712 708 1713 708 1737 709 1720 709 1721 709 1730 1005 1713 1005 1714 1005 1738 583 1721 583 1722 583 1731 584 1714 584 1715 584 1739 585 1722 585 1723 585 1732 1006 1715 1006 1716 1006 1740 1007 1723 1007 1724 1007 1733 1008 1716 1008 1717 1008 1742 717 1725 717 1726 717 1741 925 1724 925 1725 925 1734 591 1717 591 1718 591 1743 720 1726 720 1727 720 1735 721 1718 721 1719 721 1711 1009 1758 1009 1710 1009 1752 36 1703 36 1704 36 1711 1010 1744 1010 1696 1010 1705 1011 1752 1011 1704 1011 1697 1012 1744 1012 1696 1012 1706 1013 1753 1013 1705 1013 1699 1014 1746 1014 1698 1014 1698 1015 1745 1015 1697 1015 1707 36 1754 36 1706 36 1700 1016 1747 1016 1699 1016 1756 1017 1707 1017 1708 1017 1701 1018 1748 1018 1700 1018 1757 36 1708 36 1709 36 1750 36 1701 36 1702 36 1710 1019 1757 1019 1709 1019 1751 36 1702 36 1703 36 1775 1020 1758 1020 1759 1020 1768 602 1751 602 1752 602 1775 603 1744 603 1759 603 1769 604 1752 604 1753 604 1761 605 1744 605 1745 605 1770 606 1753 606 1754 606 1763 607 1746 607 1747 607 1762 805 1745 805 1746 805 1771 609 1754 609 1755 609 1764 610 1747 610 1748 610 1772 808 1755 808 1756 808 1765 612 1748 612 1749 612 1773 732 1756 732 1757 732 1766 614 1749 614 1750 614 1774 615 1757 615 1758 615 1767 616 1750 616 1751 616 2304 1 2289 1 2302 1 2288 1347 2301 1347 2303 1347 2308 1 2285 1 2306 1 2306 1 2287 1 2304 1 2290 1348 2299 1348 2301 1348 2310 1349 2283 1349 2308 1349 2292 1 2297 1 2299 1 2280 36 2281 36 2311 36 2294 1 2295 1 2297 1 2282 1350 2311 1350 2280 1350 2298 1351 2295 1351 2296 1351 2282 1 2307 1 2309 1 2300 1352 2293 1352 2298 1352 2284 1 2305 1 2307 1 2302 1353 2291 1353 2300 1353 2286 1354 2303 1354 2305 1354 2301 893 2323 893 2303 893 2287 894 2316 894 2289 894 2305 1355 2323 1355 2324 1355 2289 896 2317 896 2291 896 2307 686 2324 686 2325 686 2291 551 2318 551 2293 551 2307 552 2326 552 2309 552 2293 899 2319 899 2295 899 2309 554 2327 554 2311 554 2295 987 2320 987 2297 987 2281 1356 2327 1356 2311 1356 2297 557 2321 557 2299 557 2281 1357 2313 1357 2283 1357 2299 559 2322 559 2301 559 2285 903 2315 903 2287 903 2283 904 2314 904 2285 904 2302 1358 2340 1358 2304 1358 2290 1359 2332 1359 2333 1359 2308 1360 2341 1360 2342 1360 2304 908 2341 908 2306 908 2290 1361 2334 1361 2292 1361 2308 1362 2343 1362 2310 1362 2292 1363 2335 1363 2294 1363 2310 912 2328 912 2343 912 2294 1364 2336 1364 2296 1364 2280 1365 2329 1365 2282 1365 2296 1366 2337 1366 2298 1366 2282 1367 2330 1367 2284 1367 2300 917 2337 917 2338 917 2286 918 2330 918 2331 918 2302 1368 2338 1368 2339 1368 2286 920 2332 920 2288 920 2328 578 2519 578 2343 578 2335 707 2512 707 2336 707 2328 708 2505 708 2329 708 2336 709 2513 709 2337 709 2329 710 2506 710 2330 710 2337 711 2514 711 2338 711 2330 584 2507 584 2331 584 2338 921 2515 921 2339 921 2331 586 2508 586 2332 586 2339 1369 2516 1369 2340 1369 2332 588 2509 588 2333 588 2341 717 2518 717 2342 717 2340 925 2517 925 2341 925 2333 591 2510 591 2334 591 2342 720 2519 720 2343 720 2334 721 2511 721 2335 721 2327 1 2358 1 2359 1 2319 1370 2352 1370 2320 1370 2327 36 2344 36 2359 36 2321 1 2352 1 2353 1 2313 1 2344 1 2345 1 2322 1371 2353 1371 2354 1371 2315 1372 2346 1372 2347 1372 2314 927 2345 927 2346 927 2323 1 2354 1 2355 1 2316 1 2347 1 2348 1 2323 1373 2356 1373 2324 1373 2317 1 2348 1 2349 1 2324 1374 2357 1374 2325 1374 2317 1375 2350 1375 2318 1375 2326 1 2357 1 2358 1 2318 1 2351 1 2319 1 2358 601 2551 601 2359 601 2351 1376 2544 1376 2352 1376 2344 603 2551 603 2359 603 2352 604 2545 604 2353 604 2344 605 2537 605 2345 605 2353 606 2546 606 2354 606 2346 804 2539 804 2347 804 2345 805 2538 805 2346 805 2354 609 2547 609 2355 609 2347 807 2540 807 2348 807 2355 808 2548 808 2356 808 2348 612 2541 612 2349 612 2356 613 2549 613 2357 613 2349 614 2542 614 2350 614 2357 615 2550 615 2358 615 2350 616 2543 616 2351 616 2449 36 2464 36 2462 36 2448 36 2461 36 2450 36 2445 1406 2468 1406 2466 1406 2447 982 2466 982 2464 982 2450 1407 2459 1407 2452 1407 2443 36 2470 36 2468 36 2452 1408 2457 1408 2454 1408 2440 1409 2441 1409 2470 1409 2454 1410 2455 1410 2456 1410 2471 36 2442 36 2440 36 2455 1411 2458 1411 2456 1411 2442 36 2467 36 2444 36 2453 1406 2460 1406 2458 1406 2444 36 2465 36 2446 36 2451 36 2462 36 2460 36 2446 36 2463 36 2448 36 2483 893 2461 893 2463 893 2476 894 2447 894 2449 894 2484 983 2463 983 2465 983 2477 896 2449 896 2451 896 2485 897 2465 897 2467 897 2478 551 2451 551 2453 551 2486 898 2467 898 2469 898 2479 899 2453 899 2455 899 2487 900 2469 900 2471 900 2480 555 2455 555 2457 555 2487 1356 2441 1356 2471 1356 2481 901 2457 901 2459 901 2473 1357 2441 1357 2443 1357 2482 559 2459 559 2461 559 2475 1412 2445 1412 2447 1412 2474 904 2443 904 2445 904 2500 1413 2462 1413 2464 1413 2450 1414 2492 1414 2448 1414 2468 1415 2501 1415 2466 1415 2501 1416 2464 1416 2466 1416 2494 993 2450 993 2452 993 2503 994 2468 994 2470 994 2495 1417 2452 1417 2454 1417 2470 1418 2488 1418 2440 1418 2496 1419 2454 1419 2456 1419 2489 998 2440 998 2442 998 2497 999 2456 999 2458 999 2490 1420 2442 1420 2444 1420 2460 1421 2497 1421 2458 1421 2446 1422 2490 1422 2444 1422 2462 1423 2498 1423 2460 1423 2448 1004 2491 1004 2446 1004 2519 795 2488 795 2503 795 2512 707 2495 707 2496 707 2505 708 2488 708 2489 708 2513 709 2496 709 2497 709 2506 1005 2489 1005 2490 1005 2514 583 2497 583 2498 583 2507 584 2490 584 2491 584 2515 585 2498 585 2499 585 2508 922 2491 922 2492 922 2516 1007 2499 1007 2500 1007 2509 924 2492 924 2493 924 2518 717 2501 717 2502 717 2517 1424 2500 1424 2501 1424 2510 591 2493 591 2494 591 2519 720 2502 720 2503 720 2511 721 2494 721 2495 721 2487 1425 2534 1425 2486 1425 2528 36 2479 36 2480 36 2487 1426 2520 1426 2472 1426 2481 1427 2528 1427 2480 1427 2473 1428 2520 1428 2472 1428 2482 1429 2529 1429 2481 1429 2475 1430 2522 1430 2474 1430 2474 1015 2521 1015 2473 1015 2483 1431 2530 1431 2482 1431 2476 36 2523 36 2475 36 2532 36 2483 36 2484 36 2477 1432 2524 1432 2476 1432 2533 36 2484 36 2485 36 2526 36 2477 36 2478 36 2486 1433 2533 1433 2485 1433 2527 36 2478 36 2479 36 2551 601 2534 601 2535 601 2544 602 2527 602 2528 602 2551 603 2520 603 2535 603 2545 1434 2528 1434 2529 1434 2537 605 2520 605 2521 605 2546 730 2529 730 2530 730 2539 607 2522 607 2523 607 2538 805 2521 805 2522 805 2547 806 2530 806 2531 806 2540 610 2523 610 2524 610 2548 808 2531 808 2532 808 2541 731 2524 731 2525 731 2549 613 2532 613 2533 613 2542 614 2525 614 2526 614 2550 615 2533 615 2534 615 2543 616 2526 616 2527 616 824 1991 807 1991 809 1991 810 1991 821 1991 823 1991 828 1 803 1 805 1 824 1 826 1 805 1 810 544 812 544 819 544 828 538 830 538 801 538 812 543 814 543 817 543 800 36 830 36 801 36 814 1 816 1 815 1 802 1 829 1 831 1 818 1 813 1 815 1 802 1 804 1 827 1 820 540 811 540 813 540 804 1 806 1 825 1 822 1 809 1 811 1 806 1 808 1 823 1 821 1992 842 1992 843 1992 807 1993 835 1993 836 1993 825 1994 823 1994 843 1994 809 1995 836 1995 837 1995 827 1996 825 1996 844 1996 811 1997 837 1997 838 1997 827 1998 845 1998 846 1998 813 687 838 687 839 687 829 1999 846 1999 847 1999 815 2000 839 2000 840 2000 801 2001 832 2001 847 2001 817 2002 840 2002 841 2002 801 2003 832 2003 833 2003 819 2004 841 2004 842 2004 805 2005 834 2005 835 2005 803 2006 833 2006 834 2006 822 2007 859 2007 860 2007 808 2008 852 2008 853 2008 826 2009 861 2009 862 2009 824 2010 860 2010 861 2010 810 2011 853 2011 854 2011 828 2012 862 2012 863 2012 812 2013 854 2013 855 2013 800 2014 848 2014 863 2014 816 2015 814 2015 855 2015 800 2016 848 2016 849 2016 816 2017 856 2017 857 2017 804 2018 802 2018 849 2018 818 2019 857 2019 858 2019 806 2020 804 2020 850 2020 820 2021 858 2021 859 2021 808 2022 806 2022 851 2022 848 2023 1024 2023 1039 2023 855 579 1031 579 1032 579 848 580 1024 580 1025 580 856 2024 1032 2024 1033 2024 849 2025 1025 2025 1026 2025 857 2026 1033 2026 1034 2026 850 2027 1026 2027 1027 2027 858 2028 1034 2028 1035 2028 851 586 1027 586 1028 586 859 2029 1035 2029 1036 2029 852 2030 1028 2030 1029 2030 861 2031 1037 2031 1038 2031 860 2032 1036 2032 1037 2032 853 2033 1029 2033 1030 2033 862 2034 1038 2034 1039 2034 854 926 1030 926 1031 926 846 1 878 1 879 1 840 1 839 1 871 1 832 36 864 36 879 36 841 2035 840 2035 872 2035 832 1 864 1 865 1 842 2036 841 2036 873 2036 835 2037 834 2037 866 2037 833 1 865 1 866 1 843 2038 842 2038 874 2038 836 2039 835 2039 867 2039 843 1 875 1 876 1 836 2040 868 2040 869 2040 844 797 876 797 877 797 838 598 837 598 869 598 845 796 877 796 878 796 839 2041 838 2041 870 2041 878 2042 1070 2042 1071 2042 871 2043 1063 2043 1064 2043 864 2044 1056 2044 1071 2044 872 721 1064 721 1065 721 864 605 1056 605 1057 605 873 2045 1065 2045 1066 2045 866 2046 1058 2046 1059 2046 865 2047 1057 2047 1058 2047 874 806 1066 806 1067 806 867 2048 1059 2048 1060 2048 875 2049 1067 2049 1068 2049 868 2050 1060 2050 1061 2050 876 2051 1068 2051 1069 2051 869 711 1061 711 1062 711 877 615 1069 615 1070 615 870 2052 1062 2052 1063 2052 969 36 967 36 984 36 983 36 981 36 970 36 965 36 963 36 988 36 967 36 965 36 986 36 970 36 981 36 979 36 988 36 963 36 961 36 972 36 979 36 977 36 960 1 991 1 961 1 974 2100 977 2100 975 2100 991 2101 989 2101 962 2101 975 2102 973 2102 978 2102 962 36 989 36 987 36 973 36 971 36 980 36 964 2103 987 2103 985 2103 971 36 969 36 982 36 966 36 985 36 983 36 1003 2104 1002 2104 981 2104 996 547 995 547 967 547 1004 2105 1003 2105 983 2105 997 2106 996 2106 969 2106 1005 897 1004 897 985 897 998 1997 997 1997 971 1997 1006 1998 1005 1998 987 1998 999 553 998 553 973 553 1007 1999 1006 1999 989 1999 1000 2000 999 2000 975 2000 1007 2107 992 2107 961 2107 1001 2002 1000 2002 977 2002 993 2108 992 2108 961 2108 1002 559 1001 559 979 559 995 2109 994 2109 965 2109 994 2110 993 2110 963 2110 1020 2111 1019 2111 982 2111 1013 2112 1012 2112 968 2112 1022 2113 1021 2113 986 2113 1021 2114 1020 2114 984 2114 1014 2115 1013 2115 970 2115 1023 2116 1022 2116 988 2116 1015 2117 1014 2117 972 2117 1023 2118 1008 2118 960 2118 976 2119 1016 2119 1015 2119 1009 2120 1008 2120 960 2120 1017 2121 1016 2121 976 2121 964 2122 1010 2122 1009 2122 1018 2123 1017 2123 978 2123 966 2124 1011 2124 1010 2124 1019 2125 1018 2125 980 2125 968 2126 1012 2126 1011 2126 1039 2127 1024 2127 1008 2127 1032 2128 1031 2128 1015 2128 1025 2129 1024 2129 1008 2129 1033 2130 1032 2130 1016 2130 1026 2131 1025 2131 1009 2131 1034 2132 1033 2132 1017 2132 1027 2133 1026 2133 1010 2133 1035 2134 1034 2134 1018 2134 1028 586 1027 586 1011 586 1036 2029 1035 2029 1019 2029 1029 2030 1028 2030 1012 2030 1038 2135 1037 2135 1021 2135 1037 2136 1036 2136 1020 2136 1030 2137 1029 2137 1013 2137 1039 2138 1038 2138 1022 2138 1031 721 1030 721 1014 721 1055 2139 1054 2139 1006 2139 1000 36 1048 36 1047 36 1055 2140 1040 2140 992 2140 1001 36 1049 36 1048 36 1041 2141 1040 2141 992 2141 1002 2142 1050 2142 1049 2142 995 2143 1043 2143 1042 2143 1042 2144 1041 2144 993 2144 1003 2144 1051 2144 1050 2144 996 2144 1044 2144 1043 2144 1052 2143 1051 2143 1003 2143 1045 2145 1044 2145 996 2145 1053 2146 1052 2146 1004 2146 998 36 1046 36 1045 36 1054 2147 1053 2147 1005 2147 999 36 1047 36 1046 36 1071 2148 1070 2148 1054 2148 1064 2149 1063 2149 1047 2149 1071 2150 1056 2150 1040 2150 1065 721 1064 721 1048 721 1057 605 1056 605 1040 605 1066 2045 1065 2045 1049 2045 1059 2151 1058 2151 1042 2151 1058 2047 1057 2047 1041 2047 1067 609 1066 609 1050 609 1060 2152 1059 2152 1043 2152 1068 2153 1067 2153 1051 2153 1061 2050 1060 2050 1044 2050 1069 2051 1068 2051 1052 2051 1062 711 1061 711 1045 711 1070 615 1069 615 1053 615 1063 2154 1062 2154 1046 2154 1176 1 1159 1 1161 1 1162 1 1173 1 1175 1 1180 1 1155 1 1157 1 1176 1 1178 1 1157 1 1162 1 1164 1 1171 1 1180 1 1182 1 1153 1 1164 1 1166 1 1169 1 1152 2195 1182 2195 1153 2195 1166 1 1168 1 1167 1 1154 1 1181 1 1183 1 1170 1 1165 1 1167 1 1154 1 1156 1 1179 1 1172 1 1163 1 1165 1 1156 1 1158 1 1177 1 1174 545 1161 545 1163 545 1158 1 1160 1 1175 1 1173 2104 1194 2104 1195 2104 1159 2196 1187 2196 1188 2196 1177 2197 1175 2197 1195 2197 1161 1995 1188 1995 1189 1995 1179 2198 1177 2198 1196 2198 1163 1997 1189 1997 1190 1997 1179 1998 1197 1998 1198 1998 1165 553 1190 553 1191 553 1181 1999 1198 1999 1199 1999 1167 2000 1191 2000 1192 2000 1153 2107 1184 2107 1199 2107 1169 2002 1192 2002 1193 2002 1153 2003 1184 2003 1185 2003 1171 688 1193 688 1194 688 1157 2109 1186 2109 1187 2109 1155 2199 1185 2199 1186 2199 1174 2200 1211 2200 1212 2200 1160 2008 1204 2008 1205 2008 1178 2201 1213 2201 1214 2201 1176 2010 1212 2010 1213 2010 1162 2202 1205 2202 1206 2202 1180 2012 1214 2012 1215 2012 1164 2013 1206 2013 1207 2013 1152 2203 1200 2203 1215 2203 1168 2204 1166 2204 1207 2204 1152 2016 1200 2016 1201 2016 1168 2205 1208 2205 1209 2205 1156 2206 1154 2206 1201 2206 1170 2019 1209 2019 1210 2019 1158 2207 1156 2207 1202 2207 1172 2208 1210 2208 1211 2208 1160 2022 1158 2022 1203 2022 1200 2127 1376 2127 1391 2127 1207 579 1383 579 1384 579 1200 580 1376 580 1377 580 1208 2024 1384 2024 1385 2024 1201 2131 1377 2131 1378 2131 1209 2026 1385 2026 1386 2026 1202 2027 1378 2027 1379 2027 1210 2028 1386 2028 1387 2028 1203 714 1379 714 1380 714 1211 2209 1387 2209 1388 2209 1204 2210 1380 2210 1381 2210 1213 2031 1389 2031 1390 2031 1212 2032 1388 2032 1389 2032 1205 2033 1381 2033 1382 2033 1214 2138 1390 2138 1391 2138 1206 721 1382 721 1383 721 1198 1 1230 1 1231 1 1192 1 1191 1 1223 1 1184 36 1216 36 1231 36 1193 2211 1192 2211 1224 2211 1184 594 1216 594 1217 594 1194 2212 1193 2212 1225 2212 1187 2213 1186 2213 1218 2213 1185 1 1217 1 1218 1 1195 2214 1194 2214 1226 2214 1188 1 1187 1 1219 1 1195 798 1227 798 1228 798 1188 2215 1220 2215 1221 2215 1196 596 1228 596 1229 596 1190 598 1189 598 1221 598 1197 594 1229 594 1230 594 1191 2216 1190 2216 1222 2216 1230 2042 1422 2042 1423 2042 1223 2043 1415 2043 1416 2043 1216 2044 1408 2044 1423 2044 1224 721 1416 721 1417 721 1216 605 1408 605 1409 605 1225 2045 1417 2045 1418 2045 1218 2151 1410 2151 1411 2151 1217 2217 1409 2217 1410 2217 1226 609 1418 609 1419 609 1219 2152 1411 2152 1412 2152 1227 2153 1419 2153 1420 2153 1220 2050 1412 2050 1413 2050 1228 2051 1420 2051 1421 2051 1221 711 1413 711 1414 711 1229 615 1421 615 1422 615 1222 2052 1414 2052 1415 2052 1321 2233 1319 2233 1336 2233 1335 36 1333 36 1322 36 1317 36 1315 36 1340 36 1319 36 1317 36 1338 36 1322 2100 1333 2100 1331 2100 1340 2234 1315 2234 1313 2234 1324 2235 1331 2235 1329 2235 1312 1 1343 1 1313 1 1326 2102 1329 2102 1327 2102 1343 2236 1341 2236 1314 2236 1327 2100 1325 2100 1330 2100 1314 36 1341 36 1339 36 1325 2102 1323 2102 1332 2102 1316 2237 1339 2237 1337 2237 1323 36 1321 36 1334 36 1318 2238 1337 2238 1335 2238 1355 1992 1354 1992 1333 1992 1348 684 1347 684 1319 684 1356 2239 1355 2239 1335 2239 1349 1995 1348 1995 1321 1995 1357 897 1356 897 1337 897 1350 1997 1349 1997 1323 1997 1358 1998 1357 1998 1339 1998 1351 687 1350 687 1325 687 1359 1999 1358 1999 1341 1999 1352 2000 1351 2000 1327 2000 1359 2107 1344 2107 1313 2107 1353 2002 1352 2002 1329 2002 1345 2108 1344 2108 1313 2108 1354 559 1353 559 1331 559 1347 2005 1346 2005 1317 2005 1346 2110 1345 2110 1315 2110 1372 2240 1371 2240 1334 2240 1365 2241 1364 2241 1320 2241 1374 2242 1373 2242 1338 2242 1373 2243 1372 2243 1336 2243 1366 2115 1365 2115 1322 2115 1375 2244 1374 2244 1340 2244 1367 2245 1366 2245 1324 2245 1375 2118 1360 2118 1312 2118 1328 2119 1368 2119 1367 2119 1361 2120 1360 2120 1312 2120 1369 2121 1368 2121 1328 2121 1316 2246 1362 2246 1361 2246 1370 2247 1369 2247 1330 2247 1318 2248 1363 2248 1362 2248 1371 2125 1370 2125 1332 2125 1320 2249 1364 2249 1363 2249 1391 2023 1376 2023 1360 2023 1384 2128 1383 2128 1367 2128 1377 2129 1376 2129 1360 2129 1385 2130 1384 2130 1368 2130 1378 2025 1377 2025 1361 2025 1386 2026 1385 2026 1369 2026 1379 2133 1378 2133 1362 2133 1387 2134 1386 2134 1370 2134 1380 586 1379 586 1363 586 1388 2029 1387 2029 1371 2029 1381 2030 1380 2030 1364 2030 1390 2135 1389 2135 1373 2135 1389 2032 1388 2032 1372 2032 1382 2137 1381 2137 1365 2137 1391 2034 1390 2034 1374 2034 1383 926 1382 926 1366 926 1407 36 1406 36 1358 36 1352 36 1400 36 1399 36 1407 1 1392 1 1344 1 1353 36 1401 36 1400 36 1393 36 1392 36 1344 36 1354 36 1402 36 1401 36 1347 2144 1395 2144 1394 2144 1394 2143 1393 2143 1345 2143 1355 2143 1403 2143 1402 2143 1348 36 1396 36 1395 36 1404 2250 1403 2250 1355 2250 1397 2143 1396 2143 1348 2143 1405 2251 1404 2251 1356 2251 1350 2252 1398 2252 1397 2252 1406 2253 1405 2253 1357 2253 1351 36 1399 36 1398 36 1423 2148 1422 2148 1406 2148 1416 2149 1415 2149 1399 2149 1423 2150 1408 2150 1392 2150 1417 721 1416 721 1400 721 1409 605 1408 605 1392 605 1418 2045 1417 2045 1401 2045 1411 2046 1410 2046 1394 2046 1410 2047 1409 2047 1393 2047 1419 806 1418 806 1402 806 1412 2048 1411 2048 1395 2048 1420 2049 1419 2049 1403 2049 1413 2050 1412 2050 1396 2050 1421 2051 1420 2051 1404 2051 1414 711 1413 711 1397 711 1422 615 1421 615 1405 615 1415 2154 1414 2154 1398 2154 1528 1 1511 1 1513 1 1512 1 1514 1 1525 1 1532 545 1507 545 1509 545 1530 2278 1509 2278 1511 2278 1514 1 1516 1 1523 1 1534 1 1505 1 1507 1 1516 2279 1518 2279 1521 2279 1504 2280 1534 2280 1505 2280 1518 2281 1520 2281 1519 2281 1506 1 1533 1 1535 1 1522 1 1517 1 1519 1 1506 1 1508 1 1531 1 1524 1 1515 1 1517 1 1508 2282 1510 2282 1529 2282 1526 2283 1513 2283 1515 2283 1510 1 1512 1 1527 1 1525 2284 1546 2284 1547 2284 1511 2285 1539 2285 1540 2285 1529 2286 1527 2286 1547 2286 1513 2287 1540 2287 1541 2287 1531 2288 1529 2288 1548 2288 1515 1997 1541 1997 1542 1997 1531 2289 1549 2289 1550 2289 1517 986 1542 986 1543 986 1533 2290 1550 2290 1551 2290 1519 2291 1543 2291 1544 2291 1505 2001 1536 2001 1551 2001 1521 2002 1544 2002 1545 2002 1505 2292 1536 2292 1537 2292 1523 688 1545 688 1546 688 1509 2293 1538 2293 1539 2293 1507 2199 1537 2199 1538 2199 1526 2294 1563 2294 1564 2294 1514 2295 1512 2295 1556 2295 1532 2296 1530 2296 1565 2296 1528 2297 1564 2297 1565 2297 1514 2298 1557 2298 1558 2298 1532 2299 1566 2299 1567 2299 1516 2300 1558 2300 1559 2300 1534 2301 1504 2301 1552 2301 1518 2302 1559 2302 1560 2302 1504 2303 1552 2303 1553 2303 1520 2304 1560 2304 1561 2304 1506 2305 1553 2305 1554 2305 1524 2306 1522 2306 1561 2306 1510 2307 1508 2307 1554 2307 1526 2308 1524 2308 1562 2308 1510 2309 1555 2309 1556 2309 1552 2023 1728 2023 1743 2023 1559 579 1735 579 1736 579 1552 580 1728 580 1729 580 1560 2130 1736 2130 1737 2130 1553 2025 1729 2025 1730 2025 1561 2026 1737 2026 1738 2026 1554 2133 1730 2133 1731 2133 1562 2134 1738 2134 1739 2134 1555 922 1731 922 1732 922 1563 2310 1739 2310 1740 2310 1556 2311 1732 2311 1733 2311 1565 2031 1741 2031 1742 2031 1564 2312 1740 2312 1741 2312 1557 2137 1733 2137 1734 2137 1566 2034 1742 2034 1743 2034 1558 926 1734 926 1735 926 1551 2313 1550 2313 1582 2313 1543 1 1575 1 1576 1 1551 36 1536 36 1568 36 1545 1 1544 1 1576 1 1537 1 1536 1 1568 1 1546 1 1545 1 1577 1 1539 1 1538 1 1570 1 1538 2314 1537 2314 1569 2314 1547 2315 1546 2315 1578 2315 1540 1 1539 1 1571 1 1547 1 1579 1 1580 1 1541 2316 1540 2316 1572 2316 1548 1 1580 1 1581 1 1541 1 1573 1 1574 1 1550 2317 1549 2317 1581 2317 1542 1 1574 1 1575 1 1582 2042 1774 2042 1775 2042 1575 2149 1767 2149 1768 2149 1568 2044 1760 2044 1775 2044 1576 721 1768 721 1769 721 1568 605 1760 605 1761 605 1577 2045 1769 2045 1770 2045 1570 2151 1762 2151 1763 2151 1569 2047 1761 2047 1762 2047 1578 609 1770 609 1771 609 1571 2048 1763 2048 1764 2048 1579 2153 1771 2153 1772 2153 1572 2050 1764 2050 1765 2050 1580 2051 1772 2051 1773 2051 1573 711 1765 711 1766 711 1581 615 1773 615 1774 615 1574 2052 1766 2052 1767 2052 1673 2367 1671 2367 1688 2367 1672 2368 1687 2368 1685 2368 1669 36 1667 36 1692 36 1671 36 1669 36 1690 36 1674 2369 1685 2369 1683 2369 1667 2370 1665 2370 1694 2370 1676 2371 1683 2371 1681 2371 1664 1 1695 1 1665 1 1678 36 1681 36 1679 36 1695 36 1693 36 1666 36 1679 36 1677 36 1682 36 1666 36 1693 36 1691 36 1677 36 1675 36 1684 36 1668 2372 1691 2372 1689 2372 1675 2373 1673 2373 1686 2373 1670 2374 1689 2374 1687 2374 1707 2284 1706 2284 1685 2284 1700 2375 1699 2375 1671 2375 1708 2376 1707 2376 1687 2376 1701 2377 1700 2377 1673 2377 1709 686 1708 686 1689 686 1702 1997 1701 1997 1675 1997 1710 1998 1709 1998 1691 1998 1703 899 1702 899 1677 899 1711 2290 1710 2290 1693 2290 1704 2000 1703 2000 1679 2000 1711 2001 1696 2001 1665 2001 1705 2002 1704 2002 1681 2002 1697 2292 1696 2292 1665 2292 1706 688 1705 688 1683 688 1699 2293 1698 2293 1669 2293 1698 2199 1697 2199 1667 2199 1724 2378 1723 2378 1686 2378 1674 2379 1717 2379 1716 2379 1692 2380 1726 2380 1725 2380 1725 2381 1724 2381 1688 2381 1718 2382 1717 2382 1674 2382 1727 2383 1726 2383 1692 2383 1719 2384 1718 2384 1676 2384 1694 2385 1727 2385 1712 2385 1720 2386 1719 2386 1678 2386 1713 2387 1712 2387 1664 2387 1721 2388 1720 2388 1680 2388 1714 2389 1713 2389 1666 2389 1684 2390 1722 2390 1721 2390 1670 2391 1715 2391 1714 2391 1686 2392 1723 2392 1722 2392 1672 2393 1716 2393 1715 2393 1743 2127 1728 2127 1712 2127 1736 707 1735 707 1719 707 1729 580 1728 580 1712 580 1737 2024 1736 2024 1720 2024 1730 2025 1729 2025 1713 2025 1738 2026 1737 2026 1721 2026 1731 2027 1730 2027 1714 2027 1739 2134 1738 2134 1722 2134 1732 1006 1731 1006 1715 1006 1740 2310 1739 2310 1723 2310 1733 2394 1732 2394 1716 2394 1742 2395 1741 2395 1725 2395 1741 2396 1740 2396 1724 2396 1734 2033 1733 2033 1717 2033 1743 2138 1742 2138 1726 2138 1735 926 1734 926 1718 926 1711 36 1759 36 1758 36 1752 36 1751 36 1703 36 1711 1 1759 1 1744 1 1705 36 1753 36 1752 36 1697 2397 1745 2397 1744 2397 1706 2398 1754 2398 1753 2398 1699 2399 1747 2399 1746 2399 1698 36 1746 36 1745 36 1707 36 1755 36 1754 36 1700 36 1748 36 1747 36 1756 2400 1755 2400 1707 2400 1701 36 1749 36 1748 36 1757 2401 1756 2401 1708 2401 1750 2402 1749 2402 1701 2402 1710 36 1758 36 1757 36 1751 2403 1750 2403 1702 2403 1775 2042 1774 2042 1758 2042 1768 2043 1767 2043 1751 2043 1775 2150 1760 2150 1744 2150 1769 721 1768 721 1752 721 1761 605 1760 605 1744 605 1770 2045 1769 2045 1753 2045 1763 2046 1762 2046 1746 2046 1762 2217 1761 2217 1745 2217 1771 806 1770 806 1754 806 1764 2152 1763 2152 1747 2152 1772 2153 1771 2153 1755 2153 1765 2404 1764 2404 1748 2404 1773 2051 1772 2051 1756 2051 1766 711 1765 711 1749 711 1774 615 1773 615 1757 615 1767 2052 1766 2052 1750 2052 2304 2961 2287 2961 2289 2961 2288 1 2290 1 2301 1 2308 1 2283 1 2285 1 2306 2283 2285 2283 2287 2283 2290 2962 2292 2962 2299 2962 2310 1 2281 1 2283 1 2292 1 2294 1 2297 1 2280 36 2310 36 2281 36 2294 2963 2296 2963 2295 2963 2282 1 2309 1 2311 1 2298 1 2293 1 2295 1 2282 1 2284 1 2307 1 2300 889 2291 889 2293 889 2284 1 2286 1 2305 1 2302 2964 2289 2964 2291 2964 2286 1 2288 1 2303 1 2301 2284 2322 2284 2323 2284 2287 2285 2315 2285 2316 2285 2305 2286 2303 2286 2323 2286 2289 2377 2316 2377 2317 2377 2307 2288 2305 2288 2324 2288 2291 1997 2317 1997 2318 1997 2307 1998 2325 1998 2326 1998 2293 986 2318 986 2319 986 2309 2290 2326 2290 2327 2290 2295 2000 2319 2000 2320 2000 2281 2965 2312 2965 2327 2965 2297 2002 2320 2002 2321 2002 2281 2292 2312 2292 2313 2292 2299 688 2321 688 2322 688 2285 2293 2314 2293 2315 2293 2283 2199 2313 2199 2314 2199 2302 2966 2339 2966 2340 2966 2290 2967 2288 2967 2332 2967 2308 2968 2306 2968 2341 2968 2304 2297 2340 2297 2341 2297 2290 2298 2333 2298 2334 2298 2308 2969 2342 2969 2343 2969 2292 2970 2334 2970 2335 2970 2310 2971 2280 2971 2328 2971 2294 2972 2335 2972 2336 2972 2280 2303 2328 2303 2329 2303 2296 2304 2336 2304 2337 2304 2282 2305 2329 2305 2330 2305 2300 2973 2298 2973 2337 2973 2286 2974 2284 2974 2330 2974 2302 2975 2300 2975 2338 2975 2286 2309 2331 2309 2332 2309 2328 2127 2504 2127 2519 2127 2335 579 2511 579 2512 579 2328 580 2504 580 2505 580 2336 2024 2512 2024 2513 2024 2329 2025 2505 2025 2506 2025 2337 2026 2513 2026 2514 2026 2330 2027 2506 2027 2507 2027 2338 2134 2514 2134 2515 2134 2331 1006 2507 1006 2508 1006 2339 2310 2515 2310 2516 2310 2332 2394 2508 2394 2509 2394 2341 2395 2517 2395 2518 2395 2340 2396 2516 2396 2517 2396 2333 2033 2509 2033 2510 2033 2342 2138 2518 2138 2519 2138 2334 926 2510 926 2511 926 2327 2976 2326 2976 2358 2976 2319 1 2351 1 2352 1 2327 2977 2312 2977 2344 2977 2321 2978 2320 2978 2352 2978 2313 2979 2312 2979 2344 2979 2322 1374 2321 1374 2353 1374 2315 2980 2314 2980 2346 2980 2314 2314 2313 2314 2345 2314 2323 2981 2322 2981 2354 2981 2316 1 2315 1 2347 1 2323 1 2355 1 2356 1 2317 2982 2316 2982 2348 2982 2324 2983 2356 2983 2357 2983 2317 1 2349 1 2350 1 2326 1 2325 1 2357 1 2318 1 2350 1 2351 1 2358 2042 2550 2042 2551 2042 2351 2043 2543 2043 2544 2043 2344 2150 2536 2150 2551 2150 2352 721 2544 721 2545 721 2344 605 2536 605 2537 605 2353 2045 2545 2045 2546 2045 2346 2151 2538 2151 2539 2151 2345 2047 2537 2047 2538 2047 2354 609 2546 609 2547 609 2347 2152 2539 2152 2540 2152 2355 2153 2547 2153 2548 2153 2348 2050 2540 2050 2541 2050 2356 2984 2548 2984 2549 2984 2349 711 2541 711 2542 711 2357 615 2549 615 2550 615 2350 2154 2542 2154 2543 2154 2449 36 2447 36 2464 36 2448 3012 2463 3012 2461 3012 2445 36 2443 36 2468 36 2447 2373 2445 2373 2466 2373 2450 3013 2461 3013 2459 3013 2443 36 2441 36 2470 36 2452 36 2459 36 2457 36 2440 1 2471 1 2441 1 2454 3014 2457 3014 2455 3014 2471 3015 2469 3015 2442 3015 2455 2373 2453 2373 2458 2373 2442 36 2469 36 2467 36 2453 3014 2451 3014 2460 3014 2444 36 2467 36 2465 36 2451 36 2449 36 2462 36 2446 3016 2465 3016 2463 3016 2483 2284 2482 2284 2461 2284 2476 894 2475 894 2447 894 2484 2376 2483 2376 2463 2376 2477 2377 2476 2377 2449 2377 2485 686 2484 686 2465 686 2478 1997 2477 1997 2451 1997 2486 2289 2485 2289 2467 2289 2479 986 2478 986 2453 986 2487 1999 2486 1999 2469 1999 2480 2291 2479 2291 2455 2291 2487 2001 2472 2001 2441 2001 2481 2002 2480 2002 2457 2002 2473 3017 2472 3017 2441 3017 2482 688 2481 688 2459 688 2475 3018 2474 3018 2445 3018 2474 2199 2473 2199 2443 2199 2500 3019 2499 3019 2462 3019 2450 3020 2493 3020 2492 3020 2468 3021 2502 3021 2501 3021 2501 2381 2500 2381 2464 2381 2494 3022 2493 3022 2450 3022 2503 3023 2502 3023 2468 3023 2495 3024 2494 3024 2452 3024 2470 2385 2503 2385 2488 2385 2496 3025 2495 3025 2454 3025 2489 2387 2488 2387 2440 2387 2497 3026 2496 3026 2456 3026 2490 3027 2489 3027 2442 3027 2460 2390 2498 2390 2497 2390 2446 2391 2491 2391 2490 2391 2462 2392 2499 2392 2498 2392 2448 3028 2492 3028 2491 3028 2519 2127 2504 2127 2488 2127 2512 707 2511 707 2495 707 2505 580 2504 580 2488 580 2513 2130 2512 2130 2496 2130 2506 2025 2505 2025 2489 2025 2514 2026 2513 2026 2497 2026 2507 2133 2506 2133 2490 2133 2515 2134 2514 2134 2498 2134 2508 1006 2507 1006 2491 1006 2516 2310 2515 2310 2499 2310 2509 2394 2508 2394 2492 2394 2518 2031 2517 2031 2501 2031 2517 3029 2516 3029 2500 3029 2510 2137 2509 2137 2493 2137 2519 2034 2518 2034 2502 2034 2511 926 2510 926 2494 926 2487 36 2535 36 2534 36 2528 36 2527 36 2479 36 2487 1 2535 1 2520 1 2481 36 2529 36 2528 36 2473 36 2521 36 2520 36 2482 36 2530 36 2529 36 2475 3030 2523 3030 2522 3030 2474 36 2522 36 2521 36 2483 3031 2531 3031 2530 3031 2476 36 2524 36 2523 36 2532 36 2531 36 2483 36 2477 3032 2525 3032 2524 3032 2533 3033 2532 3033 2484 3033 2526 3034 2525 3034 2477 3034 2486 36 2534 36 2533 36 2527 3035 2526 3035 2478 3035 2551 2148 2550 2148 2534 2148 2544 2043 2543 2043 2527 2043 2551 2044 2536 2044 2520 2044 2545 721 2544 721 2528 721 2537 605 2536 605 2520 605 2546 2045 2545 2045 2529 2045 2539 2046 2538 2046 2522 2046 2538 2217 2537 2217 2521 2217 2547 609 2546 609 2530 609 2540 2152 2539 2152 2523 2152 2548 2153 2547 2153 2531 2153 2541 2050 2540 2050 2524 2050 2549 2051 2548 2051 2532 2051 2542 711 2541 711 2525 711 2550 615 2549 615 2533 615 2543 2052 2542 2052 2526 2052</p>
        </triangles>
        <triangles material="Felge-material" count="1392">
          <input semantic="VERTEX" source="#Plane-mesh-vertices" offset="0"/>
          <input semantic="NORMAL" source="#Plane-mesh-normals" offset="1"/>
          <p>1065 617 890 617 1066 617 1058 618 883 618 1059 618 1057 619 882 619 1058 619 1066 620 891 620 1067 620 1059 621 884 621 1060 621 1067 622 892 622 1068 622 1060 623 885 623 1061 623 1068 624 893 624 1069 624 1061 625 886 625 1062 625 1069 626 894 626 1070 626 1062 627 887 627 1063 627 1070 628 895 628 1071 628 1063 629 888 629 1064 629 1056 630 895 630 1071 630 1064 631 889 631 1065 631 1056 632 881 632 1057 632 894 1 911 1 895 1 888 633 903 633 904 633 880 36 911 36 895 36 889 634 904 634 905 634 880 1 897 1 881 1 890 635 905 635 906 635 882 1 899 1 883 1 881 1 898 1 882 1 890 1 907 1 891 1 884 636 899 636 900 636 892 637 907 637 908 637 884 638 901 638 885 638 892 639 909 639 893 639 885 638 902 638 886 638 893 639 910 639 894 639 886 1 903 1 887 1 908 640 925 640 909 640 901 641 918 641 902 641 909 642 926 642 910 642 902 643 919 643 903 643 911 644 926 644 927 644 903 645 920 645 904 645 911 646 912 646 927 646 905 647 920 647 921 647 897 648 912 648 913 648 906 649 921 649 922 649 899 650 914 650 915 650 897 651 914 651 898 651 906 652 923 652 907 652 900 653 915 653 916 653 908 654 923 654 924 654 900 655 917 655 901 655 914 1 931 1 915 1 914 656 929 656 930 656 922 1 939 1 923 1 916 657 931 657 932 657 924 658 939 658 940 658 916 1 933 1 917 1 925 659 940 659 941 659 917 1 934 1 918 1 925 1 942 1 926 1 919 1 934 1 935 1 927 1 942 1 943 1 919 660 936 660 920 660 912 36 943 36 927 36 921 1 936 1 937 1 912 1 929 1 913 1 921 1 938 1 922 1 935 661 952 661 936 661 928 662 959 662 943 662 936 663 953 663 937 663 928 664 945 664 929 664 937 665 954 665 938 665 930 666 947 666 931 666 929 667 946 667 930 667 938 668 955 668 939 668 931 669 948 669 932 669 939 670 956 670 940 670 932 671 949 671 933 671 940 672 957 672 941 672 933 673 950 673 934 673 941 674 958 674 942 674 934 675 951 675 935 675 942 676 959 676 943 676 956 677 952 677 944 677 1082 617 1065 617 1066 617 1075 733 1058 733 1059 733 1074 619 1057 619 1058 619 1083 734 1066 734 1067 734 1076 735 1059 735 1060 735 1084 736 1067 736 1068 736 1077 623 1060 623 1061 623 1085 624 1068 624 1069 624 1078 625 1061 625 1062 625 1086 626 1069 626 1070 626 1079 737 1062 737 1063 737 1087 738 1070 738 1071 738 1080 739 1063 739 1064 739 1087 630 1056 630 1071 630 1081 631 1064 631 1065 631 1073 632 1056 632 1057 632 1103 36 1086 36 1087 36 1080 36 1095 36 1079 36 1103 1 1072 1 1087 1 1081 740 1096 740 1080 740 1089 36 1072 36 1073 36 1082 36 1097 36 1081 36 1091 741 1074 741 1075 741 1090 742 1073 742 1074 742 1099 743 1082 743 1083 743 1076 744 1091 744 1075 744 1084 745 1099 745 1083 745 1093 740 1076 740 1077 740 1101 746 1084 746 1085 746 1094 36 1077 36 1078 36 1102 36 1085 36 1086 36 1095 36 1078 36 1079 36 1117 747 1100 747 1101 747 1110 748 1093 748 1094 748 1118 749 1101 749 1102 749 1111 750 1094 750 1095 750 1103 751 1118 751 1102 751 1112 752 1095 752 1096 752 1103 753 1104 753 1088 753 1097 754 1112 754 1096 754 1089 755 1104 755 1088 755 1098 756 1113 756 1097 756 1091 757 1106 757 1090 757 1106 758 1089 758 1090 758 1115 759 1098 759 1099 759 1092 760 1107 760 1091 760 1100 761 1115 761 1099 761 1109 762 1092 762 1093 762 1123 763 1106 763 1107 763 1106 36 1121 36 1105 36 1131 764 1114 764 1115 764 1108 36 1123 36 1107 36 1116 36 1131 36 1115 36 1125 765 1108 765 1109 765 1117 766 1132 766 1116 766 1126 36 1109 36 1110 36 1134 36 1117 36 1118 36 1111 36 1126 36 1110 36 1119 36 1134 36 1118 36 1128 36 1111 36 1112 36 1135 1 1104 1 1119 1 1113 767 1128 767 1112 767 1121 36 1104 36 1105 36 1130 768 1113 768 1114 768 1144 769 1127 769 1128 769 1151 662 1120 662 1135 662 1129 663 1144 663 1128 663 1137 770 1120 770 1121 770 1130 771 1145 771 1129 771 1139 666 1122 666 1123 666 1138 772 1121 772 1122 772 1147 668 1130 668 1131 668 1140 669 1123 669 1124 669 1148 773 1131 773 1132 773 1141 774 1124 774 1125 774 1149 775 1132 775 1133 775 1142 673 1125 673 1126 673 1150 674 1133 674 1134 674 1143 776 1126 776 1127 776 1151 777 1134 777 1135 777 1146 36 1150 36 1138 36 1417 617 1242 617 1418 617 1410 733 1235 733 1411 733 1409 619 1234 619 1410 619 1418 734 1243 734 1419 734 1411 735 1236 735 1412 735 1419 736 1244 736 1420 736 1412 623 1237 623 1413 623 1420 624 1245 624 1421 624 1413 809 1238 809 1414 809 1421 810 1246 810 1422 810 1414 627 1239 627 1415 627 1422 628 1247 628 1423 628 1415 629 1240 629 1416 629 1408 630 1247 630 1423 630 1416 811 1241 811 1417 811 1408 812 1233 812 1409 812 1246 1 1263 1 1247 1 1240 813 1255 813 1256 813 1232 36 1263 36 1247 36 1241 634 1256 634 1257 634 1232 1 1249 1 1233 1 1242 814 1257 814 1258 814 1234 1 1251 1 1235 1 1233 1 1250 1 1234 1 1242 1 1259 1 1243 1 1236 1 1251 1 1252 1 1244 1 1259 1 1260 1 1236 1 1253 1 1237 1 1244 1 1261 1 1245 1 1237 815 1254 815 1238 815 1245 816 1262 816 1246 816 1238 1 1255 1 1239 1 1260 640 1277 640 1261 640 1253 817 1270 817 1254 817 1261 818 1278 818 1262 818 1254 819 1271 819 1255 819 1263 820 1278 820 1279 820 1255 645 1272 645 1256 645 1263 821 1264 821 1279 821 1257 647 1272 647 1273 647 1249 822 1264 822 1265 822 1258 823 1273 823 1274 823 1251 824 1266 824 1267 824 1249 825 1266 825 1250 825 1258 826 1275 826 1259 826 1252 827 1267 827 1268 827 1260 828 1275 828 1276 828 1252 655 1269 655 1253 655 1266 1 1283 1 1267 1 1266 1 1281 1 1282 1 1274 829 1291 829 1275 829 1268 830 1283 830 1284 830 1276 831 1291 831 1292 831 1268 829 1285 829 1269 829 1277 832 1292 832 1293 832 1269 833 1286 833 1270 833 1277 834 1294 834 1278 834 1271 1 1286 1 1287 1 1279 1 1294 1 1295 1 1271 1 1288 1 1272 1 1264 36 1295 36 1279 36 1273 1 1288 1 1289 1 1264 1 1281 1 1265 1 1273 1 1290 1 1274 1 1287 661 1304 661 1288 661 1280 662 1311 662 1295 662 1288 663 1305 663 1289 663 1280 770 1297 770 1281 770 1289 665 1306 665 1290 665 1282 666 1299 666 1283 666 1281 667 1298 667 1282 667 1290 668 1307 668 1291 668 1283 669 1300 669 1284 669 1291 670 1308 670 1292 670 1284 671 1301 671 1285 671 1292 672 1309 672 1293 672 1285 673 1302 673 1286 673 1293 674 1310 674 1294 674 1286 675 1303 675 1287 675 1294 676 1311 676 1295 676 1308 1 1304 1 1296 1 1434 617 1417 617 1418 617 1427 618 1410 618 1411 618 1426 859 1409 859 1410 859 1435 620 1418 620 1419 620 1428 621 1411 621 1412 621 1436 622 1419 622 1420 622 1429 623 1412 623 1413 623 1437 624 1420 624 1421 624 1430 625 1413 625 1414 625 1438 626 1421 626 1422 626 1431 737 1414 737 1415 737 1439 738 1422 738 1423 738 1432 739 1415 739 1416 739 1439 630 1408 630 1423 630 1433 631 1416 631 1417 631 1425 632 1408 632 1409 632 1455 36 1438 36 1439 36 1432 36 1447 36 1431 36 1455 1 1424 1 1439 1 1433 36 1448 36 1432 36 1441 36 1424 36 1425 36 1434 860 1449 860 1433 860 1443 861 1426 861 1427 861 1442 36 1425 36 1426 36 1451 862 1434 862 1435 862 1428 36 1443 36 1427 36 1436 36 1451 36 1435 36 1445 863 1428 863 1429 863 1453 864 1436 864 1437 864 1446 36 1429 36 1430 36 1454 36 1437 36 1438 36 1447 36 1430 36 1431 36 1469 865 1452 865 1453 865 1462 748 1445 748 1446 748 1470 749 1453 749 1454 749 1463 750 1446 750 1447 750 1455 866 1470 866 1454 866 1464 752 1447 752 1448 752 1455 867 1456 867 1440 867 1449 868 1464 868 1448 868 1441 869 1456 869 1440 869 1450 870 1465 870 1449 870 1443 757 1458 757 1442 757 1458 871 1441 871 1442 871 1467 872 1450 872 1451 872 1444 873 1459 873 1443 873 1452 874 1467 874 1451 874 1461 875 1444 875 1445 875 1475 876 1458 876 1459 876 1458 36 1473 36 1457 36 1483 876 1466 876 1467 876 1460 36 1475 36 1459 36 1468 877 1483 877 1467 877 1477 36 1460 36 1461 36 1469 36 1484 36 1468 36 1478 36 1461 36 1462 36 1486 36 1469 36 1470 36 1463 768 1478 768 1462 768 1471 878 1486 878 1470 878 1480 879 1463 879 1464 879 1487 1 1456 1 1471 1 1465 880 1480 880 1464 880 1473 36 1456 36 1457 36 1482 36 1465 36 1466 36 1496 661 1479 661 1480 661 1503 662 1472 662 1487 662 1481 663 1496 663 1480 663 1489 770 1472 770 1473 770 1482 771 1497 771 1481 771 1491 881 1474 881 1475 881 1490 667 1473 667 1474 667 1499 882 1482 882 1483 882 1492 883 1475 883 1476 883 1500 884 1483 884 1484 884 1493 671 1476 671 1477 671 1501 775 1484 775 1485 775 1494 673 1477 673 1478 673 1502 674 1485 674 1486 674 1495 675 1478 675 1479 675 1503 676 1486 676 1487 676 1498 36 1502 36 1490 36 1769 931 1594 931 1770 931 1762 733 1587 733 1763 733 1761 619 1586 619 1762 619 1770 620 1595 620 1771 620 1763 932 1588 932 1764 932 1771 622 1596 622 1772 622 1764 933 1589 933 1765 933 1772 934 1597 934 1773 934 1765 625 1590 625 1766 625 1773 626 1598 626 1774 626 1766 737 1591 737 1767 737 1774 738 1599 738 1775 738 1767 935 1592 935 1768 935 1760 630 1599 630 1775 630 1768 631 1593 631 1769 631 1760 632 1585 632 1761 632 1598 1 1615 1 1599 1 1591 936 1608 936 1592 936 1584 36 1615 36 1599 36 1593 937 1608 937 1609 937 1584 938 1601 938 1585 938 1593 1 1610 1 1594 1 1586 1 1603 1 1587 1 1585 1 1602 1 1586 1 1594 1 1611 1 1595 1 1587 1 1604 1 1588 1 1596 939 1611 939 1612 939 1589 1 1604 1 1605 1 1597 1 1612 1 1613 1 1589 1 1606 1 1590 1 1597 940 1614 940 1598 940 1590 941 1607 941 1591 941 1612 942 1629 942 1613 942 1605 943 1622 943 1606 943 1613 944 1630 944 1614 944 1606 945 1623 945 1607 945 1614 946 1631 946 1615 946 1608 947 1623 947 1624 947 1615 948 1616 948 1631 948 1609 949 1624 949 1625 949 1600 950 1617 950 1601 950 1610 951 1625 951 1626 951 1603 952 1618 952 1619 952 1601 953 1618 953 1602 953 1611 954 1626 954 1627 954 1603 955 1620 955 1604 955 1612 956 1627 956 1628 956 1605 957 1620 957 1621 957 1618 1 1635 1 1619 1 1617 958 1634 958 1618 958 1626 959 1643 959 1627 959 1619 1 1636 1 1620 1 1628 960 1643 960 1644 960 1621 1 1636 1 1637 1 1629 961 1644 961 1645 961 1621 962 1638 962 1622 962 1630 1 1645 1 1646 1 1622 963 1639 963 1623 963 1630 964 1647 964 1631 964 1624 1 1639 1 1640 1 1616 965 1647 965 1631 965 1624 959 1641 959 1625 959 1616 966 1633 966 1617 966 1626 1 1641 1 1642 1 1639 661 1656 661 1640 661 1632 967 1663 967 1647 967 1640 721 1657 721 1641 721 1632 968 1649 968 1633 968 1641 969 1658 969 1642 969 1634 970 1651 970 1635 970 1633 971 1650 971 1634 971 1642 972 1659 972 1643 972 1635 669 1652 669 1636 669 1643 973 1660 973 1644 973 1636 974 1653 974 1637 974 1644 712 1661 712 1645 712 1637 975 1654 975 1638 975 1645 615 1662 615 1646 615 1638 675 1655 675 1639 675 1646 976 1663 976 1647 976 1658 1 1656 1 1652 1 1786 931 1769 931 1770 931 1779 618 1762 618 1763 618 1778 1021 1761 1021 1762 1021 1787 1022 1770 1022 1771 1022 1780 923 1763 923 1764 923 1788 622 1771 622 1772 622 1781 933 1764 933 1765 933 1789 934 1772 934 1773 934 1782 1023 1765 1023 1766 1023 1790 626 1773 626 1774 626 1783 737 1766 737 1767 737 1791 738 1774 738 1775 738 1784 739 1767 739 1768 739 1791 630 1760 630 1775 630 1785 631 1768 631 1769 631 1777 632 1760 632 1761 632 1807 36 1790 36 1791 36 1800 1024 1783 1024 1784 1024 1807 1 1776 1 1791 1 1785 1025 1800 1025 1784 1025 1793 36 1776 36 1777 36 1802 1026 1785 1026 1786 1026 1795 36 1778 36 1779 36 1794 36 1777 36 1778 36 1803 1027 1786 1027 1787 1027 1796 1028 1779 1028 1780 1028 1788 36 1803 36 1787 36 1781 36 1796 36 1780 36 1789 36 1804 36 1788 36 1798 1029 1781 1029 1782 1029 1806 36 1789 36 1790 36 1799 36 1782 36 1783 36 1821 1030 1804 1030 1805 1030 1814 1031 1797 1031 1798 1031 1822 1032 1805 1032 1806 1032 1815 1033 1798 1033 1799 1033 1823 1034 1806 1034 1807 1034 1800 1035 1815 1035 1799 1035 1807 1036 1808 1036 1792 1036 1801 1037 1816 1037 1800 1037 1809 1038 1792 1038 1793 1038 1802 1039 1817 1039 1801 1039 1795 1040 1810 1040 1794 1040 1810 1041 1793 1041 1794 1041 1803 1042 1818 1042 1802 1042 1812 1043 1795 1043 1796 1043 1804 1044 1819 1044 1803 1044 1797 1045 1812 1045 1796 1045 1827 1046 1810 1046 1811 1046 1826 1047 1809 1047 1810 1047 1835 36 1818 36 1819 36 1828 1047 1811 1047 1812 1047 1820 36 1835 36 1819 36 1813 36 1828 36 1812 36 1821 1048 1836 1048 1820 1048 1830 1049 1813 1049 1814 1049 1822 36 1837 36 1821 36 1831 1050 1814 1050 1815 1050 1839 36 1822 36 1823 36 1816 1051 1831 1051 1815 1051 1839 1 1808 1 1823 1 1833 36 1816 36 1817 36 1825 36 1808 36 1809 36 1818 36 1833 36 1817 36 1848 661 1831 661 1832 661 1855 967 1824 967 1839 967 1833 721 1848 721 1832 721 1841 968 1824 968 1825 968 1834 1052 1849 1052 1833 1052 1843 970 1826 970 1827 970 1842 1053 1825 1053 1826 1053 1851 972 1834 972 1835 972 1844 883 1827 883 1828 883 1852 1054 1835 1054 1836 1054 1845 974 1828 974 1829 974 1853 712 1836 712 1837 712 1846 975 1829 975 1830 975 1854 615 1837 615 1838 615 1847 675 1830 675 1831 675 1855 976 1838 976 1839 976 1850 36 1854 36 1842 36 2545 931 2370 931 2546 931 2538 733 2363 733 2539 733 2537 619 2362 619 2538 619 2546 620 2371 620 2547 620 2539 923 2364 923 2540 923 2547 622 2372 622 2548 622 2540 933 2365 933 2541 933 2548 934 2373 934 2549 934 2541 625 2366 625 2542 625 2549 626 2374 626 2550 626 2542 1377 2367 1377 2543 1377 2550 738 2375 738 2551 738 2543 739 2368 739 2544 739 2536 630 2375 630 2551 630 2544 1378 2369 1378 2545 1378 2536 632 2361 632 2537 632 2374 1 2391 1 2375 1 2367 936 2384 936 2368 936 2360 36 2391 36 2375 36 2369 1 2384 1 2385 1 2360 938 2377 938 2361 938 2369 1 2386 1 2370 1 2362 1379 2379 1379 2363 1379 2361 1 2378 1 2362 1 2370 1 2387 1 2371 1 2363 1380 2380 1380 2364 1380 2372 1381 2387 1381 2388 1381 2365 1 2380 1 2381 1 2373 1382 2388 1382 2389 1382 2365 1383 2382 1383 2366 1383 2373 1 2390 1 2374 1 2366 1384 2383 1384 2367 1384 2388 1385 2405 1385 2389 1385 2381 943 2398 943 2382 943 2389 1386 2406 1386 2390 1386 2382 1387 2399 1387 2383 1387 2390 1388 2407 1388 2391 1388 2384 1389 2399 1389 2400 1389 2391 948 2392 948 2407 948 2385 949 2400 949 2401 949 2376 1390 2393 1390 2377 1390 2386 1391 2401 1391 2402 1391 2379 1392 2394 1392 2395 1392 2377 953 2394 953 2378 953 2387 1393 2402 1393 2403 1393 2379 955 2396 955 2380 955 2388 1394 2403 1394 2404 1394 2381 957 2396 957 2397 957 2394 1 2411 1 2395 1 2393 1 2410 1 2394 1 2402 1 2419 1 2403 1 2395 1 2412 1 2396 1 2404 1 2419 1 2420 1 2397 1395 2412 1395 2413 1395 2405 1 2420 1 2421 1 2397 1 2414 1 2398 1 2406 1396 2421 1396 2422 1396 2398 1397 2415 1397 2399 1397 2406 1398 2423 1398 2407 1398 2400 1399 2415 1399 2416 1399 2392 1400 2423 1400 2407 1400 2400 1 2417 1 2401 1 2392 1 2409 1 2393 1 2402 1401 2417 1401 2418 1401 2415 1402 2432 1402 2416 1402 2408 1402 2439 1402 2423 1402 2416 721 2433 721 2417 721 2408 968 2425 968 2409 968 2417 1403 2434 1403 2418 1403 2410 970 2427 970 2411 970 2409 971 2426 971 2410 971 2418 972 2435 972 2419 972 2411 669 2428 669 2412 669 2419 973 2436 973 2420 973 2412 974 2429 974 2413 974 2420 1404 2437 1404 2421 1404 2413 975 2430 975 2414 975 2421 615 2438 615 2422 615 2414 1405 2431 1405 2415 1405 2422 976 2439 976 2423 976 2434 1 2432 1 2428 1 2562 931 2545 931 2546 931 2555 733 2538 733 2539 733 2554 1021 2537 1021 2538 1021 2563 1022 2546 1022 2547 1022 2556 923 2539 923 2540 923 2564 622 2547 622 2548 622 2557 933 2540 933 2541 933 2565 1435 2548 1435 2549 1435 2558 625 2541 625 2542 625 2566 1436 2549 1436 2550 1436 2559 737 2542 737 2543 737 2567 738 2550 738 2551 738 2560 739 2543 739 2544 739 2567 1437 2536 1437 2551 1437 2561 631 2544 631 2545 631 2553 632 2536 632 2537 632 2583 36 2566 36 2567 36 2576 1024 2559 1024 2560 1024 2583 1 2552 1 2567 1 2561 1025 2576 1025 2560 1025 2569 36 2552 36 2553 36 2578 36 2561 36 2562 36 2571 1438 2554 1438 2555 1438 2570 1439 2553 1439 2554 1439 2579 1440 2562 1440 2563 1440 2572 36 2555 36 2556 36 2564 1441 2579 1441 2563 1441 2557 36 2572 36 2556 36 2565 36 2580 36 2564 36 2574 36 2557 36 2558 36 2582 36 2565 36 2566 36 2575 36 2558 36 2559 36 2597 1030 2580 1030 2581 1030 2590 1442 2573 1442 2574 1442 2598 1443 2581 1443 2582 1443 2591 1444 2574 1444 2575 1444 2599 1034 2582 1034 2583 1034 2576 1445 2591 1445 2575 1445 2583 1446 2584 1446 2568 1446 2577 1447 2592 1447 2576 1447 2585 1038 2568 1038 2569 1038 2578 1039 2593 1039 2577 1039 2571 1448 2586 1448 2570 1448 2586 1449 2569 1449 2570 1449 2579 1042 2594 1042 2578 1042 2588 1450 2571 1450 2572 1450 2580 1451 2595 1451 2579 1451 2573 1045 2588 1045 2572 1045 2603 36 2586 36 2587 36 2602 1047 2585 1047 2586 1047 2611 1452 2594 1452 2595 1452 2604 1453 2587 1453 2588 1453 2596 36 2611 36 2595 36 2589 36 2604 36 2588 36 2597 36 2612 36 2596 36 2606 36 2589 36 2590 36 2598 1454 2613 1454 2597 1454 2607 36 2590 36 2591 36 2615 36 2598 36 2599 36 2592 1455 2607 1455 2591 1455 2615 1 2584 1 2599 1 2609 36 2592 36 2593 36 2601 36 2584 36 2585 36 2594 36 2609 36 2593 36 2624 1402 2607 1402 2608 1402 2631 1402 2600 1402 2615 1402 2609 721 2624 721 2608 721 2617 968 2600 968 2601 968 2610 1456 2625 1456 2609 1456 2619 970 2602 970 2603 970 2618 1053 2601 1053 2602 1053 2627 972 2610 972 2611 972 2620 669 2603 669 2604 669 2628 1054 2611 1054 2612 1054 2621 974 2604 974 2605 974 2629 1404 2612 1404 2613 1404 2622 975 2605 975 2606 975 2630 615 2613 615 2614 615 2623 1405 2606 1405 2607 1405 2631 976 2614 976 2615 976 2626 1457 2630 1457 2618 1457 1065 2053 889 2053 890 2053 1058 618 882 618 883 618 1057 619 881 619 882 619 1066 2054 890 2054 891 2054 1059 2055 883 2055 884 2055 1067 622 891 622 892 622 1060 2056 884 2056 885 2056 1068 2057 892 2057 893 2057 1061 2058 885 2058 886 2058 1069 810 893 810 894 810 1062 737 886 737 887 737 1070 738 894 738 895 738 1063 2059 887 2059 888 2059 1056 2060 880 2060 895 2060 1064 2061 888 2061 889 2061 1056 812 880 812 881 812 894 2062 910 2062 911 2062 888 1 887 1 903 1 880 36 896 36 911 36 889 638 888 638 904 638 880 636 896 636 897 636 890 2063 889 2063 905 2063 882 2064 898 2064 899 2064 881 2065 897 2065 898 2065 890 634 906 634 907 634 884 1 883 1 899 1 892 1 891 1 907 1 884 2065 900 2065 901 2065 892 2066 908 2066 909 2066 885 636 901 636 902 636 893 637 909 637 910 637 886 2067 902 2067 903 2067 908 2068 924 2068 925 2068 901 2069 917 2069 918 2069 909 2070 925 2070 926 2070 902 2071 918 2071 919 2071 911 2072 910 2072 926 2072 903 2073 919 2073 920 2073 911 2074 896 2074 912 2074 905 2075 904 2075 920 2075 897 2076 896 2076 912 2076 906 2077 905 2077 921 2077 899 2078 898 2078 914 2078 897 2079 913 2079 914 2079 906 2080 922 2080 923 2080 900 2081 899 2081 915 2081 908 2082 907 2082 923 2082 900 2083 916 2083 917 2083 914 830 930 830 931 830 914 1 913 1 929 1 922 831 938 831 939 831 916 1 915 1 931 1 924 1 923 1 939 1 916 832 932 832 933 832 925 1 924 1 940 1 917 1 933 1 934 1 925 1 941 1 942 1 919 660 918 660 934 660 927 2084 926 2084 942 2084 919 1 935 1 936 1 912 2085 928 2085 943 2085 921 1 920 1 936 1 912 2086 928 2086 929 2086 921 2087 937 2087 938 2087 935 661 951 661 952 661 928 2088 944 2088 959 2088 936 663 952 663 953 663 928 770 944 770 945 770 937 665 953 665 954 665 930 2089 946 2089 947 2089 929 2090 945 2090 946 2090 938 668 954 668 955 668 931 669 947 669 948 669 939 2091 955 2091 956 2091 932 671 948 671 949 671 940 2092 956 2092 957 2092 933 2026 949 2026 950 2026 941 674 957 674 958 674 934 675 950 675 951 675 942 2093 958 2093 959 2093 948 1 947 1 944 1 946 2094 945 2094 944 2094 944 2095 959 2095 958 2095 958 1 957 1 944 1 956 1 955 1 954 1 954 1 953 1 956 1 952 1 951 1 948 1 950 2096 949 2096 948 2096 947 1 946 1 944 1 944 2097 957 2097 956 2097 956 1 953 1 952 1 951 2098 950 2098 948 2098 948 2099 944 2099 952 2099 1082 2155 1081 2155 1065 2155 1075 618 1074 618 1058 618 1074 619 1073 619 1057 619 1083 2054 1082 2054 1066 2054 1076 2055 1075 2055 1059 2055 1084 622 1083 622 1067 622 1077 2156 1076 2156 1060 2156 1085 2157 1084 2157 1068 2157 1078 2058 1077 2058 1061 2058 1086 810 1085 810 1069 810 1079 737 1078 737 1062 737 1087 738 1086 738 1070 738 1080 2059 1079 2059 1063 2059 1087 2158 1072 2158 1056 2158 1081 2061 1080 2061 1064 2061 1073 812 1072 812 1056 812 1103 2159 1102 2159 1086 2159 1080 2160 1096 2160 1095 2160 1103 2065 1088 2065 1072 2065 1081 36 1097 36 1096 36 1089 36 1088 36 1072 36 1082 2161 1098 2161 1097 2161 1091 36 1090 36 1074 36 1090 36 1089 36 1073 36 1099 36 1098 36 1082 36 1076 2162 1092 2162 1091 2162 1084 2163 1100 2163 1099 2163 1093 2164 1092 2164 1076 2164 1101 2165 1100 2165 1084 2165 1094 36 1093 36 1077 36 1102 36 1101 36 1085 36 1095 2166 1094 2166 1078 2166 1117 2167 1116 2167 1100 2167 1110 2168 1109 2168 1093 2168 1118 2169 1117 2169 1101 2169 1111 2170 1110 2170 1094 2170 1103 2171 1119 2171 1118 2171 1112 2172 1111 2172 1095 2172 1103 2173 1119 2173 1104 2173 1097 2174 1113 2174 1112 2174 1089 2175 1105 2175 1104 2175 1098 2176 1114 2176 1113 2176 1091 2177 1107 2177 1106 2177 1106 2178 1105 2178 1089 2178 1115 2179 1114 2179 1098 2179 1092 2180 1108 2180 1107 2180 1100 2181 1116 2181 1115 2181 1109 2182 1108 2182 1092 2182 1123 36 1122 36 1106 36 1106 2183 1122 2183 1121 2183 1131 36 1130 36 1114 36 1108 2184 1124 2184 1123 2184 1116 2185 1132 2185 1131 2185 1125 36 1124 36 1108 36 1117 2186 1133 2186 1132 2186 1126 36 1125 36 1109 36 1134 36 1133 36 1117 36 1111 36 1127 36 1126 36 1119 36 1135 36 1134 36 1128 36 1127 36 1111 36 1135 2187 1120 2187 1104 2187 1113 2188 1129 2188 1128 2188 1121 36 1120 36 1104 36 1130 36 1129 36 1113 36 1144 661 1143 661 1127 661 1151 2088 1136 2088 1120 2088 1129 2189 1145 2189 1144 2189 1137 770 1136 770 1120 770 1130 665 1146 665 1145 665 1139 2089 1138 2089 1122 2089 1138 2090 1137 2090 1121 2090 1147 668 1146 668 1130 668 1140 669 1139 669 1123 669 1148 2091 1147 2091 1131 2091 1141 671 1140 671 1124 671 1149 2190 1148 2190 1132 2190 1142 2026 1141 2026 1125 2026 1150 674 1149 674 1133 674 1143 675 1142 675 1126 675 1151 2093 1150 2093 1134 2093 1138 36 1139 36 1140 36 1140 2191 1141 2191 1142 2191 1142 36 1143 36 1144 36 1144 36 1145 36 1142 36 1146 36 1147 36 1148 36 1148 36 1149 36 1146 36 1150 2192 1151 2192 1136 2192 1136 36 1137 36 1138 36 1138 36 1140 36 1146 36 1142 2193 1145 2193 1146 2193 1146 36 1149 36 1150 36 1150 2194 1136 2194 1138 2194 1140 36 1142 36 1146 36 1417 2155 1241 2155 1242 2155 1410 618 1234 618 1235 618 1409 619 1233 619 1234 619 1418 2054 1242 2054 1243 2054 1411 2055 1235 2055 1236 2055 1419 622 1243 622 1244 622 1412 2156 1236 2156 1237 2156 1420 2157 1244 2157 1245 2157 1413 2218 1237 2218 1238 2218 1421 626 1245 626 1246 626 1414 737 1238 737 1239 737 1422 738 1246 738 1247 738 1415 2059 1239 2059 1240 2059 1408 2060 1232 2060 1247 2060 1416 2219 1240 2219 1241 2219 1408 632 1232 632 1233 632 1246 2064 1262 2064 1263 2064 1240 1 1239 1 1255 1 1232 36 1248 36 1263 36 1241 815 1240 815 1256 815 1232 1 1248 1 1249 1 1242 1 1241 1 1257 1 1234 1 1250 1 1251 1 1233 2065 1249 2065 1250 2065 1242 1 1258 1 1259 1 1236 1 1235 1 1251 1 1244 1 1243 1 1259 1 1236 2066 1252 2066 1253 2066 1244 2065 1260 2065 1261 2065 1237 636 1253 636 1254 636 1245 637 1261 637 1262 637 1238 634 1254 634 1255 634 1260 2220 1276 2220 1277 2220 1253 2069 1269 2069 1270 2069 1261 2070 1277 2070 1278 2070 1254 2071 1270 2071 1271 2071 1263 2072 1262 2072 1278 2072 1255 2221 1271 2221 1272 2221 1263 2222 1248 2222 1264 2222 1257 2223 1256 2223 1272 2223 1249 2224 1248 2224 1264 2224 1258 2077 1257 2077 1273 2077 1251 2225 1250 2225 1266 2225 1249 2079 1265 2079 1266 2079 1258 2226 1274 2226 1275 2226 1252 2227 1251 2227 1267 2227 1260 2228 1259 2228 1275 2228 1252 2229 1268 2229 1269 2229 1266 657 1282 657 1283 657 1266 2230 1265 2230 1281 2230 1274 658 1290 658 1291 658 1268 1 1267 1 1283 1 1276 2230 1275 2230 1291 2230 1268 1 1284 1 1285 1 1277 1 1276 1 1292 1 1269 1 1285 1 1286 1 1277 1 1293 1 1294 1 1271 1 1270 1 1286 1 1279 1 1278 1 1294 1 1271 1 1287 1 1288 1 1264 36 1280 36 1295 36 1273 833 1272 833 1288 833 1264 1 1280 1 1281 1 1273 656 1289 656 1290 656 1287 661 1303 661 1304 661 1280 662 1296 662 1311 662 1288 663 1304 663 1305 663 1280 770 1296 770 1297 770 1289 665 1305 665 1306 665 1282 2089 1298 2089 1299 2089 1281 2090 1297 2090 1298 2090 1290 668 1306 668 1307 668 1283 669 1299 669 1300 669 1291 2091 1307 2091 1308 2091 1284 671 1300 671 1301 671 1292 2092 1308 2092 1309 2092 1285 2026 1301 2026 1302 2026 1293 674 1309 674 1310 674 1286 675 1302 675 1303 675 1294 2093 1310 2093 1311 2093 1300 1 1299 1 1296 1 1298 1 1297 1 1296 1 1296 1 1311 1 1310 1 1310 2231 1309 2231 1296 2231 1308 1 1307 1 1306 1 1306 1 1305 1 1308 1 1304 1 1303 1 1300 1 1302 1 1301 1 1300 1 1299 1 1298 1 1296 1 1296 2232 1309 2232 1308 2232 1308 1 1305 1 1304 1 1303 1 1302 1 1300 1 1300 1 1296 1 1304 1 1434 2155 1433 2155 1417 2155 1427 733 1426 733 1410 733 1426 619 1425 619 1409 619 1435 2254 1434 2254 1418 2254 1428 2255 1427 2255 1411 2255 1436 736 1435 736 1419 736 1429 2156 1428 2156 1412 2156 1437 2157 1436 2157 1420 2157 1430 2218 1429 2218 1413 2218 1438 626 1437 626 1421 626 1431 737 1430 737 1414 737 1439 738 1438 738 1422 738 1432 2059 1431 2059 1415 2059 1439 2060 1424 2060 1408 2060 1433 2219 1432 2219 1416 2219 1425 632 1424 632 1408 632 1455 36 1454 36 1438 36 1432 36 1448 36 1447 36 1455 1 1440 1 1424 1 1433 36 1449 36 1448 36 1441 36 1440 36 1424 36 1434 2256 1450 2256 1449 2256 1443 36 1442 36 1426 36 1442 36 1441 36 1425 36 1451 36 1450 36 1434 36 1428 2257 1444 2257 1443 2257 1436 2258 1452 2258 1451 2258 1445 2165 1444 2165 1428 2165 1453 2164 1452 2164 1436 2164 1446 36 1445 36 1429 36 1454 36 1453 36 1437 36 1447 36 1446 36 1430 36 1469 2259 1468 2259 1452 2259 1462 2168 1461 2168 1445 2168 1470 2169 1469 2169 1453 2169 1463 2260 1462 2260 1446 2260 1455 2261 1471 2261 1470 2261 1464 2262 1463 2262 1447 2262 1455 2173 1471 2173 1456 2173 1449 2174 1465 2174 1464 2174 1441 2263 1457 2263 1456 2263 1450 2264 1466 2264 1465 2264 1443 2265 1459 2265 1458 2265 1458 2178 1457 2178 1441 2178 1467 2266 1466 2266 1450 2266 1444 2267 1460 2267 1459 2267 1452 2268 1468 2268 1467 2268 1461 2269 1460 2269 1444 2269 1475 2270 1474 2270 1458 2270 1458 2271 1474 2271 1473 2271 1483 36 1482 36 1466 36 1460 2272 1476 2272 1475 2272 1468 2271 1484 2271 1483 2271 1477 2273 1476 2273 1460 2273 1469 36 1485 36 1484 36 1478 2274 1477 2274 1461 2274 1486 2270 1485 2270 1469 2270 1463 36 1479 36 1478 36 1471 36 1487 36 1486 36 1480 36 1479 36 1463 36 1487 1 1472 1 1456 1 1465 2188 1481 2188 1480 2188 1473 36 1472 36 1456 36 1482 36 1481 36 1465 36 1496 661 1495 661 1479 661 1503 2088 1488 2088 1472 2088 1481 2189 1497 2189 1496 2189 1489 770 1488 770 1472 770 1482 665 1498 665 1497 665 1491 2089 1490 2089 1474 2089 1490 2090 1489 2090 1473 2090 1499 668 1498 668 1482 668 1492 669 1491 669 1475 669 1500 2091 1499 2091 1483 2091 1493 671 1492 671 1476 671 1501 2190 1500 2190 1484 2190 1494 2026 1493 2026 1477 2026 1502 674 1501 674 1485 674 1495 675 1494 675 1478 675 1503 2093 1502 2093 1486 2093 1490 36 1491 36 1492 36 1492 36 1493 36 1494 36 1494 36 1495 36 1496 36 1496 36 1497 36 1494 36 1498 36 1499 36 1500 36 1500 36 1501 36 1498 36 1502 36 1503 36 1488 36 1488 2275 1489 2275 1490 2275 1490 36 1492 36 1498 36 1494 2276 1497 2276 1498 2276 1498 2277 1501 2277 1502 2277 1502 36 1488 36 1490 36 1492 36 1494 36 1498 36 1769 2053 1593 2053 1594 2053 1762 733 1586 733 1587 733 1761 619 1585 619 1586 619 1770 2054 1594 2054 1595 2054 1763 2318 1587 2318 1588 2318 1771 622 1595 622 1596 622 1764 2056 1588 2056 1589 2056 1772 2057 1596 2057 1597 2057 1765 2218 1589 2218 1590 2218 1773 1436 1597 1436 1598 1436 1766 737 1590 737 1591 737 1774 738 1598 738 1599 738 1767 2059 1591 2059 1592 2059 1760 603 1584 603 1599 603 1768 2319 1592 2319 1593 2319 1760 632 1584 632 1585 632 1598 1 1614 1 1615 1 1591 2320 1607 2320 1608 2320 1584 2321 1600 2321 1615 2321 1593 2322 1592 2322 1608 2322 1584 1 1600 1 1601 1 1593 1 1609 1 1610 1 1586 2323 1602 2323 1603 2323 1585 1 1601 1 1602 1 1594 2324 1610 2324 1611 2324 1587 2325 1603 2325 1604 2325 1596 2326 1595 2326 1611 2326 1589 1 1588 1 1604 1 1597 1 1596 1 1612 1 1589 2327 1605 2327 1606 2327 1597 2328 1613 2328 1614 2328 1590 1 1606 1 1607 1 1612 2329 1628 2329 1629 2329 1605 2330 1621 2330 1622 2330 1613 2331 1629 2331 1630 2331 1606 2332 1622 2332 1623 2332 1614 2333 1630 2333 1631 2333 1608 2334 1607 2334 1623 2334 1615 2335 1600 2335 1616 2335 1609 2336 1608 2336 1624 2336 1600 2337 1616 2337 1617 2337 1610 2338 1609 2338 1625 2338 1603 2339 1602 2339 1618 2339 1601 2340 1617 2340 1618 2340 1611 2341 1610 2341 1626 2341 1603 2342 1619 2342 1620 2342 1612 2343 1611 2343 1627 2343 1605 2344 1604 2344 1620 2344 1618 2345 1634 2345 1635 2345 1617 1401 1633 1401 1634 1401 1626 2346 1642 2346 1643 2346 1619 2347 1635 2347 1636 2347 1628 2348 1627 2348 1643 2348 1621 1 1620 1 1636 1 1629 1 1628 1 1644 1 1621 2349 1637 2349 1638 2349 1630 2350 1629 2350 1645 2350 1622 1 1638 1 1639 1 1630 2351 1646 2351 1647 2351 1624 2352 1623 2352 1639 2352 1616 2353 1632 2353 1647 2353 1624 1 1640 1 1641 1 1616 2354 1632 2354 1633 2354 1626 2350 1625 2350 1641 2350 1639 1402 1655 1402 1656 1402 1632 967 1648 967 1663 967 1640 2355 1656 2355 1657 2355 1632 2356 1648 2356 1649 2356 1641 969 1657 969 1658 969 1634 2357 1650 2357 1651 2357 1633 2358 1649 2358 1650 2358 1642 972 1658 972 1659 972 1635 669 1651 669 1652 669 1643 2359 1659 2359 1660 2359 1636 974 1652 974 1653 974 1644 2360 1660 2360 1661 2360 1637 711 1653 711 1654 711 1645 615 1661 615 1662 615 1638 1405 1654 1405 1655 1405 1646 2361 1662 2361 1663 2361 1652 2362 1651 2362 1650 2362 1650 1 1649 1 1652 1 1648 2363 1663 2363 1662 2363 1662 2364 1661 2364 1660 2364 1660 1 1659 1 1658 1 1658 1 1657 1 1656 1 1656 1 1655 1 1652 1 1654 1 1653 1 1652 1 1652 2365 1649 2365 1648 2365 1648 2366 1662 2366 1660 2366 1660 1 1658 1 1652 1 1655 1 1654 1 1652 1 1652 1 1648 1 1660 1 1786 2405 1785 2405 1769 2405 1779 733 1778 733 1762 733 1778 619 1777 619 1761 619 1787 2054 1786 2054 1770 2054 1780 2318 1779 2318 1763 2318 1788 622 1787 622 1771 622 1781 2056 1780 2056 1764 2056 1789 2057 1788 2057 1772 2057 1782 2218 1781 2218 1765 2218 1790 1436 1789 1436 1773 1436 1783 737 1782 737 1766 737 1791 738 1790 738 1774 738 1784 2059 1783 2059 1767 2059 1791 2060 1776 2060 1760 2060 1785 2219 1784 2219 1768 2219 1777 632 1776 632 1760 632 1807 2406 1806 2406 1790 2406 1800 2407 1799 2407 1783 2407 1807 2408 1792 2408 1776 2408 1785 2409 1801 2409 1800 2409 1793 36 1792 36 1776 36 1802 36 1801 36 1785 36 1795 36 1794 36 1778 36 1794 36 1793 36 1777 36 1803 36 1802 36 1786 36 1796 36 1795 36 1779 36 1788 2410 1804 2410 1803 2410 1781 36 1797 36 1796 36 1789 36 1805 36 1804 36 1798 2411 1797 2411 1781 2411 1806 2412 1805 2412 1789 2412 1799 2406 1798 2406 1782 2406 1821 2413 1820 2413 1804 2413 1814 2414 1813 2414 1797 2414 1822 2415 1821 2415 1805 2415 1815 2416 1814 2416 1798 2416 1823 2417 1822 2417 1806 2417 1800 2418 1816 2418 1815 2418 1807 2419 1823 2419 1808 2419 1801 2420 1817 2420 1816 2420 1809 2421 1808 2421 1792 2421 1802 2422 1818 2422 1817 2422 1795 2423 1811 2423 1810 2423 1810 2424 1809 2424 1793 2424 1803 2425 1819 2425 1818 2425 1812 2426 1811 2426 1795 2426 1804 2427 1820 2427 1819 2427 1797 2428 1813 2428 1812 2428 1827 36 1826 36 1810 36 1826 36 1825 36 1809 36 1835 2429 1834 2429 1818 2429 1828 2430 1827 2430 1811 2430 1820 2431 1836 2431 1835 2431 1813 2432 1829 2432 1828 2432 1821 2433 1837 2433 1836 2433 1830 36 1829 36 1813 36 1822 36 1838 36 1837 36 1831 36 1830 36 1814 36 1839 36 1838 36 1822 36 1816 36 1832 36 1831 36 1839 1 1824 1 1808 1 1833 36 1832 36 1816 36 1825 36 1824 36 1808 36 1818 2434 1834 2434 1833 2434 1848 1402 1847 1402 1831 1402 1855 1402 1840 1402 1824 1402 1833 2435 1849 2435 1848 2435 1841 968 1840 968 1824 968 1834 1403 1850 1403 1849 1403 1843 2357 1842 2357 1826 2357 1842 2436 1841 2436 1825 2436 1851 972 1850 972 1834 972 1844 669 1843 669 1827 669 1852 2359 1851 2359 1835 2359 1845 974 1844 974 1828 974 1853 2437 1852 2437 1836 2437 1846 711 1845 711 1829 711 1854 615 1853 615 1837 615 1847 1405 1846 1405 1830 1405 1855 2361 1854 2361 1838 2361 1842 36 1843 36 1844 36 1844 36 1845 36 1846 36 1846 36 1847 36 1848 36 1848 36 1849 36 1846 36 1850 36 1851 36 1852 36 1852 36 1853 36 1854 36 1854 36 1855 36 1840 36 1840 36 1841 36 1854 36 1842 2438 1844 2438 1850 2438 1846 2439 1849 2439 1850 2439 1850 36 1852 36 1854 36 1854 2440 1841 2440 1842 2440 1844 36 1846 36 1850 36 2545 2405 2369 2405 2370 2405 2538 733 2362 733 2363 733 2537 619 2361 619 2362 619 2546 2985 2370 2985 2371 2985 2539 2986 2363 2986 2364 2986 2547 622 2371 622 2372 622 2540 2056 2364 2056 2365 2056 2548 2057 2372 2057 2373 2057 2541 2987 2365 2987 2366 2987 2549 1436 2373 1436 2374 1436 2542 737 2366 737 2367 737 2550 738 2374 738 2375 738 2543 2988 2367 2988 2368 2988 2536 2060 2360 2060 2375 2060 2544 2219 2368 2219 2369 2219 2536 632 2360 632 2361 632 2374 1 2390 1 2391 1 2367 2989 2383 2989 2384 2989 2360 36 2376 36 2391 36 2369 2990 2368 2990 2384 2990 2360 2323 2376 2323 2377 2323 2369 2991 2385 2991 2386 2991 2362 2992 2378 2992 2379 2992 2361 636 2377 636 2378 636 2370 2993 2386 2993 2387 2993 2363 636 2379 636 2380 636 2372 1 2371 1 2387 1 2365 1 2364 1 2380 1 2373 1 2372 1 2388 1 2365 1 2381 1 2382 1 2373 2994 2389 2994 2390 2994 2366 1 2382 1 2383 1 2388 2995 2404 2995 2405 2995 2381 2330 2397 2330 2398 2330 2389 2996 2405 2996 2406 2996 2382 2997 2398 2997 2399 2997 2390 2998 2406 2998 2407 2998 2384 2999 2383 2999 2399 2999 2391 3000 2376 3000 2392 3000 2385 2336 2384 2336 2400 2336 2376 2337 2392 2337 2393 2337 2386 3001 2385 3001 2401 3001 2379 2339 2378 2339 2394 2339 2377 2340 2393 2340 2394 2340 2387 3002 2386 3002 2402 3002 2379 3003 2395 3003 2396 3003 2388 3004 2387 3004 2403 3004 2381 2344 2380 2344 2396 2344 2394 1 2410 1 2411 1 2393 2346 2409 2346 2410 2346 2402 1 2418 1 2419 1 2395 3005 2411 3005 2412 3005 2404 1 2403 1 2419 1 2397 1 2396 1 2412 1 2405 1 2404 1 2420 1 2397 1 2413 1 2414 1 2406 1 2405 1 2421 1 2398 3006 2414 3006 2415 3006 2406 1 2422 1 2423 1 2400 3007 2399 3007 2415 3007 2392 36 2408 36 2423 36 2400 1 2416 1 2417 1 2392 1 2408 1 2409 1 2402 1 2401 1 2417 1 2415 661 2431 661 2432 661 2408 967 2424 967 2439 967 2416 721 2432 721 2433 721 2408 968 2424 968 2425 968 2417 969 2433 969 2434 969 2410 2357 2426 2357 2427 2357 2409 2436 2425 2436 2426 2436 2418 972 2434 972 2435 972 2411 669 2427 669 2428 669 2419 2359 2435 2359 2436 2359 2412 974 2428 974 2429 974 2420 2360 2436 2360 2437 2360 2413 711 2429 711 2430 711 2421 615 2437 615 2438 615 2414 675 2430 675 2431 675 2422 2361 2438 2361 2439 2361 2428 1 2427 1 2426 1 2426 1 2425 1 2428 1 2424 1 2439 1 2438 1 2438 3008 2437 3008 2436 3008 2436 1 2435 1 2434 1 2434 1 2433 1 2432 1 2432 3009 2431 3009 2428 3009 2430 3010 2429 3010 2428 3010 2428 3011 2425 3011 2424 3011 2424 1 2438 1 2436 1 2436 1 2434 1 2428 1 2431 1 2430 1 2428 1 2428 1 2424 1 2436 1 2562 2053 2561 2053 2545 2053 2555 733 2554 733 2538 733 2554 619 2553 619 2537 619 2563 2054 2562 2054 2546 2054 2556 2318 2555 2318 2539 2318 2564 622 2563 622 2547 622 2557 2056 2556 2056 2540 2056 2565 2057 2564 2057 2548 2057 2558 2987 2557 2987 2541 2987 2566 626 2565 626 2549 626 2559 737 2558 737 2542 737 2567 3036 2566 3036 2550 3036 2560 2059 2559 2059 2543 2059 2567 2060 2552 2060 2536 2060 2561 2219 2560 2219 2544 2219 2553 632 2552 632 2536 632 2583 3037 2582 3037 2566 3037 2576 3038 2575 3038 2559 3038 2583 3039 2568 3039 2552 3039 2561 2409 2577 2409 2576 2409 2569 36 2568 36 2552 36 2578 3040 2577 3040 2561 3040 2571 36 2570 36 2554 36 2570 36 2569 36 2553 36 2579 36 2578 36 2562 36 2572 36 2571 36 2555 36 2564 3041 2580 3041 2579 3041 2557 36 2573 36 2572 36 2565 3042 2581 3042 2580 3042 2574 36 2573 36 2557 36 2582 36 2581 36 2565 36 2575 2406 2574 2406 2558 2406 2597 3043 2596 3043 2580 3043 2590 2414 2589 2414 2573 2414 2598 3044 2597 3044 2581 3044 2591 2416 2590 2416 2574 2416 2599 2417 2598 2417 2582 2417 2576 3045 2592 3045 2591 3045 2583 2419 2599 2419 2584 2419 2577 3046 2593 3046 2592 3046 2585 3047 2584 3047 2568 3047 2578 3048 2594 3048 2593 3048 2571 3049 2587 3049 2586 3049 2586 2424 2585 2424 2569 2424 2579 3050 2595 3050 2594 3050 2588 3051 2587 3051 2571 3051 2580 3052 2596 3052 2595 3052 2573 2428 2589 2428 2588 2428 2603 3053 2602 3053 2586 3053 2602 36 2601 36 2585 36 2611 36 2610 36 2594 36 2604 36 2603 36 2587 36 2596 3054 2612 3054 2611 3054 2589 2432 2605 2432 2604 2432 2597 3055 2613 3055 2612 3055 2606 36 2605 36 2589 36 2598 3056 2614 3056 2613 3056 2607 36 2606 36 2590 36 2615 36 2614 36 2598 36 2592 36 2608 36 2607 36 2615 1 2600 1 2584 1 2609 36 2608 36 2592 36 2601 36 2600 36 2584 36 2594 36 2610 36 2609 36 2624 1402 2623 1402 2607 1402 2631 967 2616 967 2600 967 2609 2435 2625 2435 2624 2435 2617 968 2616 968 2600 968 2610 969 2626 969 2625 969 2619 2357 2618 2357 2602 2357 2618 2436 2617 2436 2601 2436 2627 972 2626 972 2610 972 2620 669 2619 669 2603 669 2628 2359 2627 2359 2611 2359 2621 974 2620 974 2604 974 2629 3057 2628 3057 2612 3057 2622 711 2621 711 2605 711 2630 615 2629 615 2613 615 2623 1405 2622 1405 2606 1405 2631 2361 2630 2361 2614 2361 2618 36 2619 36 2620 36 2620 36 2621 36 2622 36 2622 36 2623 36 2624 36 2624 36 2625 36 2622 36 2626 36 2627 36 2628 36 2628 36 2629 36 2630 36 2630 3058 2631 3058 2616 3058 2616 36 2617 36 2630 36 2618 3059 2620 3059 2626 3059 2622 3060 2625 3060 2626 3060 2626 36 2628 36 2630 36 2630 3061 2617 3061 2618 3061 2620 3062 2622 3062 2626 3062</p>
        </triangles>
        <triangles material="Lampe_Vorne-material" count="496">
          <input semantic="VERTEX" source="#Plane-mesh-vertices" offset="0"/>
          <input semantic="NORMAL" source="#Plane-mesh-normals" offset="1"/>
          <p>2010 1207 2013 1207 2012 1207 2012 1208 2015 1208 2014 1208 2014 1209 2017 1209 2016 1209 2016 1210 2019 1210 2018 1210 2018 1211 2021 1211 2020 1211 2020 1212 2023 1212 2022 1212 2022 1213 2025 1213 2024 1213 2024 1214 2027 1214 2026 1214 2027 1215 2028 1215 2026 1215 2029 1216 2030 1216 2028 1216 2031 1217 2032 1217 2030 1217 2033 1218 2034 1218 2032 1218 2035 1219 2036 1219 2034 1219 2037 1220 2038 1220 2036 1220 2039 1221 2040 1221 2038 1221 2041 1222 2042 1222 2040 1222 2043 1223 2044 1223 2042 1223 2045 1224 2046 1224 2044 1224 2047 1225 2048 1225 2046 1225 2049 1226 2050 1226 2048 1226 2051 1227 2052 1227 2050 1227 2053 1228 2054 1228 2052 1228 2055 1229 2056 1229 2054 1229 2057 1230 2058 1230 2056 1230 2058 1231 2061 1231 2060 1231 2060 1232 2063 1232 2062 1232 2062 1233 2065 1233 2064 1233 2064 1234 2067 1234 2066 1234 2066 1235 2069 1235 2068 1235 2068 1236 2071 1236 2070 1236 2047 1237 2031 1237 2015 1237 2070 1238 2073 1238 2072 1238 2072 1239 2011 1239 2010 1239 2040 1240 2056 1240 2072 1240 2074 1241 2077 1241 2076 1241 2076 1242 2079 1242 2078 1242 2078 1243 2081 1243 2080 1243 2080 1244 2083 1244 2082 1244 2082 1245 2085 1245 2084 1245 2084 1246 2087 1246 2086 1246 2086 1247 2089 1247 2088 1247 2088 1248 2091 1248 2090 1248 2091 1249 2092 1249 2090 1249 2093 1250 2094 1250 2092 1250 2095 1251 2096 1251 2094 1251 2097 1252 2098 1252 2096 1252 2099 1253 2100 1253 2098 1253 2101 1254 2102 1254 2100 1254 2103 1255 2104 1255 2102 1255 2105 1256 2106 1256 2104 1256 2107 1257 2108 1257 2106 1257 2109 1258 2110 1258 2108 1258 2111 1259 2112 1259 2110 1259 2113 1260 2114 1260 2112 1260 2115 1261 2116 1261 2114 1261 2117 1262 2118 1262 2116 1262 2119 1263 2120 1263 2118 1263 2121 1264 2122 1264 2120 1264 2122 1265 2125 1265 2124 1265 2124 1266 2127 1266 2126 1266 2126 1267 2129 1267 2128 1267 2128 1268 2131 1268 2130 1268 2130 1269 2133 1269 2132 1269 2132 1270 2135 1270 2134 1270 2111 1271 2087 1271 2079 1271 2134 1272 2137 1272 2136 1272 2136 1273 2075 1273 2074 1273 2104 1274 2120 1274 2136 1274 2138 1275 2141 1275 2140 1275 2140 1276 2143 1276 2142 1276 2142 1277 2145 1277 2144 1277 2144 1278 2147 1278 2146 1278 2146 1268 2149 1268 2148 1268 2148 1279 2151 1279 2150 1279 2150 1280 2153 1280 2152 1280 2152 1281 2155 1281 2154 1281 2155 1282 2156 1282 2154 1282 2157 1283 2158 1283 2156 1283 2159 1284 2160 1284 2158 1284 2161 1285 2162 1285 2160 1285 2163 1286 2164 1286 2162 1286 2165 1287 2166 1287 2164 1287 2167 1288 2168 1288 2166 1288 2169 1289 2170 1289 2168 1289 2171 1290 2172 1290 2170 1290 2173 1291 2174 1291 2172 1291 2175 1292 2176 1292 2174 1292 2177 1293 2178 1293 2176 1293 2179 1294 2180 1294 2178 1294 2181 1295 2182 1295 2180 1295 2183 1296 2184 1296 2182 1296 2185 1297 2186 1297 2184 1297 2186 1298 2189 1298 2188 1298 2188 1299 2191 1299 2190 1299 2190 1300 2193 1300 2192 1300 2192 1301 2195 1301 2194 1301 2194 1302 2197 1302 2196 1302 2196 1303 2199 1303 2198 1303 2167 1304 2159 1304 2143 1304 2198 1305 2201 1305 2200 1305 2200 1306 2139 1306 2138 1306 2168 1307 2184 1307 2200 1307 2202 1308 2205 1308 2204 1308 2204 1309 2207 1309 2206 1309 2206 1310 2209 1310 2208 1310 2208 1311 2211 1311 2210 1311 2210 1312 2213 1312 2212 1312 2212 1313 2215 1313 2214 1313 2214 1314 2217 1314 2216 1314 2216 1315 2219 1315 2218 1315 2219 1316 2220 1316 2218 1316 2221 1317 2222 1317 2220 1317 2223 1318 2224 1318 2222 1318 2225 1319 2226 1319 2224 1319 2227 1320 2228 1320 2226 1320 2229 1321 2230 1321 2228 1321 2231 1322 2232 1322 2230 1322 2233 1323 2234 1323 2232 1323 2235 1324 2236 1324 2234 1324 2237 1325 2238 1325 2236 1325 2239 1326 2240 1326 2238 1326 2241 1327 2242 1327 2240 1327 2243 1328 2244 1328 2242 1328 2245 1329 2246 1329 2244 1329 2247 1330 2248 1330 2246 1330 2249 1331 2250 1331 2248 1331 2250 1332 2253 1332 2252 1332 2252 1299 2255 1299 2254 1299 2254 1333 2257 1333 2256 1333 2256 1334 2259 1334 2258 1334 2258 1335 2261 1335 2260 1335 2260 1243 2263 1243 2262 1243 2239 1336 2223 1336 2207 1336 2262 1337 2265 1337 2264 1337 2264 1338 2203 1338 2202 1338 2232 1339 2248 1339 2264 1339 2010 2607 2011 2607 2013 2607 2012 2608 2013 2608 2015 2608 2014 2609 2015 2609 2017 2609 2016 2610 2017 2610 2019 2610 2018 2611 2019 2611 2021 2611 2020 2612 2021 2612 2023 2612 2022 2613 2023 2613 2025 2613 2024 2614 2025 2614 2027 2614 2027 2615 2029 2615 2028 2615 2029 2616 2031 2616 2030 2616 2031 2617 2033 2617 2032 2617 2033 2618 2035 2618 2034 2618 2035 2619 2037 2619 2036 2619 2037 2620 2039 2620 2038 2620 2039 2621 2041 2621 2040 2621 2041 2622 2043 2622 2042 2622 2043 2623 2045 2623 2044 2623 2045 2624 2047 2624 2046 2624 2047 2625 2049 2625 2048 2625 2049 2626 2051 2626 2050 2626 2051 2627 2053 2627 2052 2627 2053 2628 2055 2628 2054 2628 2055 2629 2057 2629 2056 2629 2057 2630 2059 2630 2058 2630 2058 2631 2059 2631 2061 2631 2060 2632 2061 2632 2063 2632 2062 2633 2063 2633 2065 2633 2064 2634 2065 2634 2067 2634 2066 2635 2067 2635 2069 2635 2068 2636 2069 2636 2071 2636 2015 2637 2013 2637 2011 2637 2011 2638 2073 2638 2015 2638 2071 2639 2069 2639 2063 2639 2067 2640 2065 2640 2063 2640 2063 2641 2061 2641 2059 2641 2059 2642 2057 2642 2063 2642 2055 2643 2053 2643 2047 2643 2051 2644 2049 2644 2047 2644 2047 2645 2045 2645 2043 2645 2043 2646 2041 2646 2047 2646 2039 2647 2037 2647 2035 2647 2035 2648 2033 2648 2031 2648 2031 2649 2029 2649 2027 2649 2027 2650 2025 2650 2031 2650 2023 2651 2021 2651 2019 2651 2019 2652 2017 2652 2015 2652 2015 2653 2073 2653 2071 2653 2069 2654 2067 2654 2063 2654 2063 2655 2057 2655 2055 2655 2053 2656 2051 2656 2047 2656 2047 2657 2041 2657 2039 2657 2039 2658 2035 2658 2047 2658 2031 2659 2025 2659 2023 2659 2023 2660 2019 2660 2031 2660 2015 2661 2071 2661 2063 2661 2063 2662 2055 2662 2047 2662 2047 2663 2035 2663 2031 2663 2031 2664 2019 2664 2015 2664 2015 2665 2063 2665 2047 2665 2070 2666 2071 2666 2073 2666 2072 2667 2073 2667 2011 2667 2072 2668 2010 2668 2012 2668 2012 2669 2014 2669 2016 2669 2016 2670 2018 2670 2020 2670 2020 2671 2022 2671 2016 2671 2024 2672 2026 2672 2028 2672 2028 2673 2030 2673 2024 2673 2032 2674 2034 2674 2036 2674 2036 2675 2038 2675 2040 2675 2040 2676 2042 2676 2044 2676 2044 2677 2046 2677 2040 2677 2048 2678 2050 2678 2052 2678 2052 2679 2054 2679 2056 2679 2056 2680 2058 2680 2060 2680 2060 2681 2062 2681 2064 2681 2064 2682 2066 2682 2068 2682 2068 2683 2070 2683 2072 2683 2072 2684 2012 2684 2016 2684 2016 2685 2022 2685 2024 2685 2024 2686 2030 2686 2032 2686 2032 2687 2036 2687 2024 2687 2040 2688 2046 2688 2048 2688 2048 2689 2052 2689 2040 2689 2056 2690 2060 2690 2064 2690 2064 2691 2068 2691 2056 2691 2072 2692 2016 2692 2040 2692 2024 2693 2036 2693 2040 2693 2040 2694 2052 2694 2056 2694 2056 2695 2068 2695 2072 2695 2016 2696 2024 2696 2040 2696 2074 2697 2075 2697 2077 2697 2076 2698 2077 2698 2079 2698 2078 2699 2079 2699 2081 2699 2080 2700 2081 2700 2083 2700 2082 2701 2083 2701 2085 2701 2084 2702 2085 2702 2087 2702 2086 2703 2087 2703 2089 2703 2088 2704 2089 2704 2091 2704 2091 2705 2093 2705 2092 2705 2093 2706 2095 2706 2094 2706 2095 2707 2097 2707 2096 2707 2097 2708 2099 2708 2098 2708 2099 2709 2101 2709 2100 2709 2101 2710 2103 2710 2102 2710 2103 2711 2105 2711 2104 2711 2105 2712 2107 2712 2106 2712 2107 2713 2109 2713 2108 2713 2109 2714 2111 2714 2110 2714 2111 2715 2113 2715 2112 2715 2113 2716 2115 2716 2114 2716 2115 2717 2117 2717 2116 2717 2117 2718 2119 2718 2118 2718 2119 2719 2121 2719 2120 2719 2121 2720 2123 2720 2122 2720 2122 2721 2123 2721 2125 2721 2124 2722 2125 2722 2127 2722 2126 2723 2127 2723 2129 2723 2128 2724 2129 2724 2131 2724 2130 2725 2131 2725 2133 2725 2132 2726 2133 2726 2135 2726 2079 2727 2077 2727 2075 2727 2075 2728 2137 2728 2135 2728 2135 2729 2133 2729 2131 2729 2131 2730 2129 2730 2135 2730 2127 2659 2125 2659 2119 2659 2123 2731 2121 2731 2119 2731 2119 2732 2117 2732 2111 2732 2115 2733 2113 2733 2111 2733 2111 2734 2109 2734 2107 2734 2107 2735 2105 2735 2111 2735 2103 2736 2101 2736 2099 2736 2099 2737 2097 2737 2103 2737 2095 2738 2093 2738 2087 2738 2091 2739 2089 2739 2087 2739 2087 2740 2085 2740 2083 2740 2083 2741 2081 2741 2087 2741 2079 2742 2075 2742 2127 2742 2135 2743 2129 2743 2127 2743 2125 2744 2123 2744 2119 2744 2117 2741 2115 2741 2111 2741 2111 2745 2105 2745 2103 2745 2103 2746 2097 2746 2095 2746 2093 2747 2091 2747 2087 2747 2087 2748 2081 2748 2079 2748 2075 2749 2135 2749 2127 2749 2127 2750 2119 2750 2111 2750 2111 2751 2103 2751 2095 2751 2095 2752 2087 2752 2111 2752 2079 2753 2127 2753 2111 2753 2134 2754 2135 2754 2137 2754 2136 2755 2137 2755 2075 2755 2136 2756 2074 2756 2080 2756 2076 2757 2078 2757 2080 2757 2080 2758 2082 2758 2084 2758 2084 2759 2086 2759 2080 2759 2088 2760 2090 2760 2092 2760 2092 2761 2094 2761 2096 2761 2096 2762 2098 2762 2100 2762 2100 2763 2102 2763 2104 2763 2104 2764 2106 2764 2108 2764 2108 2765 2110 2765 2104 2765 2112 2766 2114 2766 2116 2766 2116 2767 2118 2767 2112 2767 2120 2768 2122 2768 2124 2768 2124 2769 2126 2769 2128 2769 2128 2770 2130 2770 2132 2770 2132 2771 2134 2771 2136 2771 2074 2772 2076 2772 2080 2772 2080 2773 2086 2773 2088 2773 2088 2774 2092 2774 2096 2774 2096 2775 2100 2775 2104 2775 2104 2776 2110 2776 2112 2776 2112 2777 2118 2777 2120 2777 2120 2778 2124 2778 2128 2778 2128 2779 2132 2779 2120 2779 2136 2780 2080 2780 2104 2780 2088 2781 2096 2781 2104 2781 2104 2782 2112 2782 2120 2782 2120 2783 2132 2783 2136 2783 2080 2784 2088 2784 2104 2784 2138 2785 2139 2785 2141 2785 2140 2786 2141 2786 2143 2786 2142 2787 2143 2787 2145 2787 2144 2788 2145 2788 2147 2788 2146 2789 2147 2789 2149 2789 2148 2790 2149 2790 2151 2790 2150 2791 2151 2791 2153 2791 2152 2792 2153 2792 2155 2792 2155 2793 2157 2793 2156 2793 2157 2794 2159 2794 2158 2794 2159 2795 2161 2795 2160 2795 2161 2796 2163 2796 2162 2796 2163 2797 2165 2797 2164 2797 2165 2798 2167 2798 2166 2798 2167 2799 2169 2799 2168 2799 2169 2800 2171 2800 2170 2800 2171 2801 2173 2801 2172 2801 2173 2802 2175 2802 2174 2802 2175 2803 2177 2803 2176 2803 2177 2804 2179 2804 2178 2804 2179 2805 2181 2805 2180 2805 2181 2806 2183 2806 2182 2806 2183 2807 2185 2807 2184 2807 2185 2808 2187 2808 2186 2808 2186 2809 2187 2809 2189 2809 2188 2810 2189 2810 2191 2810 2190 2811 2191 2811 2193 2811 2192 2812 2193 2812 2195 2812 2194 2813 2195 2813 2197 2813 2196 2814 2197 2814 2199 2814 2143 2815 2141 2815 2199 2815 2139 2816 2201 2816 2199 2816 2199 2817 2197 2817 2195 2817 2195 2818 2193 2818 2191 2818 2191 2819 2189 2819 2183 2819 2187 2820 2185 2820 2183 2820 2183 2821 2181 2821 2179 2821 2179 2679 2177 2679 2175 2679 2175 2822 2173 2822 2171 2822 2171 2823 2169 2823 2175 2823 2167 2824 2165 2824 2163 2824 2163 2825 2161 2825 2167 2825 2159 2826 2157 2826 2155 2826 2155 2827 2153 2827 2151 2827 2151 2828 2149 2828 2143 2828 2147 2829 2145 2829 2143 2829 2141 2830 2139 2830 2199 2830 2199 2831 2195 2831 2143 2831 2189 2832 2187 2832 2183 2832 2183 2833 2179 2833 2175 2833 2175 2834 2169 2834 2167 2834 2167 2835 2161 2835 2159 2835 2159 2836 2155 2836 2143 2836 2149 2837 2147 2837 2143 2837 2143 2838 2195 2838 2191 2838 2191 2839 2183 2839 2175 2839 2175 2840 2167 2840 2143 2840 2155 2841 2151 2841 2143 2841 2143 2842 2191 2842 2175 2842 2198 2843 2199 2843 2201 2843 2200 2844 2201 2844 2139 2844 2200 2845 2138 2845 2140 2845 2140 2846 2142 2846 2144 2846 2144 2847 2146 2847 2148 2847 2148 2848 2150 2848 2152 2848 2152 2849 2154 2849 2156 2849 2156 2850 2158 2850 2152 2850 2160 2851 2162 2851 2164 2851 2164 2852 2166 2852 2168 2852 2168 2853 2170 2853 2172 2853 2172 2854 2174 2854 2176 2854 2176 2855 2178 2855 2180 2855 2180 2856 2182 2856 2184 2856 2184 2857 2186 2857 2192 2857 2188 2858 2190 2858 2192 2858 2192 2859 2194 2859 2200 2859 2196 2860 2198 2860 2200 2860 2200 2861 2140 2861 2152 2861 2144 2862 2148 2862 2152 2862 2152 2863 2158 2863 2160 2863 2160 2864 2164 2864 2152 2864 2168 2865 2172 2865 2184 2865 2176 2866 2180 2866 2184 2866 2186 2867 2188 2867 2192 2867 2194 2868 2196 2868 2200 2868 2140 2869 2144 2869 2152 2869 2152 1339 2164 1339 2168 1339 2172 2870 2176 2870 2184 2870 2184 2871 2192 2871 2200 2871 2200 2872 2152 2872 2168 2872 2202 2873 2203 2873 2205 2873 2204 2874 2205 2874 2207 2874 2206 2875 2207 2875 2209 2875 2208 2876 2209 2876 2211 2876 2210 2877 2211 2877 2213 2877 2212 2878 2213 2878 2215 2878 2214 2879 2215 2879 2217 2879 2216 2880 2217 2880 2219 2880 2219 2793 2221 2793 2220 2793 2221 2881 2223 2881 2222 2881 2223 2882 2225 2882 2224 2882 2225 2883 2227 2883 2226 2883 2227 2884 2229 2884 2228 2884 2229 2885 2231 2885 2230 2885 2231 2886 2233 2886 2232 2886 2233 2887 2235 2887 2234 2887 2235 2888 2237 2888 2236 2888 2237 2889 2239 2889 2238 2889 2239 2890 2241 2890 2240 2890 2241 2891 2243 2891 2242 2891 2243 2892 2245 2892 2244 2892 2245 2893 2247 2893 2246 2893 2247 2894 2249 2894 2248 2894 2249 2895 2251 2895 2250 2895 2250 2896 2251 2896 2253 2896 2252 2897 2253 2897 2255 2897 2254 2898 2255 2898 2257 2898 2256 2899 2257 2899 2259 2899 2258 2900 2259 2900 2261 2900 2260 2901 2261 2901 2263 2901 2207 2902 2205 2902 2203 2902 2203 2674 2265 2674 2263 2674 2263 2903 2261 2903 2255 2903 2259 2904 2257 2904 2255 2904 2255 2905 2253 2905 2251 2905 2251 2906 2249 2906 2255 2906 2247 2907 2245 2907 2239 2907 2243 2908 2241 2908 2239 2908 2239 2909 2237 2909 2235 2909 2235 2909 2233 2909 2231 2909 2231 2910 2229 2910 2223 2910 2227 2761 2225 2761 2223 2761 2223 2911 2221 2911 2219 2911 2219 2912 2217 2912 2223 2912 2215 2913 2213 2913 2211 2913 2211 2914 2209 2914 2215 2914 2207 2915 2203 2915 2255 2915 2261 2916 2259 2916 2255 2916 2255 2917 2249 2917 2247 2917 2245 2918 2243 2918 2239 2918 2239 2919 2235 2919 2223 2919 2229 2920 2227 2920 2223 2920 2223 2921 2217 2921 2215 2921 2215 2922 2209 2922 2207 2922 2203 2923 2263 2923 2255 2923 2255 2924 2247 2924 2207 2924 2235 2925 2231 2925 2223 2925 2223 2926 2215 2926 2207 2926 2207 2927 2247 2927 2239 2927 2262 2928 2263 2928 2265 2928 2264 2929 2265 2929 2203 2929 2264 2930 2202 2930 2208 2930 2204 2931 2206 2931 2208 2931 2208 2932 2210 2932 2212 2932 2212 2933 2214 2933 2208 2933 2216 2934 2218 2934 2220 2934 2220 2935 2222 2935 2216 2935 2224 2936 2226 2936 2228 2936 2228 2937 2230 2937 2232 2937 2232 2938 2234 2938 2240 2938 2236 2652 2238 2652 2240 2652 2240 2939 2242 2939 2244 2939 2244 2940 2246 2940 2248 2940 2248 2941 2250 2941 2252 2941 2252 2942 2254 2942 2256 2942 2256 2736 2258 2736 2260 2736 2260 2943 2262 2943 2264 2943 2202 2944 2204 2944 2208 2944 2208 2945 2214 2945 2216 2945 2216 2946 2222 2946 2224 2946 2224 2947 2228 2947 2216 2947 2234 2948 2236 2948 2240 2948 2240 2949 2244 2949 2232 2949 2248 2872 2252 2872 2256 2872 2256 2950 2260 2950 2248 2950 2264 2951 2208 2951 2232 2951 2216 2952 2228 2952 2232 2952 2232 2953 2244 2953 2248 2953 2248 2954 2260 2954 2264 2954 2208 2955 2216 2955 2232 2955</p>
        </triangles>
        <triangles material="window-material" count="14">
          <input semantic="VERTEX" source="#Plane-mesh-vertices" offset="0"/>
          <input semantic="NORMAL" source="#Plane-mesh-normals" offset="1"/>
          <p>2267 1340 2268 1340 2266 1340 2269 1341 2270 1341 2268 1341 2270 1342 2273 1342 2272 1342 2272 1343 2279 1343 2278 1343 2274 1344 2267 1344 2266 1344 2274 1345 2277 1345 2275 1345 2276 1346 2279 1346 2277 1346 2267 1340 2269 1340 2268 1340 2269 2956 2271 2956 2270 2956 2270 2957 2271 2957 2273 2957 2272 1346 2273 1346 2279 1346 2274 2958 2275 2958 2267 2958 2274 2959 2276 2959 2277 2959 2276 2960 2278 2960 2279 2960</p>
        </triangles>
        <triangles material="Lampe_Hinten-material" count="120">
          <input semantic="VERTEX" source="#Plane-mesh-vertices" offset="0"/>
          <input semantic="NORMAL" source="#Plane-mesh-normals" offset="1"/>
          <p>2649 1458 2635 1458 2650 1458 2662 1459 2639 1459 2652 1459 2652 1460 2637 1460 2654 1460 2658 1461 2633 1461 2649 1461 2638 1462 2645 1462 2640 1462 2642 1463 2633 1463 2647 1463 2639 1464 2646 1464 2637 1464 2643 1465 2647 1465 2646 1465 2641 1466 2632 1466 2634 1466 2640 1467 2644 1467 2641 1467 2637 1468 2656 1468 2654 1468 2646 1469 2658 1469 2656 1469 2635 1470 2660 1470 2650 1470 2642 1471 2662 1471 2660 1471 2661 1472 2640 1472 2641 1472 2660 1473 2663 1473 2661 1473 2634 1474 2661 1474 2641 1474 2650 1475 2661 1475 2651 1475 2657 1476 2644 1476 2645 1476 2656 1477 2659 1477 2657 1477 2636 1478 2657 1478 2645 1478 2654 1479 2657 1479 2655 1479 2659 1480 2632 1480 2644 1480 2658 1479 2648 1479 2659 1479 2653 1481 2636 1481 2638 1481 2652 1482 2655 1482 2653 1482 2663 1483 2638 1483 2640 1483 2662 1484 2653 1484 2663 1484 2648 1485 2634 1485 2632 1485 2649 1486 2651 1486 2648 1486 2665 1487 2682 1487 2681 1487 2694 1488 2671 1488 2684 1488 2671 1489 2686 1489 2684 1489 2690 1490 2665 1490 2681 1490 2672 1491 2668 1491 2677 1491 2667 1492 2679 1492 2674 1492 2675 1493 2669 1493 2671 1493 2674 1494 2678 1494 2675 1494 2666 1495 2676 1495 2664 1495 2673 1496 2677 1496 2676 1496 2669 1497 2688 1497 2686 1497 2678 1498 2690 1498 2688 1498 2667 1499 2692 1499 2682 1499 2674 1500 2694 1500 2692 1500 2693 1501 2672 1501 2673 1501 2692 1502 2695 1502 2693 1502 2666 1503 2693 1503 2673 1503 2682 1504 2693 1504 2683 1504 2689 1505 2676 1505 2677 1505 2688 1506 2691 1506 2689 1506 2668 1507 2689 1507 2677 1507 2686 1508 2689 1508 2687 1508 2691 1509 2664 1509 2676 1509 2690 1510 2680 1510 2691 1510 2670 1511 2687 1511 2668 1511 2684 1512 2687 1512 2685 1512 2695 1513 2670 1513 2672 1513 2694 1514 2685 1514 2695 1514 2664 1515 2683 1515 2666 1515 2681 1516 2683 1516 2680 1516 2649 3063 2633 3063 2635 3063 2662 3064 2643 3064 2639 3064 2652 3065 2639 3065 2637 3065 2658 3066 2647 3066 2633 3066 2638 3067 2636 3067 2645 3067 2642 3068 2635 3068 2633 3068 2639 3069 2643 3069 2646 3069 2643 3070 2642 3070 2647 3070 2641 3071 2644 3071 2632 3071 2640 3072 2645 3072 2644 3072 2637 1478 2646 1478 2656 1478 2646 3073 2647 3073 2658 3073 2635 3074 2642 3074 2660 3074 2642 3075 2643 3075 2662 3075 2661 3076 2663 3076 2640 3076 2660 3076 2662 3076 2663 3076 2634 3077 2651 3077 2661 3077 2650 3078 2660 3078 2661 3078 2657 3079 2659 3079 2644 3079 2656 3079 2658 3079 2659 3079 2636 3080 2655 3080 2657 3080 2654 3081 2656 3081 2657 3081 2659 3082 2648 3082 2632 3082 2658 3083 2649 3083 2648 3083 2653 3084 2655 3084 2636 3084 2652 1482 2654 1482 2655 1482 2663 3085 2653 3085 2638 3085 2662 3086 2652 3086 2653 3086 2648 3087 2651 3087 2634 3087 2649 3088 2650 3088 2651 3088 2665 3089 2667 3089 2682 3089 2694 3090 2675 3090 2671 3090 2671 3091 2669 3091 2686 3091 2690 3092 2679 3092 2665 3092 2672 3093 2670 3093 2668 3093 2667 3094 2665 3094 2679 3094 2675 3095 2678 3095 2669 3095 2674 3096 2679 3096 2678 3096 2666 3097 2673 3097 2676 3097 2673 3098 2672 3098 2677 3098 2669 3099 2678 3099 2688 3099 2678 3100 2679 3100 2690 3100 2667 1513 2674 1513 2692 1513 2674 3101 2675 3101 2694 3101 2693 3102 2695 3102 2672 3102 2692 3102 2694 3102 2695 3102 2666 1488 2683 1488 2693 1488 2682 3103 2692 3103 2693 3103 2689 3104 2691 3104 2676 3104 2688 3104 2690 3104 2691 3104 2668 3105 2687 3105 2689 3105 2686 3106 2688 3106 2689 3106 2691 3107 2680 3107 2664 3107 2690 3108 2681 3108 2680 3108 2670 3109 2685 3109 2687 3109 2684 3110 2686 3110 2687 3110 2695 1499 2685 1499 2670 1499 2694 3111 2684 3111 2685 3111 2664 3112 2680 3112 2683 3112 2681 3113 2682 3113 2683 3113</p>
        </triangles>
      </mesh>
    </geometry>
    <geometry id="Plane_001-mesh" name="Plane.001">
      <mesh>
        <source id="Plane_001-mesh-positions">
          <float_array id="Plane_001-mesh-positions-array" count="12">-1 -1 0 1 -1 0 -1 1 0 1 1 0</float_array>
          <technique_common>
            <accessor source="#Plane_001-mesh-positions-array" count="4" stride="3">
              <param name="X" type="float"/>
              <param name="Y" type="float"/>
              <param name="Z" type="float"/>
            </accessor>
          </technique_common>
        </source>
        <source id="Plane_001-mesh-normals">
          <float_array id="Plane_001-mesh-normals-array" count="3">0 0 1</float_array>
          <technique_common>
            <accessor source="#Plane_001-mesh-normals-array" count="1" stride="3">
              <param name="X" type="float"/>
              <param name="Y" type="float"/>
              <param name="Z" type="float"/>
            </accessor>
          </technique_common>
        </source>
        <vertices id="Plane_001-mesh-vertices">
          <input semantic="POSITION" source="#Plane_001-mesh-positions"/>
        </vertices>
        <triangles material="Emission_Sky-material" count="2">
          <input semantic="VERTEX" source="#Plane_001-mesh-vertices" offset="0"/>
          <input semantic="NORMAL" source="#Plane_001-mesh-normals" offset="1"/>
          <p>1 0 2 0 0 0 1 0 3 0 2 0</p>
        </triangles>
      </mesh>
    </geometry>
    <geometry id="Plane_002-mesh" name="Plane.002">
      <mesh>
        <source id="Plane_002-mesh-positions">
          <float_array id="Plane_002-mesh-positions-array" count="12">-1 -1 0 1 -1 0 -1 1 0 1 1 0</float_array>
          <technique_common>
            <accessor source="#Plane_002-mesh-positions-array" count="4" stride="3">
              <param name="X" type="float"/>
              <param name="Y" type="float"/>
              <param name="Z" type="float"/>
            </accessor>
          </technique_common>
        </source>
        <source id="Plane_002-mesh-normals">
          <float_array id="Plane_002-mesh-normals-array" count="3">0 0 1</float_array>
          <technique_common>
            <accessor source="#Plane_002-mesh-normals-array" count="1" stride="3">
              <param name="X" type="float"/>
              <param name="Y" type="float"/>
              <param name="Z" type="float"/>
            </accessor>
          </technique_common>
        </source>
        <vertices id="Plane_002-mesh-vertices">
          <input semantic="POSITION" source="#Plane_002-mesh-positions"/>
        </vertices>
        <triangles material="Emission_Sky-material" count="2">
          <input semantic="VERTEX" source="#Plane_002-mesh-vertices" offset="0"/>
          <input semantic="NORMAL" source="#Plane_002-mesh-normals" offset="1"/>
          <p>1 0 2 0 0 0 1 0 3 0 2 0</p>
        </triangles>
      </mesh>
    </geometry>
    <geometry id="Plane_003-mesh" name="Plane.003">
      <mesh>
        <source id="Plane_003-mesh-positions">
          <float_array id="Plane_003-mesh-positions-array" count="54">-2.921297 -1 0 1 -1 0 -2.921297 1 0 1 1 0 -2.921297 -1 3.654609 -2.921297 1 3.654609 0.9639475 -1 0 0.9639475 1 0 -2.921297 1 3.62317 -2.921297 -1 3.62317 -2.057666 1 4.019919 1.863631 1 4.019919 1.827578 1 4.019919 -2.921297 0.5782989 0 1 0.5782989 0 -2.921297 0.5782989 3.654609 0.9639475 0.5782989 0 -2.921297 0.5782989 3.62317</float_array>
          <technique_common>
            <accessor source="#Plane_003-mesh-positions-array" count="18" stride="3">
              <param name="X" type="float"/>
              <param name="Y" type="float"/>
              <param name="Z" type="float"/>
            </accessor>
          </technique_common>
        </source>
        <source id="Plane_003-mesh-normals">
          <float_array id="Plane_003-mesh-normals-array" count="9">0 0 1 1 0 0 0 -1 0</float_array>
          <technique_common>
            <accessor source="#Plane_003-mesh-normals-array" count="3" stride="3">
              <param name="X" type="float"/>
              <param name="Y" type="float"/>
              <param name="Z" type="float"/>
            </accessor>
          </technique_common>
        </source>
        <vertices id="Plane_003-mesh-vertices">
          <input semantic="POSITION" source="#Plane_003-mesh-positions"/>
        </vertices>
        <triangles material="Hintergrund-material" count="22">
          <input semantic="VERTEX" source="#Plane_003-mesh-vertices" offset="0"/>
          <input semantic="NORMAL" source="#Plane_003-mesh-normals" offset="1"/>
          <p>14 0 7 0 16 0 8 1 15 1 17 1 16 0 2 0 13 0 2 1 17 1 13 1 3 2 12 2 7 2 7 2 10 2 2 2 8 2 10 2 5 2 13 1 9 1 0 1 6 0 13 0 0 0 17 1 4 1 9 1 1 0 16 0 6 0 14 0 3 0 7 0 8 1 5 1 15 1 16 0 7 0 2 0 2 1 8 1 17 1 3 2 11 2 12 2 7 2 12 2 10 2 8 2 2 2 10 2 13 1 17 1 9 1 6 0 16 0 13 0 17 1 15 1 4 1 1 0 14 0 16 0</p>
        </triangles>
      </mesh>
    </geometry>
  </library_geometries>
  <library_controllers/>
  <library_visual_scenes>
    <visual_scene id="Scene" name="Scene">
      <node id="Camera" name="Camera" type="NODE">
        <matrix sid="transform">0.8708088 -0.05468372 0.4885711 4.04829 0.4916219 0.09684365 -0.865407 -15.53514 8.66177e-6 0.9937962 0.111216 3.94061 0 0 0 1</matrix>
        <instance_camera url="#Camera-camera"/>
      </node>
      <node id="Plane" name="Plane" type="NODE">
        <matrix sid="transform">0.04189266 3.492942 0 -3.757765 -3.492942 0.04189266 0 -3.33317 0 0 3.493193 2.409899 0 0 0 1</matrix>
        <instance_geometry url="#Plane-mesh" name="Plane">
          <bind_material>
            <technique_common>
              <instance_material symbol="Red-material" target="#Red-material"/>
              <instance_material symbol="Black-material" target="#Black-material"/>
              <instance_material symbol="Grey-material" target="#Grey-material"/>
              <instance_material symbol="Light_grey-material" target="#Light_grey-material"/>
              <instance_material symbol="Reifen-material" target="#Reifen-material"/>
              <instance_material symbol="Felge-material" target="#Felge-material"/>
              <instance_material symbol="Lampe_Vorne-material" target="#Lampe_Vorne-material"/>
              <instance_material symbol="window-material" target="#window-material"/>
              <instance_material symbol="Lampe_Hinten-material" target="#Lampe_Hinten-material"/>
            </technique_common>
          </bind_material>
        </instance_geometry>
      </node>
      <node id="Plane_001" name="Plane_001" type="NODE">
        <matrix sid="transform">-4.08789 5.994557 3.92582 7.508305 -7.154406 -3.66771 -1.849327 -1.962848 0.4015749 -4.320973 7.016092 16.74292 0 0 0 1</matrix>
        <instance_geometry url="#Plane_001-mesh" name="Plane_001">
          <bind_material>
            <technique_common>
              <instance_material symbol="Emission_Sky-material" target="#Emission_Sky-material"/>
            </technique_common>
          </bind_material>
        </instance_geometry>
      </node>
      <node id="Plane_002" name="Plane_002" type="NODE">
        <matrix sid="transform">-4.08789 1.53887 6.998476 12.8905 -7.154406 -1.328058 -3.886949 -5.25589 0.4015749 -7.995359 1.992636 12.86335 0 0 0 1</matrix>
        <instance_geometry url="#Plane_002-mesh" name="Plane_002">
          <bind_material>
            <technique_common>
              <instance_material symbol="Emission_Sky-material" target="#Emission_Sky-material"/>
            </technique_common>
          </bind_material>
        </instance_geometry>
      </node>
      <node id="Plane_003" name="Plane_003" type="NODE">
        <matrix sid="transform">14.79438 0 0 -4.504589 0 56.82595 0 -0.3246671 0 0 14.79438 0 0 0 0 1</matrix>
        <instance_geometry url="#Plane_003-mesh" name="Plane_003">
          <bind_material>
            <technique_common>
              <instance_material symbol="Hintergrund-material" target="#Hintergrund-material"/>
            </technique_common>
          </bind_material>
        </instance_geometry>
      </node>
    </visual_scene>
  </library_visual_scenes>
  <scene>
    <instance_visual_scene url="#Scene"/>
  </scene>
</COLLADA>